0,1,2
-1.2429198372662595,-0.6839008738346126,0.876492481387844
0.4083974438541069,0.7676401498887644,-0.1728722339277828
-1.1808144181829483,0.5078273077801404,2.105165554988218
1.9750352511814773,2.0881398926467813,-0.49115813919308177
-2.2911767955421687,-0.9190818769456708,-0.6032218391906686
-1.1017841758990972,-0.4240252052874363,-0.35115712052785586
-2.225352128903983,-1.41689068168931,1.2612501316463791
-0.5275287159652692,1.0384337997524398,-0.5776244083037542
-0.4267260016843043,1.298295631993283,1.1119848386279665
2.4405135841903283,-0.3078576270892591,0.2440681419028985
-1.398551673864746,0.05547076937928901,-0.23544996003418817
2.729860964893633,-0.887042299845233,-0.35159009771968186
-1.4497445065507941,0.5851771900744795,0.25259050501376457
-1.2951264746239615,0.25591814705076393,-0.8405647960000497
0.37836260930940535,0.6347003658680631,1.467337677650986
1.1315268778301504,-0.6286657547575073,-0.1462983455413379
-1.7357506055920984,-0.9179891098366642,-1.2676232265561342
0.5034220823705678,0.039714006120473516,-1.3456139095522683
2.2118883981978397,-0.6394750598495408,-1.3980507370084299
-0.35312854926922366,1.4203930937447526,-0.810331079725678
0.7097215361779655,-1.6470462543734379,-0.9747022270808735
-1.7121211689995268,1.3150701541203964,0.2911029040962255
-0.7565036090936448,0.6855666602208752,3.645648405495962e-05
-0.23129239737596424,0.16543415814879248,0.3219455364636637
-0.6630260003831041,0.2665135964457583,-1.6877148260732813
1.0239036758975077,1.7613086619688465,1.7118053837320502
-0.6450711402987795,1.6442230749431288,1.04021954919434
-1.104223094067185,0.16160085808748026,0.7945903336908985
-1.7257583647422896,0.7155424680691312,1.1903060723607248
0.10917845521671907,-0.519700201772916,-1.4980790940238211
-0.9232853304275513,0.6944197395736648,1.6436588836249117
-1.1209485272414916,0.3626221772036692,-0.5125059035101533
-2.0185827930821607,0.057451072857938275,-0.2156406437349828
1.416405015709886,0.322646220644181,-0.951521617649426
-0.8644562064472,0.9658573955689941,1.7968934590416712
0.15900022088313648,-1.563421171839942,-0.9596773835284952
0.3983927959597739,-0.9002937318301768,0.7733428098677638
-0.18360468957304427,0.24498011058743685,1.1954197531222055
-0.9796317415864804,-0.8078522922301159,0.24101409624599884
-0.49068418336563197,0.4181540231415769,0.07065485370544299
0.11028433648329873,0.21266740890145844,0.7562733827668899
0.20961559568391788,0.021487145913943354,0.5201485241234014
1.3416533346399686,1.4274893530073005,-1.2714521969152868
-0.07080045207147585,-0.2179180720024007,0.27479982661923463
0.9527216019842195,-0.36868366295739174,0.76186232690632
-0.5168427602635927,0.26463634540628006,0.6134056012916318
-1.4671981783726618,0.3069497878378465,0.6038387265035328
-0.35251011854333747,0.12776063155790343,0.4389480053154467
1.039406412972421,0.8742836049307848,0.2710937217329184
1.0455991016715824,-1.4118965170684565,-0.402146776650916
3.0341418841336547,-0.9911459984095368,0.8686958615653212
-1.3833253796101288,-0.84552512782124,1.292316716298401
0.34732024014513646,1.0039098415083834,-0.7677625131489642
-0.7797183657117754,1.0492752122013524,0.6684894436568033
1.4898824652494194,0.3895282286880038,-0.19260995986150742
-0.2484110750120695,-0.49817916769373743,0.4957603653024999
0.2395114192914761,1.3018997821481944,0.12358857517701334
-1.981177930497834,0.5538401642247712,0.5783656190789922
0.5489728260763613,0.3602847518337527,-0.42063888604088406
-0.04655527907582394,1.0203138217662613,-0.2710570891125273
-1.4003664412987713,-2.125732405294855,0.9020665516045018
1.9272011914790843,-0.6585550181464838,0.38496257037382325
-1.1611673129659335,0.6799566510496247,0.43118262952922537
0.6547244297758776,0.6522696221387735,0.5892789835003512
1.8602703672892147,0.12306508921868664,-0.24761482928895143
-0.676885915077988,-0.16175888419621706,-0.17311895326741242
0.6708107973284959,-1.8790399634662658,2.2152578064476365
0.0239170322899872,-1.0549668521377882,-0.8713078511047193
1.1453403386028038,-2.7357265902503616,1.458072693120209
1.0629197481482613,0.34051983669293645,0.9500992226451425
-1.5450334567544504,0.10400598079137718,1.9365428329866246
0.17068607563215454,0.28467330411149677,-1.440522762741879
0.864253345755682,0.23073558294323482,0.26314650048180355
0.5732524217378829,0.3307834525507883,-1.5607567738922377
0.04684763028379214,0.12351011173237206,-0.7905160359958718
0.09100539654581417,-1.0894317538783136,0.7987087153105547
-1.730939912017586,0.5705137987839326,-0.8231891080895064
-1.6545066124394805,-1.4006468064590911,-1.1106355854027996
1.1337866430506776,-0.5513217245709322,-0.4331671680269841
-0.4497008398155503,-0.36852706000815527,0.7608738052738281
-0.19444875294544484,-1.302667094788865,-0.0390347894761829
1.296194895210116,-0.4441361041755308,0.5458210672400361
0.0727801996419707,-0.35715172536524187,0.09954231677372727
0.18175525092450498,-0.7359998737293106,-0.3944066121889247
0.16796124717315905,1.200927968983408,0.33980024044779905
-1.2028155399639018,1.449393103509957,-0.9651623965604097
0.19951115419058815,1.1595453662040263,1.4552693225770401
1.732412710596575,-0.6295609837364733,0.019740963115123262
-0.5731772765030411,0.3741052087981506,0.5533538639614864
0.46783732767845737,-0.2936615838661456,0.5015733757534221
-0.1355328987672399,1.4513926057816826,1.1952324850028975
-0.01956773879658441,-0.12082284576177964,1.3530090093961735
0.8055788826806136,-0.9956075732223517,1.6249945775804526
0.1131654125047014,-0.6930934712474391,1.188270537997657
-0.3887263764970667,-1.0114755774694355,-1.54816548774936
-0.9258699358899651,-1.369535832153943,-2.157894294054126
-1.7580087147205945,-1.6399490067930942,-1.8562654844753663
-0.21978680337752804,1.3626010076682997,-0.575878791971115
-0.7178596367954072,2.1811917156829415,-0.1937494649704856
-0.0694350472695384,1.1918650559222181,-0.4392479403038067
0.09589419418616142,-1.4866233908019777,0.4367549306865935
1.5459034176061197,-0.8401942752875835,1.935891751341716
1.2394535055574825,0.8597316910043702,0.26113757013092725
-0.9996543417243684,-1.0676632573457676,-0.7637112677486987
0.6060623489353638,0.5507735273011545,0.9809071193607097
-0.652303891897091,-2.0929102396003203,-0.621297856873824
-1.4364344076837423,-1.293634300827853,0.4275399387354709
-0.689230325082394,0.7970031094235194,1.723386062159928
0.3222862505723143,1.9204140053993968,1.101882929235527
-0.602108427764769,0.24815552094449297,-0.013513247435122076
0.4673310113132218,0.11018173477568341,1.8386542634495004
0.500621821728426,-0.5830681912533429,0.025841989683978463
0.05658850043465484,-0.812543228198709,0.17603117526527187
0.541357737382745,-0.050615061073918347,2.185486620727969
-0.33743163002337273,-0.06335645706459186,2.8220874333446777
-0.5227879489256078,-1.250143319109666,-0.8177718170333005
0.08611631513625631,0.5523877998863469,0.6006566186452189
-1.169220373380413,-0.33113597396257954,1.237752165638068
0.49352709280851426,-0.3993233248448584,1.3205706380703404
0.6999299396669257,0.8982966872537743,0.7617109139128594
0.46508452153291996,-1.4892961658966637,-0.6858598972152427
0.620776669012658,-0.3036882020590492,-0.2830645403131337
-1.0474194491027515,0.6102811196940674,0.7198484637821452
0.29375044385154375,0.22093355673437196,-0.9317117772783747
0.8515766605573178,0.3659308896031104,-1.9950435677220468
1.7160227441358573,0.9532427074434775,0.9460368843591197
-0.5645459296891957,0.5662244735362549,-0.04030824567713236
-0.027681020316797193,-0.28305162793117294,-0.3070816585241122
-0.7591954481777013,1.3574910632320347,-0.9098915933559241
1.8183440308748449,-0.43783885201672723,-0.14189271921061658
-0.8793781251420847,-0.8197027299290249,0.4157021045812116
-1.325977057152156,-0.011805229852841192,-0.6018818397077926
0.9608059017702713,0.686812316787939,0.5216644439027852
-2.083062724151899,0.24452198015196813,-0.4682710959625861
-0.6304894588541886,-0.3661994397334652,1.0811375816303888
1.262094780106821,1.063229263284082,-2.0564820640373656
0.09927660703776581,0.4022517879302416,0.717867490221269
0.6968150601559576,-2.306069463833121,1.4041535458485919
1.0108951736539158,0.11224482722916478,1.0596608370700067
-0.4430326510313629,0.23660792401892286,1.7508193424841727
1.9457745864751048,0.049839187406971304,0.10938792494889185
0.1662243929967679,0.44435644679943975,0.5217689960605735
1.3942285368371314,1.02122944308326,0.2500179110839615
1.471007899671977,-0.8904916064761476,2.4431055239984882
-1.2610670677499503,0.06140460678829028,0.10937215534368695
-0.2647576469484451,-0.320163962256631,2.7563652175144107
-0.5648137426726738,2.2616810533116594,0.07645830834989238
-2.1497289751467603,-0.6603922282965516,0.31397728420022253
1.961508888758066,1.0102423713673623,-0.9913776328965339
1.4673559123230342,-1.0719498468519513,-1.2274630840502416
0.8468732650083001,-0.05299289718790182,-1.185793248554741
1.2472925777179271,0.854908308526846,-1.7566577371331722
-1.8613449073870398,-1.4612855034203143,-0.14959483524696662
0.40707878828820565,-0.5983466761552262,0.549747199242856
-0.13874748910926687,0.9179967579130087,1.705574573958157
0.22275850284287885,1.2488622211176827,1.7880080256981687
-1.2312008636062366,1.836307471385599,-1.2023697962395632
-0.7832416371209,0.28312597463422784,-0.8361125879720895
0.61558456451189,-0.5530383151010053,0.44076235844516254
-0.9364384536377421,-0.7463072027810786,0.19182327549892422
0.406288492824485,0.7371228155344136,1.8948818969046504
-0.2058596828156389,2.0509865367800693,-0.20326380260123716
0.7346451056406248,0.9327084423662332,-0.05597086289145078
0.18952425223055805,1.3374030993952255,0.18633930882896757
0.8542509843565228,-0.3640086222664436,0.7554814246244076
0.09506780971627792,-0.465991408682895,0.7882709393412436
-1.6143700242809895,-1.8680670767277807,-0.7398791715735774
0.09258627238847927,0.8582879187349942,-1.3886795843526298
0.6454655016452843,1.3728236365414652,0.4150733006040311
-0.9527686102237614,-0.2714481178064297,-1.089528213801452
0.7942741255461553,-1.4850739705615623,-0.15672499886914276
0.4304963765541074,-1.9226185605948185,1.9180781718761477
0.8804221358105706,-1.6404412184672579,0.9465487135359635
1.5091549758633438,-0.4326097475775107,-0.22269337449305956
-0.48662719109567787,-1.9849054624467621,-0.449850544496772
-0.5650885823800279,-1.606303850771032,-1.2498906993428083
2.260052586305021,-1.5880759353347378,-1.1141701256251495
2.1006209620218095,0.32398156304638,1.6409948728450698
-0.2602033837275286,-0.09987840727873704,0.6146541389838832
-0.014455010809130451,-0.7961309823078677,0.272876219258258
-0.8560328868607273,-0.8884793547619079,-1.2932211066653563
-1.8470700987973423,0.6303539260192624,0.17563227522303618
0.9972530296963472,-1.474069254106724,0.5338014666697425
-0.18254764846833385,0.4748738174015277,1.819527765336836
-1.6853029199732534,-1.8610634940335709,0.1667468698468391
-1.1602592092418882,-1.538688219596686,-0.04537621467315399
-0.5900798163511412,-1.1985324553696106,0.051924593756155504
1.0057888599268967,-0.7729403663892793,-0.3237612135834888
2.102447630388822,0.23779242505073686,-1.421992276691521
-0.6239333006530532,0.2542013245167791,1.46205288383188
-0.07449944082179491,-0.5651449631973182,-0.563122610933165
-0.0027755863671567486,1.0485828445521526,0.3914919782019177
1.9597790352260263,-0.513711949345404,0.19588398714131375
0.17070502242706279,-1.3545933856186927,-2.537243655394827
-0.12610772812392598,0.5752011400073341,0.11451163164264644
-0.8132883082575925,-1.3197328466601044,0.8967621267578715
-0.13493775747125833,1.5509673999964606,-0.10399547435927062
0.5532233207857012,-2.2460370782465393,0.41791237529664754
1.1822514911412785,0.4489265449022823,-1.3550920106791635
-1.26874998089083,-1.6235406664283687,0.2796666856709737
-0.6270660483511741,0.9366293934410004,-0.18545516956111896
0.35986565932893155,0.52649298919154,-1.775742696773314
0.6342781290240986,-0.5835617873020887,-0.9167674600666299
0.2177315650988744,-0.28755250724205755,-1.4135293133454776
-0.9631612707037986,-0.8444944256274887,-1.1385210488920066
0.24831687262342297,2.2832337679271615,-0.03378131377250957
-0.9914155073511008,0.6148491104587488,-0.04527108526421227
-1.0873234005321613,0.6915891232127896,1.0535855641894951
0.6595790055022472,0.8638851711278331,0.3842152838106337
-1.804743983548707,-0.49527542551197956,0.22371631614059717
0.6166455313532142,-0.5075991880416723,0.6588165949671482
-1.3178528777978529,-0.1702705224611576,1.4331466754039865
-2.2890242016962477,-0.06772092347927701,0.42024731142698707
0.49610516548096584,0.7457708495794705,1.3022857353041863
0.5898196552211379,-0.6042458221340165,-0.9082257380138798
1.3069057195176297,-1.8185892452235648,0.33037108775184065
1.591831744284609,0.27126503893682885,-0.4008978769981657
-1.0888718364136067,-0.31376812639254076,0.011163828424717972
0.3666775673734469,-0.444173513829177,0.6167242817011267
0.35605006870864736,-0.5857606160527049,-1.5152111284213752
-0.39732748040172877,0.3979527132642259,0.42026115250356555
-0.08313072238063847,0.4379793286112367,-1.0175339944524648
-0.23471301304040817,-0.2698688623516356,-0.7707483117181105
-1.3268796564387333,-0.9075063329943314,1.4281968081384746
-0.45905281316050783,-0.021024261973996518,-0.4564902871720511
-0.10434669862620044,0.9757048137504059,-0.2880124673641194
-1.4271551057965166,-0.9551414710101723,1.0058858292136834
-0.9387157664507815,-1.0965245524694323,1.2633411405601456
1.1207398676543856,-0.11188051072311916,0.3289133284598061
0.29038842590429004,1.1280640103586215,-0.6048966710176918
-1.3307739703175832,0.4310637962057632,-0.3864034675502226
-1.4775136431640832,1.7621488870895758,1.7453552320166281
1.5509769744451094,0.8168815460255214,-0.941887297679972
-1.395648269388929,0.7672190586844344,0.6423840212463989
-0.34068177387435383,-1.1276808062297599,-0.5080850389460728
-0.49397253730992186,-0.07254533019982021,-1.5183513234056647
1.3485036198688167,0.7352518157065685,2.3680554042461575
1.304119900081368,0.5866317192936329,-0.5865665932893132
0.5212166216044832,0.23523764892391938,-2.231216166606799
-1.4831659584023895,-1.5532415649723879,-0.1401051852061337
0.5061459649291323,0.456259828126689,-1.2770995259727644
0.2784834566219105,1.0884975402605686,0.22040636451660536
0.07415894082595627,1.9496596387850214,-0.037488740167857144
-1.3319411794352103,0.4701911606744353,0.5038688367225653
0.6281516509065855,-0.06482345589682771,-0.3214461881657242
0.28900572873123664,-0.6678358898270301,1.3603367119418477
-0.20471828185387494,-0.42674035366336077,-0.22167664285677355
1.6642474668429117,-0.4000139634520712,0.6565075736708348
-1.048600830566254,-1.6231641353988266,-0.9203825858722761
-0.6428533874670077,0.39584717955337423,-0.9068145778122763
-0.6671553310368479,-0.4920964395130701,-0.26801444777246813
-1.1143962888392198,-2.361564484552281,-0.05402649142136426
0.7033935586560369,-1.1543379194640764,0.7203651068212641
1.8886630528758421,-0.5764731463425469,-0.020279049262527896
0.018586761917203175,-0.5509539479413215,-0.39274308308086897
1.1498409456843155,1.5958812945872443,1.5707321381296442
-0.5999547006364887,0.14984003086339506,0.2830502780608752
-0.8187519735004378,-0.845831753797232,-0.39248232521432336
0.20415436937652137,-0.9114164092791952,-0.0780869444653433
-0.2390790668962823,-0.3397616931861589,0.8764932282963398
1.38711551930737,0.14441002604408773,-0.41507621087869684
-0.92393760896363,0.46841564223792537,-1.6727131759689247
0.09716075975702934,1.4964220279266425,-1.6003664561454065
1.0287435572358148,-1.8400316834056631,-0.4986417012418844
1.3896651283759822,1.243493132299742,-0.235490751728819
0.044218400310558945,-0.37531160980150774,-1.2894192958077946
-0.10800740335622357,-0.1758368699878679,-0.6742554771199487
-0.3730571040671498,-0.6565355090233336,1.1646225610587848
-0.7755789171317264,-1.5486414951514114,-0.6179963509630648
-0.3903530374141919,-0.4123796249884994,-2.286412484921628
0.12851905469863492,-1.1722835588222502,0.6503675376850874
-0.8898319749288742,-1.2396487008905939,1.669230082592193
0.11555953956760423,0.7518831962079416,0.9361339411941733
-0.9881142771701696,0.8872898871944864,-0.34856828951567015
-0.3774475374596519,-0.22628985252898193,-0.9880363018177202
1.8528609256772777,1.650652509938164,-0.05784758178139375
1.7961888365004421,-1.7128798391472313,1.3309654793944454
-0.17801864705977943,-1.271578092995957,-1.3340028164828797
-0.4578958603718362,-0.1535537734339128,-0.7279598641384943
0.16108093345254315,-1.2031028168816857,1.6622302234469222
-1.2167764906892822,-0.20223118743119672,-0.9032637103968435
-0.38981695661583443,-0.5151040750444892,-0.19385657995247338
-1.339333444322588,-0.7655654405245101,1.1483182447501266
1.247924166227644,-0.4438659942744571,-0.14341855483096766
1.5339467886573503,-0.7670284587462439,-0.04048493487838485
0.786204513807738,0.19069886670177094,-2.023978465354864
1.3366458441847575,-0.8067170697057181,-0.007512001736685958
-0.44744229973224464,1.1046368436052623,-0.0019062876298184947
0.02001135083078262,-0.4958273429581998,-0.5037442819308567
2.158249289514196,0.965470814216668,-0.6688591909246182
0.7551903584287912,-0.8015026544471848,-0.01697180857629581
1.3741495076994232,0.4606014567072029,-1.194917339582437
-1.5662296786281868,0.5430396642456229,-0.6713557938917731
-1.3385517265146833,0.25891953311299165,-0.33957325457106896
-1.0525063212814982,-0.47795516132665183,0.2942643810446472
-0.11538781479526895,2.907471747655367,-1.5076917215733867
1.5735507574827936,0.3424845256139027,0.8282182671070806
-0.44162235101569375,-2.0004981515457962,-0.5357827519762804
-1.7452884084861582,0.9356265644428285,0.6708713833623248
1.2457817074731172,-1.4272912890273957,-0.25092753774476206
0.02734411880154494,-1.7805525317291533,0.17767879541606382
-0.6114651931244074,-0.6081761174371674,-1.754718627335403
1.1425075213674625,-1.7092702497563834,-0.48930823996299677
-0.7769025492152885,-0.8945587095993653,-0.8811653674058679
0.1470366117350958,1.3944467176642623,0.7997813179844707
-0.9233506358018665,1.1980977808667463,-0.3327994838801676
-1.4451535958798862,2.02507700772881,0.9453086113177717
0.35170997750188576,0.29940635457281456,-0.4915147840034166
-0.5786208339253313,1.0345154340039906,0.8041659448916894
0.2678800639521694,0.9050410505993361,0.35442936033641714
1.2204040230393804,-1.2921908494260026,0.1472184382080504
-0.43353996796763167,-0.7573084554115231,0.7918682225151585
1.3095926041023103,-1.9986723374329107,0.9932628547647231
1.4391256586991936,0.3091587164403659,-0.9493142898683761
-1.0351477049104938,0.5700757248136087,0.4827396869291833
0.880116376623515,1.6891214042659861,0.24920632023829253
2.072495045202504,0.2960714352255818,-0.9569165094476921
-0.5980072829916097,1.1335859295173107,-0.394581642645495
0.5020737712883111,1.2903429661532921,0.867286393284258
0.7599351542791333,-0.8618200536354979,-0.7134545213962328
-1.6832465175220888,-1.0174203814435976,-0.0983132447134456
0.784789897000028,0.18919679035382397,-0.01686070661042253
0.9743893388884562,0.3782958784407341,-0.7474630807387765
-0.3865170372029736,-0.4254072261646506,-1.3055993006037572
0.9808473555266642,-0.21762701271294446,-1.6479713265993874
1.5093117938283553,-2.318088739119954,0.1737582446970555
-0.9899983171949976,-1.2432018468443882,0.3236930476002204
1.6874127072087175,-0.6741805034102488,-1.8985157729688427
1.4134736461752844,0.9993759885989649,0.3962585495770792
1.1066033224980014,1.4465855503962797,1.4477569705945341
1.5348973209938324,0.2762008882668777,0.17309093788593283
1.634466810804294,-0.001136202856643301,0.9465680125661846
-0.37295903117332496,-0.936969167471825,0.871768307046814
-2.1867827551632444,-0.3541594741630364,1.0004981434595608
0.17681480260452526,0.3716429833009351,1.2277691363467482
0.5492640416319955,-1.3796012343081503,0.6861562344494033
-1.1116695088375206,-0.19559943131875104,1.487662326186942
0.8273605577953606,-1.7550674110405446,0.31319383341640333
0.7068561370347947,1.0417872525379,-0.9997910317348689
-0.02287689975339523,1.290339754318712,-0.22108850334171776
-0.5469773253806746,-1.498882674441643,-0.8514624218974672
0.4775159011743726,-0.23917123530218232,-0.4940173011814824
-1.750593457774379,-0.800102774345935,1.1152175282974182
0.5645037354632808,0.04467936764377145,-0.03512763483389718
-1.0349764041111635,-0.41345915917454323,0.11657835913889501
1.2663288891701268,-0.829136327157708,-0.6039262938379205
0.4495439861473614,-0.7400700961884945,1.119857276812236
-0.38453126679189314,-1.7869587613149105,-0.1974710373916679
-1.1494643319233677,0.1698798495852604,0.4075768646460001
0.7987209098355442,-0.09715708809676919,-0.6450537260644206
1.2081685257602264,1.1596278558858373,1.8518423611706272
-1.6487603818917576,-0.8764931140095678,-0.6486032678050464
-0.15137219874478935,2.2567055049537452,0.6321737661128661
1.082676060268008,0.7290435255813539,-0.7864689062112971
0.025888907403944488,1.3457528055908892,-0.4980230990933175
-0.204698604971134,-0.5235119940328224,1.065699104668918
1.8558315480941139,1.4446574461470192,-0.8172307361371026
1.211440844986148,0.9156519613724566,0.8654315534651732
0.44606175921523056,0.960973407835354,0.619925579167341
0.4245584819724049,1.9740212474834091,-0.13922185393917996
1.0119059218997084,1.2004934618641423,2.48973128357408
-1.8991301187129555,1.1327508158437753,0.6556900260135935
-0.5690489076527413,-0.10854479276363778,0.9378385402409352
0.3543748067719305,2.1763726214752577,0.9206204221615566
-0.819913592564616,0.7946942933602619,0.7310450231216802
2.396286357638948,-0.9836272778104268,0.136429520936052
1.7274219180118011,1.6719032224192985,-1.3810539716251524
-0.9595110803731417,0.7898538883672539,0.7874252695902321
1.15567591773455,-0.4523598061617586,1.3261442151128728
0.998001182970591,2.1366440224150045,-0.14082145835561685
-0.40393930069325,-1.1016311224960558,0.35757505840957987
-1.7945484578839008,1.1751354681521273,-0.31653671983612497
1.6561814013993426,0.9632695891447517,-0.273952144393505
-1.3018418957536249,0.6388971702961916,-0.3589142529642352
-1.1160462944376617,-0.5455762166812662,1.1530602205648959
0.04085320099470327,0.8923647818273741,0.43805496959381657
1.1634321745534217,-0.045114820866612566,0.16514620424338466
-0.8901799177127676,0.8125354002472215,-0.5324543988862696
-1.6405952575269156,-1.168243874360737,-1.367939083114463
1.2911810128822432,0.5747607497992789,0.6037865625726541
1.135433361915986,0.5032860652254204,0.7063203243077631
0.05048455636467044,0.6382650375437996,-1.0127220940877668
-0.37442333253946963,-1.3724585128345732,-0.23887548218713714
-0.2813040240881394,0.02624703735317422,-0.69362752405955
0.15191082870166933,0.5423054667849323,0.3003136540499644
1.1867269734065058,-1.0256447627000347,-1.3423648167697662
0.06307863361516458,0.45213070941994166,1.423878321543684
0.45575117526681874,-0.4025563726427868,-0.3973388088600628
0.16113959682281137,1.219385008249678,0.11215520180415786
-0.14797346904135023,-0.2989719838397749,0.5032850840131147
-2.7790860855020174,-0.2960319112802048,0.5922793577106858
1.795411187480348,-1.2158537668360265,-0.8587456178085914
0.49170225236938336,1.5402528600816354,0.1890496582564609
-1.9909119400391508,0.48238788938631094,0.3302372610632014
-0.5177449684981692,0.07858582065284964,-0.1451629004602587
-0.16275937645021885,0.6624460004272547,-1.158429464560435
0.7226679808613586,0.5948687804547104,-0.8797398170780095
-0.8889976818534734,0.07798577104281845,0.2622468743950051
-0.46884668185495026,0.6408310533624803,1.2548239431608936
-0.753875943246696,-1.0715402998357588,-0.44090209253200213
-1.0370418792971057,-0.16560970276915105,-0.4917626139666529
0.4836841356333345,0.661947553892573,-1.182323636193896
0.21131112904090307,-0.9706117383880918,0.27437016939511627
-1.83864270078475,-0.8545628010379593,-1.5512322226071864
1.9301689039764258,-1.8444320972861967,-1.0413869547027292
-0.5458849498523582,0.9775624611213634,-1.1449780674322392
0.8337783133018136,0.5624012416775808,2.3174979126347646
-1.4163640790509608,-1.2788990594287046,-0.434617467306295
-1.6422026259365867,-0.19376326248213344,-0.56190469260765
-0.2124302822347411,0.49767198530201784,-0.7468528006289982
0.4311675898177795,-0.4695758514178782,-1.399457188992848
1.9790332801006998,1.090097217854593,-0.7676974676750637
-0.8393723504570213,0.05166948711909098,0.7531245566385701
0.29873620145312657,-0.8491780602476038,-1.474820474867611
-0.7293816975922649,-0.5148770423889806,0.9917696219620982
0.03734986536290864,-1.64540499869199,-0.606070510947473
0.03553641085056773,1.3481729901715223,-1.1724271127993227
-2.2568024442349883,-1.1123248272330635,-0.7634881097019807
0.09693788312571032,0.7599181898995391,1.2856546887534492
1.9770611105210338,-0.39598830369452176,1.5486749910238835
0.32266215445256335,1.0664369231165927,1.2150643970616806
-1.6425529577469105,-0.5892045977203261,-0.3279728381486323
-1.1395871308672447,0.7906069829579886,-0.745643133607636
-0.5395875856832982,-0.08108769484896595,0.41461495665212017
0.49931500991247796,0.5565810060979829,-0.016770328614891843
2.0177337107245723,0.596091445446046,0.3485174465911021
0.9134007094352803,-0.20353150967813874,-1.3670457332260066
-1.3613966357238805,-2.178206574233589,0.3325047696169862
-0.2129901219968733,-0.9222110309076891,0.5027179229810267
1.9086198451652936,-0.7599365750374086,-0.12900502164176053
0.4539127083490224,1.1992100507920602,-0.9071663070121638
0.3347272488130823,-0.16492906667221313,0.7522404461129555
1.083683489670274,2.4435684049479254,1.6222865458873255
-0.4645023232326033,-0.03539680659733161,-1.1984778620266077
0.7917091343229588,-1.5755540909748538,0.9754813668781066
-0.6750518057548004,-1.4184884110587186,0.9703242148049702
-0.22416006409499975,-0.31855110027844186,-0.5797903651127687
-1.009773035981884,0.2538717200753357,0.3248913104273637
0.5313771927571677,-1.2217292684737173,1.0260870095720926
-0.8904178416576685,-0.7278740959753216,-1.3454379741864968
0.9663537389321937,-2.1119942807399235,0.6322182326577838
-0.4130805310842502,-0.3792788078758018,-0.5308515612510314
-0.6855279839182988,-0.24400323323536,-2.270870785729644
-0.1616743746045511,1.6455163751250828,0.04886186216058695
-1.286606692030782,-0.5432588245228166,-1.1144550827127004
0.8095994516637646,0.6796697222681204,-1.0114739568843074
-0.7226447153693928,-0.5418360511408209,-0.0030438094074196564
0.26225181776852746,-1.3512768874260936,0.01170623279291805
-1.1090073173976307,2.139664686697833,-0.2733842471814256
-1.762837593298019,0.2729614558512704,-0.8971266887375127
-0.5174705458440332,-0.2858293918936222,1.8912411687797073
1.191514228730505,-0.588761973744286,1.367167215312801
-0.19723412884567082,0.9871808279650802,-0.6911251177665062
0.8986011941102822,-0.5301894943503548,0.7849163328816213
-0.16656881340131743,-0.09495850724647638,-2.20630764655814
0.23090163337137914,0.384223312724139,1.6310894971426235
0.32416594217481015,1.0913655831404558,0.02487438657551119
0.6371927602000038,-1.845765638069338,-0.03177886845673042
0.9592056716040368,-0.7823789058946728,-0.7277789234888667
-0.5098438858026554,-2.6394496112138452,1.071436166495884
-0.6119072722022616,-2.45878129331316,-0.6868994482633706
0.9504852899146489,-0.20461456813608797,-0.9118628690862508
-0.2671176235259338,2.879693450220268,-0.7262390155502304
-0.1358525165566407,0.04395582761990901,-0.7069586799677011
0.06365955843885233,0.03415511561059459,-0.8733500754525275
-1.473787500114396,-0.5426643123362306,1.561234707988881
1.7103162423982599,0.35165116957353143,-1.575746789404476
-0.5219646518202835,-0.771825225670507,0.36742065484893244
-0.1409435026411623,-0.2923294061406582,0.3702635102117424
-1.516765281678184,0.5868501114702743,-0.036319704928771554
0.826240967023352,-0.2161407183424723,-0.09204271518952926
1.028447805771169,-1.0151373796959762,-1.1029595445624036
-0.7458789997912123,-0.16094435948925723,-1.4234490247377827
-0.9631799666606953,1.7998675002991664,-0.7538615996796098
-0.024164048022394725,-0.6828526603820191,-1.8856689131945628
0.497852894473701,-1.363136180149998,0.24108267167397646
1.6291023226739532,0.762815327205084,0.60616731874207
-0.2864097039180429,-0.06071791626260263,1.4920302019550324
0.32105901333667425,-2.0799903997408014,-1.5865322210105541
-0.7568282451256118,0.8097410454866785,-5.127819021610366e-05
-0.4114661797897163,0.7126514528937736,0.3385985630185161
-1.7835404561385766,0.6911549479382443,-0.8709589730426905
0.26442458623680754,0.6192041782179405,-0.33750749039274835
-0.4608698527458828,1.351914442290547,-1.9649214783197384
-1.320569513849477,-0.9997073212633398,0.19617604095933258
0.35798617409942957,-0.547462206274622,-1.3811156230303403
0.442793256283188,0.6853821938305193,1.9679882275946672
0.8561733589060397,0.5741524065599203,0.46130201340138083
1.0117733319589162,1.8216419564155353,1.3420611819287191
1.925449564627048,0.9648615638869301,-0.6753637256114897
3.0246417830457317,0.7454217949428008,-0.3386360818883917
-0.3024680042643485,-0.9557001240047519,0.2612580533941264
-0.26374878560306675,0.49753545959079065,-0.060408768092734245
0.8473156603535159,0.28978586966044945,-0.8365824187013229
-1.1718812598216484,-0.8883051989043154,0.5749316163632535
1.652153828453436,-0.2627457581535497,-1.3447782792830092
-1.8545652110549835,0.2762292664385267,0.4576241687285002
-0.6642768196592839,-1.0241503088687314,0.8039089038314511
-2.2016281718068047,-1.8659546813117853,0.3015966888493946
0.17341010434019735,1.4346974146128957,0.0921668679357509
-1.1014361980779352,-1.170230024582751,-0.2781932741816248
-0.16505078521498628,-0.22667388314712844,-1.1115760126196952
0.7509805246867616,-0.8001491610299539,0.7976335825168559
-1.3439165155508188,-0.04172180404745738,0.7700406778659448
-0.6676196969003898,0.8075014660634672,1.049050711318023
0.7065906487154605,1.7560578808780627,1.6811369525946913
-0.17023184758059198,-0.6181994849550463,1.3581163009220238
-1.4971295625659495,0.6275925511267719,-1.4861334194872533
-0.32420143387702244,-0.5473283162907122,-2.449537689022828
0.2688711837374986,-0.7961594788902439,0.9217331741965715
-1.1832245742639307,0.008227844375881456,0.6086271451243959
1.0838409861627323,0.4916140227334463,1.807830035294165
-0.7178709768228614,0.6246320266935433,1.0127729497678408
-0.9720571483436438,0.5593211341940274,-0.18082185936511108
-0.9008071113246648,-0.6656494699812215,-0.2489871412564039
0.8576972181320892,0.5307536121767644,-1.4002481724739908
-1.948924550218897,0.21641347415940265,-0.5547996081127462
-0.3944452950977859,-0.34704968745476455,-1.6362749667508232
-0.41065579461950275,-0.7146844900658802,0.6539550918700403
-0.43612236357294787,0.6547346416336787,-1.1045584194460534
-0.19075206822447613,0.16692386641855014,-1.154471998267711
-0.7868220404184245,-0.8219309577760042,-1.337751422305222
-1.1216224580409504,-0.528580637685449,-0.14195040675166765
-1.962879307581354,-1.8011663599523149,1.9890759288662392
1.1163380316387426,0.5143208645074013,-1.1092838505717917
-1.450966906107412,-1.5604777385106778,0.6875627612583164
-0.6665476397892615,0.23770855555812875,1.906300773007152
-0.27583474250827456,0.5451610288143216,0.34309272562073645
0.6647286730891614,-1.720849846167845,0.9340917592290826
-0.9116017063590505,0.20240543864029908,0.6123717639398186
0.09134858882442219,-0.2689675705142246,-0.8712792419941684
0.9768875135077747,0.24383786056847478,0.37107135897453347
0.30590992471017275,0.716117398066432,0.32999171277603745
1.0961925558743384,0.4918555873464298,0.9257900540629853
-0.9760465468138887,1.173517196590147,-0.24436226721814508
-1.5209380288237395,-0.2578650162201596,-0.564789663364666
-0.4169319989559454,-0.284053507458168,0.03286935830499969
0.15605404712312515,0.08339296209239634,-0.670518673596867
1.1976331477270201,-0.5023269936392148,-0.6348412600045823
-1.0158709755992787,1.5184990565942207,0.7878693360705726
-0.3619144379990476,-1.208693407663318,-0.5580606539058638
-0.6530918116914847,0.45104297111147557,2.339248493859097
-0.2912653149045311,-0.36706199303710024,0.46795555389587545
0.5130927823615071,-0.8763771908297496,1.5777520619566348
-1.1665140374082805,-0.3433249960618483,-0.8865074138153518
0.7000982612970779,1.5854167761532443,-0.2264202283150447
0.7611737529458383,-0.13592539698737333,-0.6864770219743664
-1.1250082231179448,0.46088072608301334,0.8304814886207367
-0.45839962076849233,-0.026818096412048006,-0.7381728640447334
-1.5329067286766367,0.9899703259702638,-1.2017354139409464
1.30609218063762,0.9427227374756803,-0.6285387434826372
0.5023590440996349,-1.2762497228369247,-0.8988177144430747
2.3996587914883527,-0.25260385511471656,-0.0734093846814767
-1.2657684443350612,0.9217333329885437,-0.6832234448374391
1.6899144531886556,0.2183886945767236,-0.5959494269206368
1.0611827377044907,0.39432601651987664,-1.7930850872367539
-1.0329348661815814,0.7329494590959068,-1.1934641736965095
-0.3357379746003219,0.9841530768729996,-0.06829792567184223
-0.2605861135032576,1.1086433910822413,0.23477067735547197
-0.40407405878686986,1.3912293474595745,0.39682558530977735
0.5996493704585636,-0.33077139530641664,0.6944255950689612
0.5696066677898676,-0.332635772552671,-0.27064328390942316
0.447358249960796,-0.26662399689789534,-0.4047794874793313
0.10262504670656576,-0.6274139270603694,-0.7056222840763231
2.029699516014614,-1.0144672571210611,0.5350599931595592
-0.015970104140512257,-0.3848791811013565,-0.5770628905296825
-0.2765448339089512,-1.7654932125628537,-2.529416142305686
1.184447361357282,-0.856048162048627,-0.5966859102417148
-0.02599247261148159,1.3277643158255998,0.11591660169097857
0.9356672702995422,0.16864422634926274,-0.17499336272498298
1.74162842667403,-0.5270731673446104,-0.6395198980214936
0.09499487255664736,-2.3953010810159268,-0.599494788943934
0.8766054922803447,1.6782114758716533,0.2743004543585372
1.289852616250211,-0.29154525582577406,2.336254538279442
-0.6474310525391556,0.5579750330667924,0.2516890100613346
-1.3109885566154411,1.2130355848526888,1.1085264067498752
0.8668041730966577,-0.42931223504896243,-0.5519368714138525
0.9098103092098623,-0.5514743391014905,1.1856059882244083
0.2602791311054112,-0.6448570637820509,-1.783736172386688
-1.7111029212703623,0.7678513036232771,-0.10406721883616159
-1.2652918779592115,-0.03381651967470407,-0.2878891804830382
0.30302337175094035,0.455696336683034,1.1627841644555057
1.4081298095185208,-1.2617408765835267,0.4017383900719732
0.3780724704276186,-0.7939669929828814,0.46236225384035523
0.9513741524408517,-0.6927255049985205,0.23378632430778676
0.3658240501602609,-0.4658095933619257,0.0842694762897361
-1.198435593393863,-1.252427189501838,-0.9360656307498894
-0.3493885248886174,-0.715289990513824,0.5491834383590761
1.562657366396996,0.6465630062170927,0.781633589111311
-0.7723998854634296,-0.5668917324899825,0.09247584692025686
1.250288141209841,0.22142369514796031,-0.6498591981929479
-0.7896500714314334,-0.17958863679883083,0.6107239582058663
1.383330932156278,1.5547356644795804,-0.21554821738459895
0.3714541595460345,-1.8450967520250348,-0.33821080881355
0.0068380809609530115,1.3426107561530345,0.5829272423627974
0.5547500730276328,-1.0881287697569089,0.6927202997511692
-0.03254069405944346,-1.5857325409492007,-1.5899558311170274
-1.9685770767221746,1.0579422299009207,0.006498472623399101
-0.4709384684768599,-1.6173427603404567,0.32796232444977486
0.1440659004120531,1.3575389869341234,-0.053207322015700304
-1.3790131548409215,0.4270516679325835,0.4582886802392855
-0.20400401878203386,-0.5623002642689977,0.1265173839138462
1.6413195255451014,0.1251549223547961,-1.1152802376554154
1.4216193759292115,-0.8305791746053381,1.124212746693348
-0.7492725162903128,-0.6844591774572867,-0.11246826283203162
0.8312034035314313,0.16541256446130934,-1.1980662641503275
-0.8913871277764092,-1.7650446201606036,-1.0877038856972683
1.151159048446775,0.013163898964209752,1.2518887365812272
-0.7432105617806342,-0.5450531675425528,1.1046652255917022
-1.1918667749910494,-1.4385084182657986,-0.3018538958426925
-0.9196777263993386,0.18715390536622212,-0.06829173368322496
0.8440526543748924,-1.3778906243271711,-0.36869195019336604
-0.578725558594379,-1.3296758267177162,0.6367571016250893
-0.7129460028248694,-1.1128676966000468,0.6311019813269921
-1.957576187918535,0.8150741379276643,0.6221737419942488
1.6359784685907794,0.49802625759606367,-0.03948283196129606
0.37636436488350367,-2.7016581848650336,-0.15718169461563314
1.0331435542513157,0.3528597744990739,-2.224830396085085
-0.6663942809817832,-0.6244708132604336,0.9825504196091085
1.2436278695566356,-0.10458689053525132,-0.9501010819109922
0.1337245515568134,0.4848014640281959,-0.7721689894131885
0.16985349798805036,-1.0833302733728138,-1.2538225809795542
2.2160417686652423,-0.3419796791187474,1.2014450585490744
0.3344017105354824,0.47777713242139214,0.22081000442543083
1.4862070322554612,0.34256598390909143,0.18274384329749546
-0.32817054571557946,-1.0256703225361083,-0.5596159418181089
0.5054666777434015,-1.243692536021566,-0.7953007613729377
1.2637397234576992,0.7250097170812982,0.3662992619599855
-0.8202199299390401,-1.8922524686051183,0.651967815203728
1.8482651011124382,-0.7077622604631235,0.8663903694427739
-0.7959612857348968,2.1642733312472147,0.2957405866181974
2.3760055542536946,-0.6266417896328703,0.22252012870220006
1.39955630245133,-0.6454604332535234,-0.97775453126137
-1.2145933829344715,0.1764610046782554,-0.39950774547984874
0.3584692610587748,-0.10685324776177943,0.683658252371347
1.0697600910277543,0.5746861142880221,-0.40855360819110903
0.01460544415080654,0.3565788618544127,1.8817256626875691
2.2850691042826856,-1.3556113395418918,0.818349673678468
-0.6218446477850361,-2.282513752312275,0.9527605028297712
-0.07170319937820416,1.4599882742477988,-2.468148262931398
-0.8848184872313967,-1.667806695955071,0.3830642695989878
0.05650353658058308,1.5233260536964324,-0.6731478017828579
-0.6876840423930594,0.10317066170174997,-0.14587821739392745
-1.9774752047866466,0.2479876347555686,0.3682033011447484
1.202521964333926,0.42379282337343815,-0.5970165751140952
0.44942307622169547,-0.19799438103323777,-1.1703990830020263
-1.4986841153358836,1.6560652247676215,-0.2823839982796168
2.1830459451859134,-1.4416981086771732,0.9187465084837121
-0.2823207529572045,0.3292160918227306,-1.031219866975247
-1.1833568696885233,0.7368280791958808,-2.2771169809941862
-0.25761596454708163,-0.8545616522374977,-2.301978891863451
-0.09413699282868446,1.1987574248677124,0.857656496352592
1.3762699337583337,0.2699394970212981,-0.22731337709827484
9.559146807165545e-05,-0.6161265581937955,-1.2315290479394885
0.4951797784241622,0.09330231067803581,1.2127644627979235
0.40666121208777944,1.2583821083264273,0.12471504322718555
0.8222959834189819,0.8901779823295415,1.3336276509162883
0.21852232644445987,-0.5296863596823507,0.3108678060911879
-0.6303967232878673,0.5826644025772815,-0.10803788369636912
-0.6596382606540862,-0.7008778627565366,2.2661514278883956
-0.3274813148992284,0.8203071974282703,0.3691175005696165
-0.3521325898674691,-1.8554313728413343,-0.28432027622322836
-0.40566353102123864,0.6062988189632409,2.027049711027809
-0.5051373173878053,1.5871113474012466,-0.4031450806633346
-0.8067942414296104,0.811351767700016,-1.1061452089689223
2.4724900161410504,0.20306726975074454,-0.7342908158189227
0.9306927548751203,0.2946010566216855,-1.2027725677313927
0.5746904645815156,-0.9521233611196007,0.3257150249608041
-0.05129110286362325,0.08856829785127696,-0.5566647915464876
-0.9325322655411131,-0.9013137445920609,-0.008198372780251812
0.6554924394564133,-0.2980281008878546,-1.450996064209191
-0.9457504707956689,-1.8770220887859548,-0.24294019677272308
-2.0474483877728322,-0.45714436558828697,-0.6505982530070603
-1.68656910418321,-0.7433262934721739,-1.5323204592418946
0.849294913247469,-0.2842783744387663,-1.4752258669435736
0.2766319653697027,0.32352774581278626,-0.45675768736538236
-1.4360397832692613,1.4819272554864715,0.32414199867810706
-0.596813847901678,0.5694580339160552,0.3611008307930842
0.4899554672216393,1.6631053247020595,-0.743520699514262
1.7914358939823505,-0.7698948071784845,-0.17452938098104806
-0.5364992916425572,0.9190402383345322,0.4550655746975995
0.6184121345274305,-0.3389233874787035,-1.3673262870294614
-1.4087988876220174,0.1476145279383812,-1.6172069885346634
0.6460156023493562,-0.8565229431416116,0.30275104773792255
0.06834315422367108,-1.7184056319829586,-0.564074505658707
0.5154708015887552,1.9802268184562835,-0.3154292513178221
1.9313134832734185,1.3870506600192776,-1.0444807131489087
0.783579397799444,0.7646476893981475,-0.13801939809945335
-0.14910877585509402,1.6872646578312325,-0.6410829291840777
0.6140144683094406,0.7669413725477029,0.18589287508169441
0.9571798457536559,0.08385668374993246,0.42747115481593523
-1.8914449843205405,-0.733567326454387,-1.023646534710658
-0.3346733113617395,-0.3731788842773381,-2.0143294004343852
-0.20629414565885354,-1.0039180674318156,-0.6514567065837391
-1.6979928252925176,0.2329174853846805,0.6464684591818767
0.0648556851570389,-1.3738093342397344,1.1496756958589753
-1.3811886516130498,0.4901690000874902,1.7166053750581123
0.13706669535183202,-0.20281261916255602,-0.02741719800279294
1.0145773969559206,-0.540901907401155,-0.8511433131524938
0.6631251329346736,0.20009311778390682,0.9197816151053189
-0.31381714846649095,0.651464738282907,-0.30828277022613776
0.9150608833091135,1.375846603852047,-1.4978380855670879
-0.6355414611032001,-0.9810810987123187,1.4489816394725366
-0.06758345758571005,-0.7817403795198924,0.04394550455288206
0.6803646518106269,-1.6442052085033554,0.9301632770051069
-0.4091680261160674,-0.3930950999208775,-1.400985377407695
-0.3538214539408648,1.1099093197067804,-0.532026873934753
-0.7149964660230923,-1.0805529720147342,0.7187311507888163
0.343041196504841,-0.3791375644821271,1.558252812834712
-0.8632465556229597,-0.18429107341098055,0.0737969092942281
0.3447798963198384,-0.863533708581512,-0.7254386361525381
0.5515596671010032,0.9219297234911226,2.758325432456966
-0.35899567460333315,1.0379469261148535,-0.22068028879447582
1.3525946472465,-0.20201503147300667,2.2656358550057365
-0.44780665187188307,0.03677471343747693,-1.2462126806558107
1.2965028136282493,1.6560330547742457,0.43757010094200294
0.20795713340695074,0.8895372875155293,0.22866267349337555
-1.6057049097061682,-0.8005383296968951,-1.2683381606770436
2.1022554639292617,0.605316007250679,-1.5788230039229534
0.7586910533344724,1.4325400181025718,-0.1501576610866428
-0.05346093767992904,2.261595441326009,0.2997196157243343
-0.2159698147180514,-0.6576095604388403,-0.8480696306120548
-1.6763340284672792,-0.16537377267652936,0.5869182895992318
0.3821687186890065,1.3210694853153362,1.0019930147256773
0.4909370379358701,-0.6202299237537322,0.6112495199102125
-0.2275814602624051,-0.9072691526990622,0.05976840083243088
1.077541042334436,-1.4974348936917434,-0.600797774080146
-0.5072661043432822,-1.6802531454935543,0.28627149647827727
-1.1809185383438698,1.497658512029153,-0.9464130860214628
-0.9090225211125685,0.891954624628464,0.19110144412631486
0.6932076648124587,0.945793844187075,-0.5076916464696992
0.9760597135663883,1.1833301240636838,2.2632460275577047
-0.4877410925791078,0.6133151905257418,0.6570933095520017
2.172935807453241,1.0150149356821876,0.9748419513754307
1.4495557951220803,1.0064109753944532,1.925187527802974
0.7194990258947013,-1.0285706885692134,-0.7214401170212884
0.9433032975611647,-1.1096437935575727,0.5705226212312898
-0.7953846383566576,-0.23829794590904557,-1.3774757490747889
1.566260255352587,-1.23912769477919,0.35412342693006954
1.4785187908651727,-0.5043600403877447,-0.12406099781310229
-0.8287876222669103,-0.2594155377922429,0.25942516854018405
0.885174254929924,-0.03399150686497681,0.056376676256093584
0.12226859957687321,1.6554928791177637,0.6895799581236111
-0.016866477255169793,0.5393989044791753,-0.5047412063610539
1.5426186692367196,-1.838478085599725,-0.2172797773241785
-0.09239558682061287,-0.5743949232759314,-0.3952999808778722
-1.0361663818646343,0.4339145965310492,-0.40460679841080616
1.5239356601689698,-0.04621553010066285,0.0209104082904286
-0.4777455248799391,0.7858036734950894,0.294149182956836
2.213344156579165,1.0450184855485474,0.1606551089848634
1.1632012005522367,0.36850132966076166,-1.6992826118950566
0.5434165816016943,-0.3155223609703438,0.21094746933245226
0.7474004805212655,-1.04096796184534,-0.8506762262541601
0.26244892044849905,0.11322283943981062,-0.24250949292453639
1.0231127687664947,-0.17664266841282245,0.5563031800367101
0.6381705175970392,-0.3302338678481698,0.6228016183369253
0.0674185377688037,-1.1652976685284238,-1.4182787244611137
-1.7014302798094691,0.12184983064798201,1.9082653535834975
0.1431762496405435,0.6351225622865546,0.90436893970852
-0.5362535816470221,1.271579223810966,0.672066411693179
0.18285547801364616,1.5267409663836327,0.1482382971274596
-0.23245408985736735,0.9761698175901551,-0.38445310855572673
-0.5589829025426143,1.6796646769023702,-0.6827512908781523
0.254023472261988,0.07410414622395933,0.4521512941730536
0.9992203454277957,-1.1068846219746746,1.0545138968319363
0.4724616498564384,0.04053962672122714,1.5335119569790026
0.6862027752685776,0.20493512273484094,2.3192825294596604
-0.3751772593398568,0.9151119996440391,0.04606987239787722
-0.35818272775685284,-0.6591269691125164,0.9878583895642649
-1.062904395435031,0.4074095351432432,-0.8067647293934492
-0.9341466349682738,1.196082860320113,0.7416664800067516
-1.2007471804938865,1.1626812448555663,0.34226893666540303
0.2101948366446276,0.4959802331934637,-0.4837045921457996
-1.2498348942918946,-1.4084598397202572,-0.18382927833542168
-0.4877065152011969,1.1793415000064842,-0.8096637561024961
-1.1723016447907977,1.4607320025789896,-0.8336883248592649
0.20579489473084495,-1.1861390651257455,0.09681331445179328
0.090802333773499,-0.5585274373816846,-0.46021282464260044
-0.36822105414628736,0.8454906418641438,-0.42476562915386695
0.43839413382537396,1.7059659776493785,-1.0618934548078658
1.0438672617331837,0.7930700254474069,0.08029296002706862
0.7487438333604843,-1.1321192759380843,-1.770766158096972
0.3296193111054755,-0.0684572800620634,-0.8845659788531074
-1.0850855843244402,-0.44522932022523215,-1.8915989533079272
-0.3675438557260852,0.25455772631361323,0.6168966432092786
0.055038099460925596,-1.0540163691380988,-0.1319658947693022
0.8018065701459421,1.3993427992648655,1.1893134558145588
1.7796951497665632,0.38960020960531805,-0.0024760452304054695
-1.058851203345059,-1.0804631177430162,0.32238382257880555
-0.9595253022894658,1.3091866260815475,-0.1565051239491645
0.8959079519809108,-1.0682439811204592,-1.3542724611176296
-0.6295229510244511,-0.9808843012369342,-1.1677415375791862
-0.259413512757108,-1.7403420892857215,-0.0622016354233903
0.12548401412724064,0.2713294368265266,-0.7222745452685148
1.317562416860926,-1.023426576691799,1.7763136449087467
2.6696358515312184,-0.7952885704062641,1.1913088680382136
-0.8049606812675111,0.6999205191311186,-0.9554341697534978
-0.705917460895893,1.6290546858738073,0.7881814586819569
-2.0750362394442683,-0.6541700035667757,1.019072260897984
0.003891286651460252,-0.2765538504322724,-0.1901009929001437
-0.16627571055693174,-0.11227498574730671,0.5930232995883312
-0.41648878171182835,0.33266177276089864,-1.1488310421129688
1.4404595657504768,-0.06869799015317908,-1.067034085398421
-0.03102660917653487,-0.37257710365038577,-1.3806768099177378
1.4354417595532525,0.0018956501463814385,2.492389066045908
-0.43325817661948507,0.5064126052906465,-0.09290996437484843
0.7241308394896953,-2.454425023322153,0.5399901347252122
1.2293043292948498,0.8490267668994389,0.5300821872307038
0.8001237578373774,0.043201354437978276,-0.8633044146373632
-1.8267707259415271,-0.16089520072165875,0.7354040436372308
0.31975065089414895,0.1841061802678802,1.3197073142380216
1.147211244972154,-1.1063290631476597,0.2997549123739188
-1.2230082588185636,0.19195112841791856,0.04709824940627628
-0.5243494183524898,-0.5699083649212997,0.6820330928177312
-1.999965176947644,-0.45824545228794905,1.2770698490199928
-0.37367069978776024,0.9205187038727989,1.077329245024854
-1.3395477012852308,-1.3071045034368092,-0.5819581699141327
0.0963023430050711,0.7110808806120152,-0.3664708282442679
-0.7093229845051133,0.7153604782134766,1.6128149612406668
1.1118017698314777,0.09997801159588268,-0.00031285837104012756
2.1032363534539353,-1.2694623422902038,0.7009502892810261
-1.4006505150832425,0.9942159452357525,-1.9391286402472618
-1.4217756167600226,-1.0122180549737294,0.6515401081575275
0.15488561687494476,0.412002347196678,-1.8610320659627855
0.2878221092220211,0.6770529107016909,-0.0045587245683653636
0.3559592508520037,-1.3340233764922718,1.5134811838983322
1.0691141493180516,-0.23735315896188044,0.46746840640116305
0.45609907213281614,-0.6338728813891102,-0.599487417399742
-0.27238039029018624,-0.9361796589166315,0.4260636443081268
-0.07145309994305883,-0.4313439689276276,1.9361222864158885
-0.6789706872352975,-1.5350145149296195,-0.04405354088709816
0.23903094247555087,1.4607897997815613,-1.0267773079054876
0.05655134647086522,-0.7362693973930741,0.12080306759302961
0.6125565919587379,-0.30823185280108645,-1.2898759441435914
0.9913696836431451,0.9335843826222016,0.980051655439337
0.07580328590553213,-0.8581853029074976,1.4315486284894325
0.8541256957731088,-0.01982682203551401,-0.6075696603104855
0.48965091585947523,0.3141966643745247,2.0639738848727736
1.6730665694862716,0.7219882367080424,-1.112281274862181
0.33033763619276363,0.9346060410793331,-0.053081840415713746
1.0328187450573303,2.53356601845358,0.7277080910869712
-1.1394395727248898,0.42186677110135273,-0.48567381598527276
-0.16017234056990645,1.038206976600702,0.999273994652711
0.6498571246995037,-0.8991468259365234,-1.542835326339792
2.1120511816223093,0.27347410976304004,-0.19185483104457687
-0.011424244912749664,1.234913591031922,0.31138110794130347
0.15879972284470292,-1.5127692256970513,0.8494178294885196
-1.791556492597947,-0.8276736838003494,-0.15117254091768342
1.3365228884573956,-0.17474352649980313,-2.124350675111349
1.5806435604522102,-1.0800368789160961,-0.5055909176048348
-1.5620357141600827,-1.0961807053692174,0.7838252008714117
0.2105132755005117,1.1752717107953106,0.1277354949329726
-0.25427169570976443,-1.1959484331709507,-0.4316024338357997
0.4868931795905194,1.1344493342829638,1.5596374077542394
-0.9770445775723997,1.0475943027543448,-0.20990765250244273
-0.9282380603376832,-0.06689390418758974,1.2266257136972043
0.7306141220232194,0.9151309471129069,-1.0115912190913652
-0.41245452906148167,-0.06611683742755589,0.2910755051323332
-0.2652655850711589,-0.4222709611584912,-0.693410342996234
0.8521782370202784,0.14279049899533883,-0.9858374808941096
1.5916431657852095,0.5221082658703217,0.7569829668349473
-0.82080320787528,0.06735810262976928,-0.7676103097525426
0.7521962387215886,-2.0805375848522516,-1.8383508835956959
0.47944817437052795,-0.15034794620734118,0.5428854366988922
-0.34530233376447406,0.8156787018217566,-0.24209932930363098
1.0449452830456647,-0.6047563579886109,0.2200953738843677
0.5659452829773146,1.209750069796538,-0.7467874069535138
-0.08318039652522956,-0.14377771965549155,0.65076976258115
0.5323490404747104,1.1273354618378577,2.6122667056983335
-0.5965567673737815,0.8538875379321282,-0.0022182061641683906
-0.8278984834972308,-1.5071624328209094,0.7162187535053516
0.41606588247988485,-0.14629410160060677,0.7111422508249905
-0.5586129887349005,1.5281787056271485,0.4425057359587401
-0.11873101495359009,-1.1951106695047624,-0.1867240840902475
-1.0052817196549093,1.4237624077464106,0.6801298487474513
1.382815074597854,-2.371066295824306,0.1788580733884165
0.307743705824808,1.708916057084142,-0.6136983329297839
-1.699348390977734,0.2967011958870955,0.8615145538803297
0.27762409550265055,1.1553457101528346,0.348584548627985
0.9871954303578886,0.807822764784228,0.08535502259942267
0.6011105054206437,0.5955313217030641,0.5182667519911356
-0.1747059930459725,-1.0274114503648644,1.0980304134588543
-0.5061036090295279,1.1604547917568737,-1.9896943348593887
-1.5141842293739216,-0.3839956512959258,-0.8930675069027154
-0.24204106626990837,-1.4929286799252877,-1.3388669724186681
-0.3234158962582006,0.7899646851875083,-0.6405502206304049
1.067943697000372,1.842413165788716,0.03924306040367462
1.0840164823282685,0.9570858817798296,-0.6089348020080353
1.707281933702493,-1.246517730732492,0.41888288429706244
-0.9508092205404517,-0.10984534369336102,0.2676779222512346
-0.5699142529163967,-0.7565194197197931,-1.7664183160820623
-0.18058845886579913,1.6393412587000766,0.5267459291047197
0.07405720185934735,0.6248959048936152,-0.6023275692762501
-0.6038860282325326,-1.1419375159773777,-0.6861916772797668
0.34949846985127025,-0.9329266795483566,-0.15797094964833205
-0.5682494663913906,0.33180892630858166,-1.2853903638533546
0.19311534559668184,1.020776419989345,-0.7446796438859132
1.2712769660287762,-0.7154657144419094,-1.0241625538983798
1.9913435970873865,-1.5232224408233914,-0.7659022046435473
0.6140500366092856,-0.774601696997804,-1.1057038319804176
0.32738616027403983,-0.7898546572351055,0.2845842235067086
-0.828122465954792,0.04473816083596027,0.7690679585416738
-2.3508115401378813,0.9826461819177049,0.10238538708228492
0.2485408916904878,-0.9463320782150844,0.18717830533014565
-0.0133224971346416,0.8013833913514753,0.006729155173634883
1.3914534844295796,-2.374026660827728,0.2729189940827787
0.027666025783317626,-0.9253411061866929,0.28360084173362043
0.32704813397229865,-0.1467761995072331,-0.3030058248971432
2.0124039222042684,0.594272799014916,1.8647870750666329
-0.12972900993605263,1.365965456796659,-0.031334744718283646
0.1366033626785603,-0.45257119042572397,0.055301260770135266
0.24349229571252765,0.13327682834499252,1.0098700104991742
-1.1278996292532821,0.04882846505539817,1.694769920701322
0.6892305973399064,-0.4255528604709767,1.680351644707775
0.5628414419390233,-0.6283853343957111,1.139186481465321
-0.6156302391457571,0.21386913175435415,-0.17185089380413004
0.05413823544385807,-1.7874935669331837,0.7118118947037305
0.16871875430832708,-0.6432589327824638,-0.20031999678454693
0.24972608153487008,0.5666860701471399,-0.2848231036897017
0.953445598941548,0.14238024548755837,-0.6350761252939501
1.1556999419421137,-0.17331192156467845,-0.16383406674550316
2.4135375507710237,0.737867328518977,0.09544764771912324
-2.425387479779948,-0.16284423620365096,-0.03554666099899836
1.383218916715024,-1.9344530258676023,0.16610473114318736
-0.005265450699181955,1.160829606056401,-0.5876010396120068
0.3948326197755899,-1.6424301938715533,-0.561455464287899
1.2197874887399387,-1.1022127783333315,2.4970811108622444
-1.7906272147503381,-0.9166504568953795,0.1645216635050338
-0.9945356631182173,-0.4712629954512183,-0.17135769570089587
0.8563954165958451,0.5233010830854633,-0.6799067870582554
-2.5417725602364096,-0.1455707859481133,1.2970366505553776
0.40087233923260446,-0.6021206060593103,-1.6315390778570809
-0.9100556311165231,0.42437426190570054,1.2612109448357223
1.0823098881392046,-0.024164456464568208,-0.7732074610370706
0.9316264661758749,1.262528943608906,0.8487451050882406
0.15118420142595285,0.7335335081131931,-0.6534205015755373
-0.6380132925101081,0.7420507199644264,-1.1313989559538533
-0.4208014270739574,-0.6547793451035001,0.25846570026833293
0.5645900910229729,1.7580909904155666,-0.22807748476391818
-1.4674888954077647,-0.7293920305215914,0.869835837045391
1.604313095028508,0.3404194530430351,-0.7547354925951615
0.23608605523506315,0.2976993283438061,0.7141219965439373
-0.3713312309952106,1.2301174373069272,-1.7062777313953799
0.495476350840461,-1.3007952335667217,-0.6865466625428114
-0.08953024858243201,-0.0995865839770309,2.1419568699795106
-0.8079722706096679,-1.4717993742104545,0.8357182119973049
-1.3376458290280402,0.08245709732228425,1.6284503843851408
-0.38914073844412833,1.6011257879589305,-1.1183801723979638
0.49830401068293556,-0.9035490117733455,0.4921182439538781
0.4766333275963101,-0.6532981655254798,3.5419434996331542
1.3630127092884563,-1.6127678611085692,-0.07272254467711074
0.8274800716749828,-0.7899773125813911,-1.365043482395371
-0.7054758102004473,-0.29755816174542854,1.35720186132291
0.4286608772543729,-1.3841601662613785,0.7160801347642317
-2.601777085476101,0.32129534418969957,0.13363900489079475
-1.7184269110754113,-1.2674265716039403,-0.44551462361028443
0.9706882196124548,1.0290026537439854,0.05386563094416328
0.32979215658252997,-1.0439264794303889,1.0765272654610858
-1.0976887025119728,0.9025440900403398,-1.1900936162277247
-1.6473760516135931,1.0036936343212706,0.0476855518729302
-0.23941820144536793,-1.7890527939261986,2.1574975825065508
1.4952217425886902,-0.10344715806482208,-1.2696243102766622
-0.13405158091440475,1.2453403866244166,1.438207433940492
-0.9803868363790809,1.4778868927392628,-0.12423450990587105
1.070191517172429,0.9140749564436977,-1.1115202534288866
-0.03391594536295881,-0.4037772362888955,-1.0081216614877033
0.6805954658487398,-1.3429815460903187,1.6462444715324127
-0.11014234660518757,0.5225533417660959,0.5041947501853844
1.238698935447917,0.10650227479005703,-1.2278613666029055
-0.9322934110764125,1.015516392796632,-0.1487314184908904
-1.1727927558761115,-0.5769761677938481,-0.9434223257455174
0.7982023575998899,-0.006143254204188057,-0.49385842198462676
-1.2683251176324246,-2.0326360299118598,0.32789901548718137
-0.5665183236803378,-0.045982386171694964,0.12986520332348594
-0.8336674325442128,1.5151209303300996,-0.04446872119220667
0.5719691895348148,1.2186835636945335,0.8363266729458595
-1.1078381771169925,-0.3567774769327952,-0.8275310532255689
-0.35874075499104746,0.6597551951983259,0.7284904681489028
1.703306956359373,0.753215509729001,-0.5705570697636158
-0.2698897897958713,-0.7775977155848462,-2.0068742465389975
0.37081346037184876,-0.3880406348216363,-0.15022275680366876
-2.728275569342618,1.4273792820422433,0.4068163771040481
0.9194392716519315,0.4360394138526427,1.0740325539646352
1.4577457876192508,0.5197178331210742,-1.1020832747193086
-0.4832994122360285,-0.4025341189225827,-2.0181340302920745
-0.8452379518954876,1.1506830072204457,0.783741532815927
-0.11321508428403404,-2.3960043670274183,-0.5528500271048763
-2.717630373156435,0.9473785366073596,0.5079419164493524
-0.42336696235257376,1.6119895042118473,-0.508455667006464
-0.6523148983521301,0.9208134781548573,0.6169948589961493
1.0689707635942554,0.25345559014088875,1.8678836136507293
1.927152369537042,0.3411215144943673,0.20053930345899695
-1.1424510929269045,-0.5996937798872919,1.5614393824351198
0.7429462646844579,-1.2243242739635865,1.7395889130476119
-0.9487302795541578,-0.0030466867049919444,-1.9161182765974478
0.060990574042149436,0.04748643893321777,2.5436290085239426
-1.097460737987738,-0.9284805426619104,0.5642297079784625
1.3594115842912589,1.639146021779289,-2.1562299430334253
-0.7382468923849471,-0.5156899572224074,0.5858319585315329
1.0119392168609944,1.1020338802014782,0.29234441195472943
0.21599212175408952,0.7381818841637778,-0.2644267602721427
0.36648118993185735,0.20964961127625953,-0.5381328840552398
0.021908238993618576,-0.8086970284777567,-0.6949848331253998
0.5783653500269088,-1.3941309051523878,-1.7362554530702152
0.5907595182514155,-1.4137808833305965,2.603213360263314
0.3806491041894096,-0.24562636870785118,-2.4029988240430074
-0.5593077253839995,0.7191026044791167,-0.2509737711947744
-0.15249132258230988,-0.27302639218798397,-1.2124553384658798
-0.2766447011561871,0.4399264981496819,-0.2061250595718609
-1.3340904476548645,-0.6752701859508382,-0.5391665422498685
0.10500513827141135,-1.1878522050964746,-0.645818605448656
-0.4955352021271852,1.2707744220742023,-0.20544983255372515
0.19902765993747787,-1.580614417449647,-1.0008786809023904
-0.8625474950894695,0.32660259628510224,0.37496766674760773
-2.174793609426711,-0.7425943562855017,0.5918631655184775
-0.994763898709787,-1.4299759759731785,1.522140237252872
1.3012823258320665,0.9573979640409901,1.2848102455584443
0.06975426194104485,-1.0043186024753963,-0.19043732036218539
-0.9214326236490512,-0.9349992680928438,-1.4090142650020236
1.0735836407677335,-1.2223335837020903,-0.2833445891869814
-0.5341110980302066,-0.5555340356834744,-0.8228771992606618
1.1512883887851653,0.2800958476956487,0.29092687920101634
-0.756773981282093,1.1759160426542814,-1.9043160647048523
0.2970493702739917,1.515033074823283,-1.5360937531217675
0.11215931277611371,0.3410285488085807,1.0283318791295806
-0.7421884122453782,0.5843821814169472,-1.457073726021607
0.3420757993925436,-1.1558708523230026,0.5717639351690694
0.017417284812172307,0.5039102048261309,-0.21770682057021937
-0.7255063369242308,0.4341547453807335,0.8438575574874277
-1.7017059424891063,1.1081466002590243,-0.5853783338178601
-0.8747349595724448,-0.6680015993172999,-1.9222406490576143
1.4958554388385243,0.8060403524362278,0.39726283210966623
-1.0816441572421915,-1.1636190253169112,-1.1923361006048367
0.7445233571272002,-1.0278557920538434,1.00090268945007
-0.03444030080766322,-1.9982392279066052,-0.4036814720621555
0.1450844285663119,-1.86943387391412,-1.511072365979197
0.6147355951038481,1.3638428340134905,-0.8266701036611342
0.9541595602567969,-0.8572045287742635,0.8111360945305873
-0.2036976851611607,0.26434229659529973,0.46621122693949657
-1.3821385206431622,0.8620856810657661,-0.49575372193803713
1.5201631313899433,0.4311691205796305,0.2426130230016258
-0.823558593915818,-0.061869487440364475,0.8134229125645936
-1.2584897039564436,-0.6049626138078517,-0.6989789554694209
0.10516801406555533,-0.6448454588094504,-1.3505421294322466
-0.9259920941368791,0.8876294370881042,1.2986921972042846
0.9749808659515977,0.4505501089694065,0.7814581812722792
2.2410903189593836,0.47966401404061315,0.7908898657956237
-0.11105046755351193,-0.4733713594742584,0.7014115965217846
2.559400042308565,-0.227338516445782,-0.0360222715317463
0.816882918535675,0.4822561338413212,-0.3583617976461204
-0.004172290975463846,0.44334994861628235,-0.0776295549845808
-0.9291412769602749,-0.2295349449107178,0.7001248535825528
-0.19098875149348804,0.5308244255955197,0.3202476872533518
-0.7704946566368536,-0.9501187370172034,1.0937095718596783
-0.11685429959665056,0.34849649258872645,-1.2923127217510222
0.17006795810629416,-0.30096846650845266,-1.0992689208485256
0.19848494771200384,0.5311174398579778,-0.6797911907249624
-1.1109289969605356,-1.6934862167386748,-1.039752367181768
-1.4090393922150337,-1.7031774728166795,0.24623345210678368
-0.8874990379972909,0.22885560630002494,-0.021383992567543333
-1.2328348818901096,0.5582751672395003,0.7949312210560964
1.1260018236992313,0.06637066450610678,0.3866599272326119
-0.8666247336526829,-0.9906497669211474,-1.1387008740835505
0.16847963482163,-0.2927729093741985,-0.47440380281569516
0.37174385573082985,-2.5139179722679965,0.11749050275729372
0.4046289879037083,-2.0393339680335485,-0.7662951483659325
1.1159460475219805,-0.27477211630672865,0.5352502504092876
-0.03741008604704824,-0.7809243295315509,-1.2201128214035852
1.7613732436585106,0.6355863554767182,-1.1278697355314606
0.9756514790598186,-0.6144574456480038,-0.802499486541701
0.1334426225052402,1.59761454511121,0.36927649072533436
0.792907154969182,1.0015801314293684,1.2170684294837795
-1.1772409223073514,0.6454532845305054,-0.7765255528847821
-0.8714711866845617,-1.4061509823162424,-1.630360059993571
1.052326121390768,0.12261747480278674,-1.0059781442799738
-0.29567930607206133,-0.9286448172004264,-0.834861432683875
1.4746126011161829,0.10069610688074983,-0.6708082418014597
-1.4030806038302257,0.06062555724650991,0.4549685169920432
-1.737247888414488,-0.7214681416365057,0.9490987178933664
0.7341554157699393,-1.0389628622838836,0.7930901780187153
-0.21715040397943972,0.18247628001161015,-0.20926881961999252
0.8128341297367582,-0.26810554975859996,-2.4562959713619574
1.4360671968972345,-0.12988567610284216,0.914531124627278
-0.28823476279662014,-1.501386861808097,1.1352171722550304
0.3843182549842495,-1.2174627346654932,-1.219755597212417
-0.3256919243779768,-0.6938355674813494,-1.4269665040007027
0.39931681690979376,-0.5609638492161525,-1.5686063409352122
0.3832098579716754,0.46913293202017986,-1.7478731427444094
-0.49979437059548976,-1.105212861229894,0.8831415054430167
-0.6394350257149921,1.2649942740201123,1.5213871460284558
0.3841462246243674,0.4398402209619584,0.3270055735361733
-1.8876125497167915,-0.24433965848979255,-0.3969568933952322
1.2152529027668884,-1.568498189882153,-1.5706907979837712
1.820203806743506,-1.4529490999662538,-1.2554999089219947
0.507359563457534,2.0245252962542075,-0.06051829822706778
-0.12515497127438566,0.27683944122958853,0.05764094864447976
1.9144409298812706,-0.23462368080966275,0.7792237608898466
-0.6351694945073622,0.9467471585733285,0.9091372849277635
1.506342159653365,-1.3354406607900229,0.5814963334736714
-1.6473111431920093,-0.571403931410306,-0.9161317228751805
-1.255369645043635,-0.8337137050997137,1.197723158981612
1.404388127904568,1.828165907979453,0.45790584376248583
-1.9452379530518455,0.47339500335205237,0.524020096811697
-1.0745565911944441,0.4527951302886088,-0.21822571711750827
0.8790673564804433,0.24159801594376973,0.7815308239310745
0.029018702658125024,0.5158218130457515,-0.375080470414156
2.7507137167163593,0.4804920239026839,0.2778727862764897
0.2073161224536154,-0.6660260076776456,-0.14379611941089657
-0.6550652060800705,0.2352396083237103,0.09389421532351357
1.3738781774595592,0.23363229702404228,0.271637150798185
-0.532579087537326,-0.12241951153180357,-2.095870656878376
-1.0791117066262887,0.27909121198691894,-2.29996142933842
-1.0596597823198368,0.5267010852834555,-0.9686377952519332
-0.10740817558497215,0.4498849051201478,-1.336331671518454
-0.10103165633803159,-1.4252952374053185,-0.21465431006815744
1.043577320078728,0.3691425695030475,1.2962406210002675
-1.0022096715823186,0.596741617054324,0.41126051786800044
-0.11354422540568809,2.4388691476068844,0.2272339870341224
-0.8749061637745036,0.23295787790795064,-2.595822732937788
-0.2796880869161532,0.3325185020279916,-2.2063419323386353
1.6866246969177159,-0.6974276265715965,0.3918484520152739
0.7268716868996262,-1.8784415996907098,-0.8366361262136291
1.1271584733687323,0.10724709002099049,-0.6590511799704885
-0.7752083852237022,-0.28871481046675235,-1.8967787430038838
-0.16711257927529766,1.5069178839788981,-1.3839023441288076
0.579123639102035,-0.9255491239140251,1.425797900922774
0.5085688351210419,-1.0377453024533547,-1.8738030347277679
-0.6781476451031759,-1.0550840942716502,0.09816110800701186
-0.2301134865600345,0.19261587573681896,-0.8372310083972204
-0.6378062788336214,0.5809875863488618,0.45267798056696307
-1.2031234105485693,0.2602949212245353,-0.581350125619298
1.3233128049464455,-0.17156126616154957,2.274885214638029
0.12080993944149579,-1.1135226971794596,0.9486049938500727
1.0456631902208393,0.004096810098151519,0.8629802344094273
-1.633958038700896,-0.4982248655264571,-0.5705484981181175
-1.0429734446512722,1.051211139511111,-0.25283764482167154
0.10713380756921387,0.4463271311734381,0.12968765455704548
-2.304161012097857,0.014182804917030885,0.5746363533538293
2.830428764477822,-1.2198924120946961,1.4036408435914507
-0.20974268652759123,-1.755987949238881,0.3687336734319237
-1.4077946679742204,-1.4036347790405717,0.8521083447009787
1.7904059696913746,1.4737334893248344,-0.4472574606235248
0.7441057494914681,-0.48921874022190637,-0.2175931557041512
-0.46643444884249186,0.7008027525648812,1.7069474976310288
-1.1677055880649496,0.23213538056105107,0.029979473138193383
1.3493883299471785,0.5927944797094822,-1.3762609447557663
-0.8069761328165133,-1.1415412694169889,-0.39369876387469455
-0.4575325023630949,-0.19310954551568266,1.3580524680044272
0.9838842301382421,-0.2205005634561658,2.0792946136656862
1.421923863224237,0.691154561314332,1.9853571065303814
0.38682079767531147,-1.0173275378675155,-1.5587215714225138
2.8798210183609503,-1.3125301774370675,0.1570811813538222
1.6063742627433177,-0.07413211341453065,-1.7741661424217543
0.5776489282565503,-1.501303397492374,1.1490813346261788
-0.8681565638729484,-0.6515539423071993,-0.7971615000124723
-0.4953501183931965,-1.139305399059035,0.5061822532061253
-0.5776631989095733,-0.28046199391384957,0.6646596463554356
-0.4115451253093036,0.583241584395674,0.6578979460780338
0.15922277978950863,0.3842541922289962,-0.27349695017573894
-0.6599600938488894,1.309727432017455,-0.344329121989028
0.5682085182773653,0.27597148280950684,0.12067038569864301
1.4442027981022827,-0.3007997002474011,0.6986789531488335
-1.1696795793671082,0.3509708299453268,-1.5499825869673534
2.9225319826810967,-0.9381415436662401,0.7130880558060222
-0.6985844855092991,0.4831343083486352,-0.6238329765048516
-0.22081719096847305,-0.8369401679177277,0.01226267255308319
0.11767982378919341,-0.6648377371473005,1.5091138376252584
-0.9514035502959365,1.3867814926109532,-0.16202210394171337
-2.1051581238509343,0.18681554725848432,0.9446059801174519
0.7588563921871201,0.4240698367546129,0.08792581469510292
0.6345408552485822,0.8329873680795525,0.5601086927988417
0.497712936523817,-0.7614275068576649,0.0861646253431185
-0.8315235837108497,-0.14090574598217892,-0.4457752061519148
1.5154199639575818,-0.7261106612301256,-0.14028302469741635
-0.534427374729942,0.7719338267416375,-0.8144526103394993
0.9125330570605936,-0.8801868193181672,0.29288699986545386
-0.1954141497816783,-1.7019251345664483,-0.18151757916464314
0.22998346498851033,0.09709276550358029,0.7493546629368388
-0.8103631475209628,-0.1402029810859782,1.0645203954404825
0.7153388408735728,-0.026951593891390246,-0.6591959040363196
-0.385764762937187,2.1799345278274282,0.5285536680699525
-1.081915669115077,-2.144537600602897,0.7637270253892804
-1.4643380285400727,-0.5413352408079845,-1.429332813129691
-1.3567908229042998,-1.0900462381522178,-0.5323832062786005
0.5165631536378098,1.470018490749074,0.8769088610433162
0.4602875865153135,-0.36377751620889653,-0.611247961704949
0.25778793280099,2.379070342652176,-0.08203699377954583
-0.046584680875652935,0.663792283473994,-0.8206908521162452
-0.5113659587191112,-1.4110959305984137,0.23662591500509933
0.16785879003196827,0.1039046462685847,-1.213263359131793
1.168088042625263,0.752788673973553,0.32150429478808445
-0.5236832536310002,-1.1518966503336416,0.9646626302036407
0.3395098983518061,2.0062314912962,-0.07034122795611457
-1.2986574540861466,1.1036483725395132,-0.688429777332799
-0.5216545833375879,0.625084973850326,-1.0765298123461753
-0.09323519792328464,0.4902498491871982,0.12304160904963267
0.1306397495724028,0.10480557690752285,-0.5675326610477324
0.0011862477846472765,-0.09254961026160172,-0.9168369283853592
0.623951329548012,1.367456826005656,1.370839947640584
-0.8596661544006264,-0.22802759473789638,1.3832526530303755
-0.973648241535157,-1.4718976607861223,-0.03298165150840028
-0.2609343416133633,0.8490757177612984,-0.8924918759729584
-0.44841747521303066,-0.7980019552414576,1.7267147766119433
1.9281818110261886,-0.6096214274316286,-0.43822843823206387
0.7583582288689972,1.7645947646695312,0.463699976441116
-1.2263138356858756,-0.8461325571268481,-0.4204479629112159
1.3458779031865475,0.6514990242270838,-0.5312412926246954
1.6533447045204082,-0.8730320206423496,-0.6912833688372012
-0.43819526100192124,-0.41582317413251774,-0.7035857059064652
0.019012366857154853,1.2590241335032148,0.6057302067919726
0.7264951648262276,-1.9368567388203002,-1.0901417099792
-1.5082003671800173,-1.0292207311575823,0.5637248559371434
0.8374764451783372,-0.7229999660768736,-1.100230500737253
-0.22579172524769517,0.5288033174380713,1.4087575688644904
0.21397503131688328,0.37711761875397093,-0.590428778687895
0.14729026051791314,2.327592862986698,0.58979560832938
-1.7875152765189402,-1.0940864789736426,-1.413493980504096
-1.1335993069562735,0.2518422342597175,-0.2832512224367076
-0.3832279090197206,-1.3244406167958367,-0.1134921227781803
1.6837936168439185,-1.1493726225250591,-0.6009790915676643
-1.1295456997238604,2.3191878351572353,-0.1708350154314073
1.5569524248392599,0.18441796693657536,1.3831910417796498
0.8751237313442021,0.26573451646420015,-1.3672630087026074
0.2623266995363362,1.1368385802370184,-0.027953036337713028
-0.25717070103613376,0.080023367252566,0.06763916426564014
-1.424597291553572,1.0887890106843583,-0.027775703642991558
0.8849477317721512,0.44929773436103304,2.134551014356822
-0.2494567364579925,0.1132175041972361,1.2176912563296927
0.2822752422058468,0.8511352273947409,2.490097185224249
0.2740639857228626,0.32918607970351677,1.490384722600838
-1.6291208368554746,-0.10392248024975825,-0.5704402102904156
-0.5920191633182315,0.75387226655417,-1.0936562519455333
0.8894509739678448,0.29398786087441875,0.2823896078235822
0.5148890632301762,0.6752182356195543,-2.0704840789834353
-1.1915972538892494,0.5232533491591731,1.4861503680445856
-0.15240883607967382,-0.7369221307315563,-1.1316929685933765
1.4577221881046842,0.9714332975494794,0.14821779730011717
1.2578534148725466,0.8035888754449149,1.1337522323511322
-0.10470855032333048,0.3235572474116803,0.2160262271849435
0.6749619024498055,0.8279188994199053,-0.49638633410755495
-0.9870892163406056,-0.2349790135459206,-0.3414385862564029
-1.718791552193677,0.5027212948373084,0.17159173679690798
-0.2467268854961115,0.49184061628644365,-2.0082316066209667
-1.2323997487791936,-0.8411476221376999,-0.48747482780364015
-0.21638392253582422,1.2183531000425818,-0.9719380173014448
2.244942998502177,-0.7120281035598358,0.3868628415298116
1.4794952128449652,1.2273803895955329,0.20233372421738718
1.248917728114601,1.8067181894669084,-1.0230615344036338
0.24954244022049993,1.949643593109563,-0.46573743267888307
0.16996933771173756,0.3352205406099311,0.01555817819884894
-0.1773599047810384,-1.4069068389995458,1.3984630168989762
2.3871096438883335,0.2600103128955113,-0.7901222952936101
0.4008668829538871,-0.31524699654814553,-1.9294772350341902
-0.9779732945893367,-0.6844479743608803,-0.08635595726899556
-2.122146386090483,-1.105186602510609,0.11146931702252148
0.05719315815630806,0.7831200376662284,-0.3511338770196225
-1.637750846259358,-1.2420794655133067,-0.6043576247896475
2.4644286018816937,-0.17613820742602376,-0.49506655169592695
-0.38943305389743527,-1.7066186791910025,0.8050899399315362
-1.3975500597776147,1.3741783962588718,-0.21776733000776805
1.0070455338484037,-1.2884497105511032,0.5164068565603763
-1.87157584070508,1.7654339303454347,-0.845526436456241
-0.7524392975176903,-0.6268742063805258,-0.7005180661394045
0.2635492816239098,2.317199202782416,0.006366635711396523
-0.44249033741246835,-0.6045100728213577,0.9165262601404374
-0.37338189593291826,1.008316113149948,-1.5971879043017205
-0.5637934234975758,-0.20734425091804123,0.5871852882228583
0.9820877658443833,0.2571893199868473,-0.616049958277301
1.309884260384072,-0.4723217671515168,-2.0796401855613844
-0.18795462943684996,-0.06393794954308508,1.0498270606336162
0.1208174203958541,0.13317520480258332,0.20236618373277415
-0.4188792409608625,0.8943848174510314,1.6130585730754998
0.2235472890819308,0.21949845890035088,0.26124570912431166
0.204204343151722,1.34322262310634,1.8697149737300731
-1.0948801475189414,-1.0237017839731581,1.0220966521563013
0.6796021271509528,-0.9677456958276576,0.2847998012658042
0.8397121560323627,0.9453712764822345,-1.4606545889781035
0.003256448728088657,-0.059540833166560204,0.13122802611158876
0.35553168318748885,1.1927241560967454,-1.1422947896111575
1.0270593239234387,0.04249952034254008,-0.5562839972910016
0.3096693223613354,-0.38829717622134163,0.49478305950823703
0.8796775193280759,-1.2099160076412427,-1.3570305851131437
-0.5622785326093303,-1.2977808373836597,-2.2925069570384777
-2.1709347943565143,1.256713701126503,0.21195981412509443
1.6813675552037215,0.6451098650126517,0.5913300303581087
0.5253449345149619,-0.8657481585948701,-0.5578677449430698
0.11334903243874171,-0.5857328881342961,-1.1803288407923502
-0.04355423194072323,0.8074004052440178,0.14464909028876782
0.20021595205238787,-1.1162738262600451,2.327286026533166
2.013108958937219,-0.322421246078959,-0.33983354750898775
0.46928109847884786,-0.3256592571983998,1.9399616993223245
-1.4142993925898126,0.04442003652655265,0.9456879681615344
0.7130125639577073,1.0328253055447008,1.2136641219273145
-1.3423274450172744,-0.5369740202445277,1.0889336732295407
-1.230889436303487,-0.060252888966292134,-1.1322681370316618
1.853865024220249,0.3411192091339086,0.20653742585289867
-0.43544488566019296,-2.6061024887614486,0.23028048844417218
-1.893190953764058,-0.1748581759677106,0.7955164785059602
-1.842817045743691,-0.6404969827421576,-1.9264285693027818
1.7050709836899256,-0.3745436081146095,1.9075453147604766
-1.5652252774430029,1.5217482817879793,0.10020076861023146
-0.15275549454998036,-1.4692128570222858,0.8387976309056677
-1.76217487303544,0.3366046420599152,0.6083244685862379
-1.1769490655586152,-0.9164358960962948,-2.1249361507825566
-0.1693700762116859,1.5581475710650912,-1.1272817145861966
-0.4802997493292286,-0.842035813691793,-0.7813658089866954
0.3234579416542204,-0.6264968853073251,1.734664399029806
0.7280833824506563,-0.9093395862986324,0.7949706472244764
1.7183558228889435,0.2435495534779612,-0.4927996116894715
-0.04319899226236881,0.9072597191529389,-0.6946843350303451
-0.3314878522018705,0.48093457225468284,0.6491560499407794
0.549333198321501,0.6737537140732226,-1.1467633203894987
0.11631107729348965,-0.37343626193284857,1.5890162843911555
0.6350965584058945,-2.479791334496412,0.5569895289994312
1.4937068309453645,0.8304983297182559,-1.2605901617738675
0.08153576750623451,0.7802952541475846,-0.7070384754630974
0.6728348139831611,1.0435591273700775,-0.9305179827335724
1.0307824311130458,0.6898607767899152,0.4464363767427879
1.369260255700258,2.050701548741359,-0.3225268148407513
-0.21100594300560718,-0.17317629591983325,0.15185442379188394
-0.17469696020700076,0.2992428864369122,0.026469181235162755
2.570022778755215,0.9141272839498439,-1.4797328432141634
0.23329016694197424,0.6503897663610514,0.34296330729159324
0.005631363537563811,-0.5817663463920607,1.3385393599884539
0.02678620721495804,0.5991455452979629,-2.3716905765561185
-1.271880581974435,-0.6942347050914897,1.1642368891757202
-0.40689560035810973,-0.6943506937806179,0.04706868609053995
0.23760267706775562,0.09581147257450104,1.3961334635680551
0.6106834094789625,1.738839443227158,0.4629150633680723
1.0403488025323075,-1.8418340234703017,0.428529876274259
1.5078311508541788,0.9126508980827274,2.07001157028028
-0.5463543696242696,-1.7268627888922048,-1.3412360212198289
-0.3355035312142096,1.0238028510795458,-1.218624998796309
-0.12316625222979567,-1.8503805786391625,0.27813436942480513
-0.061969785842860774,0.15689331089157627,-0.5486585448446076
-0.0062168010720409835,0.46743645657705496,0.3406339744776832
-0.4050680840816824,0.9888007964701584,-0.6173998467107914
0.46155138672570617,-1.2099654599194698,-0.8972916554790661
-1.396500225707484,-0.7981682804046298,0.48723308026318063
-0.3122013910003153,0.26334765056825554,-2.0144780560211566
-0.13853582260228917,-0.9883230390122146,0.8183341035269506
1.6976178070598966,-0.22601818952426087,-0.07792964076186014
-1.1804093913179792,0.27929785298246046,1.2811019743356038
0.3138920273384129,0.877093134651375,1.2172079707133885
-0.2581573322462812,-1.026769296687622,-0.18177254237406026
-1.0704741067310064,1.8046713579504623,-0.11619231814063984
0.2929766837244203,0.6722638621066637,-0.336802524662644
0.7817750981409005,-0.6777000673781065,-0.35180940136782707
1.2054611150836134,0.24351100397870148,0.22966970888981986
-0.6865656669265363,-2.4661844887763253,-0.7952945486153582
-0.5437508231814241,-1.0417362691554075,1.259927753637816
-0.2485798646825257,-0.036729614368107094,-1.1889754786122688
-0.13210690252179771,0.06982998991854678,-1.2713359765833778
-0.5548720671190001,-1.2553957039510648,0.5685760024348546
1.104713722101337,-1.1998037944355247,-0.7063555102426299
-1.2820245390099676,-0.40704801325218376,0.43832253363225404
-1.40669648667026,-0.34029233205071785,1.332422919027804
-0.00581463120755194,-1.0478864576596105,-0.6790204098719586
-0.2808538765144708,1.8356025586337077,1.5522127559373107
0.4006525706921349,0.3179408813712404,-0.061263056303638576
-1.325545071831073,-0.5327439869327664,1.2154708043661977
-0.8534027591396157,1.1335907766871272,-0.05567158790268127
-0.19545496181162184,1.0331311103722909,-1.4530564172796727
-1.9648054355065891,1.08085975877791,-0.2679241293516563
1.1364132308925219,-2.9723980984778167,1.9390468766410058
0.7396478800040972,-0.37927113772887205,-0.4178062648114594
2.0716382419471504,0.1436208135501169,-1.4486323853744891
0.44684322031845153,0.20433139967823172,-0.29472481742165285
-1.6988755226680103,1.1123749261366278,0.9326161011692415
1.0986759822909928,0.6937850880465891,-0.16149473196135172
1.9079281677524644,-1.4371302393480154,1.3754642315037378
-0.356947181456649,-1.798106168981106,-0.33445627478716544
1.502556087445799,0.6967812804576055,0.5180983893541421
1.029500474436176,0.17844135680264975,1.801352167200621
-1.121496320022877,1.0803099566553487,-0.2907193144144084
-0.3950930240436381,0.13650549234042897,1.9374057496073742
0.7921072556919779,0.5144858314537402,0.7167584837758761
0.07900743603526177,1.7052291261238206,1.2156853193945085
-0.5377977248612316,-0.19504167379242932,0.8300502932769942
0.8382219826613453,0.5992533160717893,-0.2506514673331078
-0.519668687045231,-2.9842899050023513,-0.08640760789392984
0.23620497962685907,-1.0536874285788373,-0.2533461425106928
1.0358316112012578,-0.5450484102166246,1.097941192937284
-0.6224795188255989,-0.21668176693035193,-0.6028433040731984
0.0827733131258662,-0.6837695323971773,0.4163519972313923
-0.5188001867588158,0.48838530600353336,1.435278636176623
-1.0968149699235425,-0.3572257043893975,-0.8423381254084481
-2.1068664985717445,0.823378320624293,0.7323627922790467
-0.7559036906068322,0.9078411787579912,0.021141781831402653
-1.6093321832227265,0.2731829874400351,0.299539668937416
-0.20281621586284895,-1.3844519681492733,-1.531958760765641
-1.539203362447101,1.0561592570774192,-0.4438887722854795
-0.2452710838108528,-1.238048747240276,0.05997656629576914
-1.8641167046789047,0.033659929846952215,-1.3475532625238977
0.22764028700422115,-1.1756862171789606,0.45870968183496064
-0.32586880624278924,-0.6376791428340585,0.37186946957683126
-0.05734416913014383,0.8382176904993892,-1.698506698661228
-1.4428817658464805,-0.1598131250487422,0.5679941006390039
-0.8254439797275335,-1.475816712545442,0.2186099158176788
-1.1144347942524608,1.4614714756759086,-1.1133941806895222
-1.2246697901672483,1.8213529109223643,-0.24653469519497545
0.6749680972536152,-0.04631538532452608,-0.10504438496285413
0.3968967206065683,1.6594354848843196,-0.6513823125270224
-1.1691124749564419,-0.06033489314684649,0.9493563323172267
-0.731151263137467,-0.848677766193622,-0.6680882698898482
0.5308981700530668,0.053134781651887696,2.2395679648162266
0.3717488247662616,0.6632797207118832,-1.002124554938442
2.0796594855036994,0.08508600555309298,-0.5941034501866564
1.1727649741043722,0.21593671630063005,-0.1423068614684794
-1.8618835214411846,1.5741648296402524,-1.1938588765767197
-1.8464598611239333,0.24062599123517747,-0.5324103399194341
0.3636925570207776,-0.6939505697995907,-1.325005107000496
0.9104918560526961,-0.19047172466526324,-2.7519603165777275
-0.261555315698592,0.6394081673133689,1.2599781712837035
0.28940154370469634,-0.1341075083325524,0.7333308084614871
0.5331671766476632,-0.03752435491384751,-1.4763724754028837
0.983753769121604,-0.4947769481976618,-0.5384642620017516
0.8096327101619376,-1.4988629673806162,-1.0204961001906367
-0.13731087164149855,-1.0364656434731434,1.8254431530023565
0.24590511500883197,0.3527268417597386,-0.6602736915250385
0.8418434593988515,-0.8440627227164968,-0.9430875853398789
0.07784546763915108,0.5486065799425915,-0.13186105379533328
2.235713018638468,-0.12227936849945552,0.9911896801983848
-0.4914328992031452,2.0537980294563285,-0.09093870337291658
-0.4596777056557717,1.8843854967327234,-1.0600241707534355
-0.9611833815239416,-1.3272047294277143,1.6456706624548012
0.5015874497881535,-0.21645194033748602,0.48916591412889143
0.9417039900277538,-1.6338041272473374,-0.4434394566163958
1.809819334247996,-0.13095984830614238,0.6155214901224694
0.769811923455966,-0.2651102620434399,-0.5639352375463983
-0.23295043043038471,-0.7383664824704732,0.5724332818948846
-0.28646641520829225,1.0168025562610752,0.09883287999870513
0.5630881602186941,1.98426246023294,-0.8570980771485864
1.447629167396413,-0.8503040147222227,-0.1850675970211668
-0.85556078707693,0.9605753096383319,-1.4846704939249886
-0.5214540391572473,-0.3510965613448511,1.665962579091704
-0.8241132450773104,0.28137791920498373,0.3980476933108057
-0.08112812747593497,-1.5093101631783117,1.8611275711581547
0.02247157136364147,0.31526679607784436,0.9200503713802382
0.5219301829588823,-0.8054120361365574,1.026183051058657
0.15818409145280196,-0.11071600977284327,1.7484720584541282
-0.9956830762680186,0.6433798151049658,0.058319299102900256
0.7293317201411089,1.0088018920806219,0.3545460043848667
0.9813156270843972,-0.5051199659189476,1.324501563220093
-1.0404740368424552,0.1314910523090502,0.8529301429590108
2.3458663552072587,1.3194431688268322,1.4281211074270765
-0.5933919979428859,-0.7946649540920468,-1.5698788415872853
0.8300750151206965,-0.032190579081012666,-0.08943470791011113
-0.3283585307522453,0.6753190976077419,-2.236989554030032
-1.1687638087482168,-1.0168194900889858,-1.4065887971472222
-0.37543524786252314,-0.8625477299210422,-2.429621944453771
0.13335892023136278,-0.41827459096540576,0.8805002793451715
1.5115364858252498,0.843592022155942,0.6630435452581463
0.5255537717803787,-0.38289643401603884,-2.3171968654316673
1.2327161997000187,-0.13753552372908803,-0.103259192524462
1.2807736655414468,0.22585225808061382,-0.6596090411504031
0.4448191005283664,2.2855575352588415,0.8548222212547525
0.7626406272425718,-0.5382726825120716,1.545371446952371
-1.5695173974867953,-1.8299601753387187,1.0842557317264252
-0.5582167792216349,-2.2092692790054516,-0.13028077755362957
0.9471201229168061,-1.987894317025645,-1.1932602067359126
0.06790951634469498,-0.07607729901284946,0.53063378180381
-1.3302645255139545,-0.29981688237951315,0.8723641308165584
1.312485490286912,1.1717457077148887,-0.2794843537901606
-0.571283153496829,2.3322279379733506,-0.27964097643829466
-0.3008809614655036,0.6929226026169437,0.20950773295905623
0.6811615003881757,0.31189592574158465,-0.05979731848160224
-0.6474582069102995,-0.9105775760469311,0.05453363359824621
0.7284726702769477,0.13395209580035905,0.18928806028608652
0.021554402263644055,-0.8421956847427011,0.7119547983821324
2.6514739668162104,-0.4882303613171179,-0.14654670469110298
-0.01743479195719864,-2.3773444980497476,-0.41622129748314324
-2.0922848476612383,-1.437237144211819,0.0005358835718428641
1.0564567720278923,0.49998438623412667,-0.434395181864972
-0.28837675204249646,0.7951418381867782,-0.9290310817754237
0.19374095640545955,0.6248200094733026,1.5081135694873797
-0.31662283138036457,-0.37084279471217113,1.009930715575494
-1.66675679474906,2.4049148287410547,-1.298051541874602
-0.5568573879274797,0.7939917236195625,2.5435599506684494
0.9754158146433431,-0.4518342358700745,1.68457292267585
-1.4841200694039047,0.5040220286246667,0.7349227263090711
0.716918666353823,-0.11327917156633034,1.77753620490217
-1.057380353329208,-0.14479180025111107,-0.35265018242765506
1.6941894940163642,1.0012845379914512,-0.20083103608873198
-0.09342777904778508,-1.3948017112646507,1.2757627642176224
1.8130487327722344,-0.28440902309161276,0.14515051488845557
0.3334682550110352,1.7158178834458264,-0.3559092152793046
-1.587345805807703,-0.3540999294006669,1.2467907118450015
0.04869227700429226,-0.5690878512099052,1.241225815900047
0.14744510130390556,1.7533689251366629,-1.2893337008594163
2.219661190680138,0.46429953626623804,-0.160525284485023
1.8693707022896315,0.29467837944742264,-1.9104162087305538
-1.693991155075653,-0.5986601417853789,0.9207553319318359
-0.3592187987796197,0.8798556271625906,1.1587266862592493
-0.6182410663467022,-0.051029142219793544,-0.8271537361936879
-1.0598095549942055,0.43569467362938746,0.810908666985665
1.2706682634368422,0.5609638946038245,0.043799494518119535
-1.5927888426165377,0.8622779330776724,-1.167077892348128
-1.7059958005780456,-1.769764759805993,0.8298506145293961
-1.4098207646801189,-0.04514683605581946,0.28301054741064835
0.5776308933264594,-0.819824191967713,-0.3505477421824456
0.3560060262917606,-1.6740070949656893,-0.8309800887816667
1.0964253587362645,0.899890201724775,-1.7710339851628467
-0.06306018203812012,0.48551363092014277,0.5000480051028435
0.7743188233076058,0.7928087681210827,0.9464134624343743
0.6178585123678865,0.34172059344494143,0.4412410588753389
-2.6069797644424484,-0.8229282192440277,1.321001617186072
-1.1658412368572384,-0.8794327423993297,-1.3280623604828024
-0.17834479496424685,-1.0122719778709717,0.756035073636205
0.044244410828187315,0.2955498000710452,0.47439038864202615
0.371083819491851,0.5984503625671593,0.137984199729496
0.2114783969401298,1.232347016158169,0.1259186154156046
-0.131566683817372,0.26885358349321425,0.30740717758703107
-0.6225485040597232,0.8241341803780263,1.5279500985097636
0.48153649899223794,-1.586075607334208,0.703204991780457
1.1748642125373274,0.51772151563971,0.6836762172560749
0.7767624789422318,0.8309104040853537,-0.18744957024883796
1.002774776961318,0.032714687027622175,-0.28339717951078486
0.6030919531786803,0.6885352552820163,-1.3048796410647043
-0.2662223601210057,-0.41090691388951994,1.4382002314112556
-0.4076695525938995,-1.5660578811231851,0.9661173050136379
1.275045856212692,0.35922969463061083,-0.8829842943649407
-1.4447364910808231,-0.6980455411688705,-0.8849037832827701
-1.8328200316343801,1.5281269889320832,1.9356005044311988
0.5751222470466522,-1.1460646487341846,2.018915960972441
-0.2868819687228651,1.738411169686141,1.4240655742216592
1.416438171532246,-0.18229812750176638,0.2243500635120648
0.5129780568036151,-1.1513311692657235,0.6251117198182147
0.15234993936413374,0.25825665841052364,0.8089613044777855
-1.391736823630701,2.0591719729488758,0.1529782666183924
0.38961438706466683,1.5199827693822587,-0.43750490657568636
0.6078967730008602,-1.2732924821668514,0.44694478503891977
-0.8352899991361336,0.1550535170405817,0.3595657858995206
0.8843480528869584,0.14941700005399988,1.8888363356623856
-0.6362169468286383,0.7397127447771747,0.7709416360620072
1.0072191696080288,1.0542546586314252,2.099378900886167
-0.5557418923206034,1.3841697828420894,-0.777919532634262
1.3867406330481535,-1.1214392401222624,1.1735843596522724
0.7503635720540822,0.8365023212732461,-0.7426349643386896
1.823334228345891,-2.269935317271701,-0.41877007690137064
1.222231663666364,-0.6034685700244518,0.5379438193970818
1.0194220917683248,-0.5835244610815477,1.2899592516011387
0.271250903892754,1.8347934604142953,-0.4974975147407258
-0.7932798054646278,0.09317248883812305,-1.058021069785995
1.1023515540894029,0.8565806862890453,0.5519096951033954
-0.09184979500291612,1.6340077388030356,1.873850875974402
0.3465694610466175,-0.1804968159531651,-1.062546877448489
0.6357450645783559,-0.7238231730613032,0.4480803484646936
1.319726518436938,-0.4554453964889406,0.8742458988416231
0.22367125590464718,0.05445087397256095,-1.6790319638827436
0.7105710042943898,0.8037954110330731,0.1806934840754291
0.004784899939824438,-1.541801054045243,0.010394471792053422
-0.548443578017835,0.251878011835029,0.47891158726375527
-1.0181675306618405,-1.0627689040918304,1.7820131988085566
-0.31376455290908944,0.008572534695658387,-1.719085259426791
0.2853972304862943,0.18407648127062726,-0.36615363547095614
1.1624642079427965,0.21457686087710887,-1.7145854532000453
-0.4862777776454905,0.10259421367367767,-0.9484483401215695
1.803821160126,-0.9787580562680614,0.8533839647974465
-0.698121081552585,-0.3048018348861304,-0.7408491272244383
-2.224857072528346,-1.9378776390107635,0.5676284516102302
1.49760754717299,0.01275882193752489,0.11253678439512159
-1.6889872607884453,0.37712459528751413,-1.1853838673326924
-1.5918708393888465,0.7864392681750996,-0.7686282579188767
-0.8834085826706884,2.1420553466527377,1.3056461537003956
1.6564142220338496,-0.3177690173532631,0.42764662387782765
-0.16263374699484454,0.5846571998111852,-1.1641353852109069
0.3615736157596734,1.071147959196886,-0.23017408550604376
-0.8077684144804307,-1.943031589054282,0.7340333064596952
-0.7900398243791751,0.4440431486119657,-0.5078417175807287
1.6862492849254032,-0.2090653575578941,-0.9182195385427121
0.8215290071404885,0.07129602194249435,-0.7751278489586991
0.911896460146816,0.4228391964278078,-1.4320156086707412
2.004202185794493,-0.36386720715431026,0.6683254856129615
-0.15769428861385837,-0.4743897664886643,1.0787173771935374
-0.7626522565759906,0.19550739262061428,-0.1499491786363477
0.8092691460989231,-0.5249423197101433,1.1511031954469488
-0.6354124408542733,0.9043014621144188,-0.7320854571434383
-0.2503277047602384,0.1355908591615819,0.9814828150077117
-1.7181868945406409,0.20097692669524442,1.3986026192658558
0.21422656218427835,-1.53967996992791,-0.9865673486795271
0.34123581871145475,0.40715965849915686,0.475340279691461
0.7453662938295647,1.2430565713216868,0.3013693236403549
-0.38569225774945076,0.5822753883846143,-0.0010705464800887352
1.0770435928006152,-0.1471760117556843,0.9832940693384017
0.036519514184144106,1.643007790848328,1.4835537698542929
0.39010634929925264,-1.6485952867932574,1.5437049233022992
1.6992106115314292,0.08655814929159747,0.8725562886639806
1.1777298000342173,-1.325940823881903,1.945823172125897
-0.09271137551971542,1.6411356587496346,0.7296167512833769
-0.4614355432307455,1.4012729491923603,-0.7540895683462422
0.27538249380247093,1.123513214135842,1.0284551736826975
0.8635804933772319,0.4823765432528217,-1.5356052186458795
0.7221952033872681,1.765556872971798,1.1380070438254615
1.6847953225780912,-1.4198035909433144,1.263207330526271
-0.1477409372209841,0.2863634994074757,-0.7344056183453546
1.7062301640984872,-0.8123488232773307,0.19094292100450092
-0.32965619263132667,0.3978363951618965,0.6004984765225471
0.13740442020533014,1.4385806818784785,0.2596297552917064
1.447205856329307,-0.010381212239497489,-0.9136931275086344
-0.6019562505688997,1.1667744661551187,1.4350084760830149
-0.4138177636356191,0.9087939425885346,1.1922235711292088
0.3060621747044685,-0.5752377021569948,2.3027056960461465
-1.168026037093665,0.9626303059725305,-0.02457151297899583
1.2000304564590596,0.6872298933206407,-0.727728908799558
1.6570510497627107,1.5812017310791848,0.760712407341919
0.6059716594790874,-0.6955954965992119,0.2759989390985687
-0.056611467838942955,1.6604170574419026,1.2086410222655695
0.7255322765654789,0.9129209365344021,-2.6115812165017345
-0.42044674357970163,0.7261073672650259,-0.569371481063528
0.2793640775491359,0.1789569556679666,-1.2256440689801325
-1.340625709714897,0.7756588625422031,0.10319879712646178
0.8930474041760377,-0.010954990028084232,0.32361256047522746
-0.47397869806435944,-0.8412564336253167,-0.6985165471946203
-1.2529735250698868,0.38035843359887345,-1.1515603859932446
0.297539822967926,-0.24971420694863256,-0.6850179034389008
0.9660630696553634,-0.2015754941785543,-0.15016683652350302
0.46027385228506984,0.9512221827160156,1.2231774237881057
-0.6676209634351554,-1.7327789460276384,-0.7419773682683628
-0.856742105314907,0.11542145634141923,0.410697392762118
1.1566825431338876,1.5168971659223045,-0.8747657279255022
0.7063937040249975,1.2187041198655535,0.32814873254754623
0.6845874841406232,-1.084348038564966,1.0245806695186968
0.2298717871614408,-0.18345596196382788,0.23520513431737425
0.873546318744295,2.6027487435132035,-0.1989142994410492
-0.39483812716569405,-0.745796986294208,-2.121776019160004
1.1564285634082079,0.2870200217279598,-1.7263435538595333
0.9067613293765672,0.22292290441199478,-0.29938688401966496
-0.4871144709973084,0.43026985167847626,0.08773744653407954
1.4532630368009747,1.8424227066225471,-0.10495862667085802
0.5134692801022953,2.151624938974479,0.9845269291688145
1.0281852747661384,0.05398049541077791,-1.3272643432965625
-0.9723211465495957,-0.8089138719005254,0.46236990417777823
-0.5392039181155224,0.8395984471298167,0.5356912016105414
0.2667925934078043,-2.099635721859559,1.4660256336587763
0.23126442891994478,-0.23074474674628892,-1.1288758919605728
-0.4655050902966984,0.8553081481722091,-0.9807180750490697
0.4044911094076049,0.8145435786093563,-1.6881141081508646
-0.6669959426085802,0.6730392589876153,0.2596934595996763
-1.543901044864546,1.4007904266796007,-0.3392330911615354
0.8443726443016066,-0.2739526831889708,-2.060006342631909
2.7299024915877745,-0.5489818627607981,0.750794027752897
-1.2386385715764614,0.39744895094932436,-0.6007935631781259
0.3191904975074291,1.205084327147811,-0.03833316994485427
0.6371044505399497,0.8852267712555786,-2.7984590860022585
-0.37975149500984967,0.2592430610156808,-0.8475367568289143
0.48539385402739216,-0.834892632655551,0.1270141626463113
-0.6616886068404483,0.3274600230441719,-0.6994668192113579
-0.379450251296165,-1.3731024410369959,1.0519783186119165
1.9938842131037804,-0.5955022986340941,0.8317500333190724
1.026324989022534,-2.618498512760549,0.7288817987111968
0.5271400862772617,-0.9181331538668467,1.4847603828661955
0.7618554807584713,-0.10736631226295035,0.21335758249890888
-0.014917368206244324,-0.20475573328254246,0.7066712515622368
1.148228982164784,-1.434619502093572,-1.336486467220206
-0.3504019154450338,1.0898260238413768,-0.06499473501552952
-0.05648451685827318,0.22139386547438553,-2.4468647426468983
-1.525059550146749,1.0918942588483886,-0.011535224561000468
-0.11901183226814151,0.12711978386390405,-1.763117998501285
1.382098042445925,0.4271204501913959,-0.23333806857540698
1.2675771082227962,0.39515975108919354,-0.4715511684112073
-0.06617745236842598,0.2596211518770524,-1.5695148847679237
-0.3089626168627689,-0.21342124219553282,-0.027191578321547328
0.4306174205525018,0.8038948381512074,1.498302585783423
-1.4848292830565843,0.1129685290646646,0.07274762155981329
-0.6694040103467639,-1.1647538791041168,1.3086275845602844
-0.3404842582858491,0.6143190666400381,0.9182245307860114
-1.371083661958891,-0.029362127652233207,-1.2260289772450852
-2.0360029304567133,-0.9168785789126177,0.27852893558339165
0.9113671116057087,-0.19995498997070138,-1.1974195014339128
-0.8806788105305475,-0.3370001367794008,0.07419631596488449
1.7981820706575284,-1.291320753619531,0.8168168931865436
-1.0973876569047776,-1.0507787085419396,0.8061685149119282
-0.9932415806620195,-0.30135200852226446,-1.1769387996889757
-2.1844451935503386,0.20891942434585994,-0.09567398960586636
0.6335649600700473,-0.6317319243667072,-1.626397693710443
0.19064592907033465,0.15114078322605062,-0.01273180728916875
0.6502586711035208,1.7842490865096257,-0.4129807784927316
-0.19656587868747252,0.43763410819305165,-0.9818566725928082
0.33003346711340914,0.33032926511503086,0.4489566144969601
0.020645260284933502,-1.7164050007192468,-0.9246001409436891
-1.026970361206593,-0.14750076084316027,-1.999468571597957
0.5005219075212487,0.565048749158115,-1.283153697875046
-0.1836005558019186,0.37926411916338254,-0.30182312085894175
-0.8722269774589261,-1.580971270631691,0.22788148244901604
0.8844891010105312,-0.8687337624768808,0.8507484930321116
-0.4798725495789474,0.31021774520720563,0.5246933292243743
-0.4125604571812666,0.30460276417307364,-0.548877197734535
1.1810244562152927,1.528947829869049,-0.7058773554136507
1.7911347363878167,-1.6598921032955947,0.6560765828570199
1.010596606625747,-0.5455186463171815,-0.925070285733469
-0.3364756122164931,-1.6410774626077902,-0.29244662639518787
-0.7011694263749537,0.30625240675477317,0.042935953700148494
0.6902996133330492,-0.19880774185170327,-1.2776092351161925
-0.35897505683151576,-0.5383842846891165,0.6542637102232197
1.122457352658921,0.5383368233094513,-0.01537665342805787
-0.4676480950208255,-0.33648709444330266,1.6350009504421572
-1.3201001173918299,1.0287173256775932,-0.7561746511968991
0.006468623629896458,-0.20896596192265507,-0.25776280390146356
-0.7261995626634116,-1.0404061724842821,-0.9012628397250831
-0.20121507361378488,1.680411541806947,0.6786065590345833
-0.029624856835813868,1.0589072621337672,2.0670740471115567
-0.4040530663183074,1.2180174568554603,0.13572561164250704
-0.9931677101058679,0.6818213084115936,0.8798535717680176
1.92632156199785,0.4103120235859657,-0.35977666822807536
1.0440328224879043,0.9251920882849557,-0.8852471282446187
-0.788553299293299,-0.259933814932392,0.6527763171734186
0.5236982122138999,1.9949516195609502,0.14294242329681264
-0.36352167090515036,-1.7149981247316106,-0.2910151427006388
0.3208889865258531,0.3020742161967375,0.2602103116886282
1.0687848563914921,-1.70647441699903,0.915844621876985
0.4789845992642665,1.1554769127401225,-0.9676628481009967
2.356689469483946,1.2982532406271003,0.2501887445533821
0.2615978879496177,1.9033928040699788,0.41566439552887435
1.1247490152218211,-0.35983573602530594,-0.45062941042462645
-0.5374432583952625,1.0009714099272973,-0.16989845335783874
0.19204625923396404,-1.041396918396633,-1.5070860580983736
0.9348220320482402,-0.28883179819486476,-0.25107613795689443
-0.9756304427024902,1.396167923064527,2.1069099647225284
1.0115114057210675,-0.29585445431368385,-0.009550462543142756
1.122665105091449,-0.036936120965337355,-1.1160060066344384
-0.0940224149394259,-1.9536927255756433,-1.9619705381658012
-0.40993175159889234,-1.5171921216646072,-0.8136398686663866
-0.6384850919079181,0.23528068000608238,1.6200204020930875
0.6172778718947465,-0.6654117116151789,-0.3759763879916999
-0.5299438380394725,0.4807294890011329,2.2846395069411973
0.32111075764550917,0.5162112266209633,-0.3013940846671407
-1.4791777505069414,0.7158700164872177,-1.6828116822086943
0.6081758954900494,-0.3712654893059723,-0.08976839167847614
0.11458691807485931,-2.064947911866422,-0.5755116062013245
-0.03049894309320851,-0.1963857082989831,-1.7687079763781057
0.006076472376814906,0.9175176277073418,0.3722234921308292
1.2506220473618153,-2.216214837865468,0.830938005506686
0.3291084921147169,-1.8080612540031706,0.8038258380512578
1.1705309537171233,-1.3758612145950135,-0.7836519077397961
0.2827296170180609,0.139438666074191,1.8709072147422292
0.5381178317442912,-1.45794326556806,-0.3918684098593888
-0.08991552008975441,0.3248008423868274,-1.0349449431303648
-1.690329309481456,0.17851190651479334,0.7644275510318315
-0.8141558299049179,0.3998006395789842,1.6257405191741667
-0.9477673938939455,-0.39141571847426987,1.1422398291264244
0.7893612073377304,1.3340054880784702,1.5305283010267954
-0.30865433522880736,-2.0149121760156756,0.4291988329292682
0.25997078396829837,1.244647113834437,-0.8413470112406112
-1.470574892036971,0.30053756460156433,0.7916235901667222
-0.9754728585608503,1.7106371361138224,-1.5563145030196517
-0.23867935076115668,1.7174157040607052,1.698694624624915
0.1429724482313667,-0.7853014220117193,-0.3784389676517228
0.6044459717377323,-0.16557246195217462,-2.408902986923951
1.797487662981608,0.5628545512694951,0.5878481996916023
-1.925989709379658,-1.0806119373887075,-0.13597256262722243
-0.8446685774186344,-1.1138235184258807,-0.7705633330544884
-0.6481647259886438,1.3582292659408803,-0.6234394803783763
-0.3395608688835834,2.4823346627014047,1.0882036088908615
0.6775223850131612,0.5915923499750827,-1.1924438353442925
0.5819134871527047,0.2343573304800713,0.39783114297562605
0.4491059638743911,1.155927749024689,-2.256153217992382
-0.3301004123500292,-0.19512443002386537,-1.1294452106563302
0.19779711471181213,1.1780024872599606,1.2016745585728905
-0.5771841579659617,0.6863072745430404,-1.515152374078626
-1.0120772698294156,0.06835658272415274,1.982542172885014
-1.489154382691581,2.4894378072126977,-0.3098456164906186
1.1543569024612472,-1.2083271557505275,0.5944474214064565
-0.5959011673099002,1.0864579116108048,-0.045502477200224725
-0.4141032938029289,0.9606697436716753,0.29947762693531493
-0.03683403916748505,1.6423151132934812,-1.0721325930057222
-1.6923240528848476,-0.18034741317838426,0.5986785443522272
-1.2627354091922014,-0.19979580994440654,-1.3506470372484056
0.3890967709220986,-0.8397570271759989,0.1817079329403524
0.4124944339631972,0.14148922949957554,-1.091224841121723
0.5402359065159934,1.0467977088241618,0.5314390080875777
-0.7048708309147725,-0.33115493331243334,0.7550202175924127
-1.2310114466877942,0.17112184814859943,-1.2261164084507548
1.553267336798339,-0.161578245316306,-0.9569244678926307
0.7962270263957171,-1.7920949844716738,0.1535543888806303
-1.2332257819000736,-1.7234880044857404,-0.9539856261519662
-0.07861066401840032,-1.8414946708846915,-1.1185421192574179
-1.7786164078424138,0.14629757577386943,1.481023805969766
0.6158744472786848,-0.7928980762099244,0.33659872114148515
-0.38767673903669525,0.045234582400305895,0.6259138198193057
-0.2671593718148295,1.2612391560668756,-1.3744476660584064
-0.24190339797495192,-0.6758527479647553,-1.670530822688403
-0.6668648293128363,-0.5984203791208051,0.6315662089093211
-1.2567568331254555,-1.2889126085617488,0.023351623030983395
1.0810832423717678,-0.8159498449885556,-0.4128003777716568
-0.5555252179648906,1.5834977016023686,1.3773036208628313
-0.4456835080343911,0.7173891147707064,-0.5850110171840539
1.2408486804648016,-0.1648270985123313,0.8313361618213447
0.5111696057925764,-0.2382422522182478,-1.634292126518953
1.6788780119362356,-0.5117071579475327,1.822467071650318
-1.5522697351149948,-0.8696401364905816,1.140081785785423
0.0766797119473858,0.17616030070058047,-0.4715662394149526
-0.2350853385584028,-0.7436797410034612,-0.8454859176611309
0.9120860829499929,0.2697421879161135,-0.8308457649760957
-1.1460004851830443,-1.6470155122287122,0.22817432983921904
0.134088521479883,0.7984212531046895,0.44708007063065613
-1.744962369614315,-1.0934910313014874,1.357329564158787
-0.5268756848184228,-0.08045068632497474,1.9498189588597934
-0.7558114796522994,1.2253573417169632,0.883142995198458
-1.3904601302934698,-1.1793441055371283,-1.3090897304110516
-0.35984602268902277,-0.003844412526289082,-0.28933932362439635
-0.5561839245384019,1.1657594936573348,-0.9235040725247349
0.7220510817745224,0.45106903460917563,-1.0122245918752262
0.7892221740457549,-1.4828990705242302,-1.4702630974270485
-0.9260691059137826,-1.1410572745765182,-0.6390797474054674
-0.7762071844991452,0.7487990923848813,-1.2549649097389834
-0.5277329425871101,0.6444155249071007,0.2565502095561204
-1.5683942056681113,-0.4046094532097452,0.43453588899440493
-0.6719326092058973,-0.7839072401938768,1.504403558923655
-0.034226069846562186,1.84905278508367,-1.2652038633471512
1.365217340779113,0.6829866982831627,-0.931546399910319
-0.7090233150408761,0.05443605926022643,1.3826497010055827
0.5040831700089121,1.1582458336512524,-0.8954016815030891
0.5281123181468582,-0.7894537560736371,0.927477936511362
-0.8003060942286606,0.1279429927529834,1.073797413487815
-0.7290104837577671,0.73477973051698,-0.8095767807376906
0.14698201979111408,0.3159853417138912,0.32958464712973473
-1.4391728931110257,-0.21617813112392806,1.6412035432128917
0.140038602897198,-0.870845148835343,-1.4160334812385347
0.6447456259913207,0.04189953590768121,0.7820899267899754
1.8962709599943859,1.1308877719547146,0.6107739265052884
0.9393439637485717,0.25346309930662225,1.6875612189929368
0.8357736777986682,0.6405621348319862,-0.23149885473656018
1.512876603924845,-0.24739179973726655,-0.10507558717201629
0.43479438456600805,-0.9019453645718647,0.6875646332509034
0.6175132460486509,1.09486007360616,0.4736748731724885
1.016451514705898,-0.34163096649143865,1.3333583951077765
-0.9549934418097342,0.6562132310165666,-0.7642465075693
-1.6810747239046064,1.9029225979224509,-0.5460002071698984
0.23552872130604321,-1.274343458377124,-0.3168645663280872
1.0283196023371044,0.38682622858478594,1.0605643634794348
-1.0459129753670116,1.0489094818733917,0.29608462487857906
-0.30857484310540245,1.9232023105454488,1.065328609612551
1.6446385545940045,0.4017761928320867,0.4910067674006573
-1.9259235823055485,0.8963671654271846,0.9494366253045927
-1.4169823736171299,0.012862532678735385,-0.9079862088603183
-1.0812106167584152,-2.3607402170861747,-1.4677275836279964
-0.22610918814357442,-0.359427766826595,-0.3061476893027802
-1.4533079340262112,0.17442203692736752,0.07130711890934407
0.5966935793693161,-0.7148335935502009,0.7060872954808967
-0.8283107771553531,-0.09613528155710355,1.266263164373764
-0.4718793582638737,-0.10846461161543688,1.2008121393936733
1.8922859621085693,0.47390152410587294,0.3434688516720559
-0.8213910242895311,1.6611104587175507,-0.5002940873871372
0.4468661846619337,-0.527319667246059,-1.3621657335560005
0.6494503222711283,0.2869011407106493,2.097824746985464
-0.9767255026667613,0.10950629386604252,0.22404298969870148
2.4275177738432463,-0.5429230796897858,0.9008295792081155
-0.9022418081430335,-0.8357588107056916,-1.040295513891455
2.408127417013572,-0.6379459834131594,-1.1153722822198726
2.3806620356645865,-0.24285525293126273,0.7360937608729966
-1.006378147665478,0.22804195218226692,1.5574258233443519
0.9270873497541234,-0.7366823740092427,-0.6628053078496301
0.3694777924008987,-0.6529465427784319,1.531396687268474
-0.7699273565351652,2.000679666533328,-0.6239576670736229
-0.5898933834534811,1.884044512192227,-1.077210303844153
-2.0476209296792867,0.3737236130312161,-0.28251326712149694
0.7606152538462837,-1.328004148734191,-0.32717693038607154
-1.2900744978723795,-0.32305475617520923,0.5615550857028203
1.4646878558064236,0.9391953070286057,0.25516611637412356
-0.11785524445165788,1.3115150567768867,-0.03270388778546159
0.26743598493060095,0.32747458000760943,-0.25538074458879917
-0.3073840049817231,0.07205736513377839,-1.24512536427428
-0.8740958909756809,0.36646364262811487,1.0166007630455505
-1.4031971116951631,-0.8054284347072809,0.9439891445202925
-0.8799830510305666,0.3118293921645523,1.709226991063435
1.7583837068804637,-0.39288593220763773,1.8886258995630674
-0.046222548126774975,0.11809186120086064,-1.1383527417608466
0.19356440598430366,-0.6376428168992611,0.6644490821224127
1.5854519844375827,-0.18456220577193436,-1.0409021424392857
2.1731231695629014,-1.2702494950111807,0.3425681629011552
-0.10003754283770777,0.51115245731106,-0.784906857472711
0.6320928416978815,-0.3068548598875725,-0.24196253541250293
-0.1876131375199349,0.29827028135893513,1.8823635071676366
0.5073473623359918,0.41989416264421014,-2.2885532766984817
-0.8624461389456545,1.052886382060621,0.5810738250258355
1.7147410266478214,-0.3520716652309969,-1.1293919634891116
-0.1610903822706568,1.5701686247621516,1.0430444093696405
-1.141606026327714,-0.4294407903113874,-0.29236298347363626
-0.8001427363111363,-1.4607673148494,0.8567247050483863
0.2257915236841583,0.15485837067262417,-1.4195091557545492
0.37350622658728255,-0.7612546545312924,0.13664012927791783
0.7044041610678798,0.10768017691738913,-0.3253889561588974
-0.4654029525759851,0.12201911531952572,0.21684479565365575
-0.4828232555645611,-0.38440453532360636,0.3139528381726155
-1.3102059995136122,1.6209658672260217,-0.27278166319598407
-0.4869418860107454,-1.234443495365077,1.7383420195221615
-0.5445846105724268,-0.7352927002429831,-1.8112181199975983
-2.3279479766891935,0.8690001313724849,1.4690307016016486
-0.13434284549582845,-1.8037044804225872,-0.32330465290891397
-0.42957912396356135,-0.572264399640852,-2.4907860901946606
0.019287095249165838,-1.0397424261787167,-0.13576464633081076
-0.5249621256897322,0.18325920859256062,-0.21651522528247677
0.18517237317224283,-0.18528617271089035,0.4950046772535895
0.7063578746426157,1.9316290812257206,-0.4303511474803337
-0.6710191497307638,0.20744031926913006,1.2857730850833933
1.6212659607957753,-0.2257305801517945,-1.4352116967552064
-0.6708558190972631,-0.9311042296580866,-0.9549660738921296
0.051847880868363366,1.7978994388299687,-0.6687107910488869
-0.9455888876356912,0.16270320218757042,0.17614860376744965
-1.3073919365449147,0.7250366216961988,1.1116106135998445
0.9698008718616912,-1.8002009001874317,-1.0585848791148542
-0.23503392794085823,-0.8330422389612531,-1.1898679185823782
0.3750630713897703,0.75810724401843,0.8752573266578009
0.427544618744563,1.1887308984188918,-0.10100967153220827
0.4610119382703427,-1.6253482316980092,-0.8976810248414498
1.1850552815751,0.6110291042966379,-0.539038441420988
0.4860711638879587,0.8701298280306161,0.9310244237171189
0.26495008504508516,-0.2840454178113323,-1.0353780681639806
-0.552934206547589,-0.658583480406523,0.5197177112458912
1.028002782226199,-0.03590843858761147,-0.7586205724077327
1.2425271773775917,-0.9667011253685805,-0.08776052118942018
0.4199006118683007,0.944539581762415,0.9786271856183109
1.295447714290655,0.2352705674881217,-0.48301508064710075
1.5806928987920257,-0.9607342157083084,0.7984947879879112
0.5944829213198859,0.605445543993797,-1.6240173170846832
0.7075972255732358,0.4134574202002651,0.8101549090906909
-1.7288281901138927,-0.023327398892337436,-0.4015877477866591
0.32961730846138526,-1.0834213380154403,0.7810401580191172
0.36285258393692393,-0.3587606681539868,-2.4486108331278804
0.5911132614766132,-1.5008224715997043,1.3249274523263093
-1.095586147920872,-0.6486325793236922,0.3817051038554426
-0.11480500962757308,-1.4271223953105232,-0.08861705737595739
-1.3255321352999083,0.10052509443967511,-1.5990822261517001
0.6765773503639151,2.82161581969955,-0.03648688889065335
-1.135483877445654,-0.5186770418358428,0.3375600156061512
-1.3540261288487878,0.026479262666081284,1.503025438882124
-1.412846714833053,1.1226794291978608,0.22493693846032695
0.6891634779904435,-0.6980195168671874,0.6692129722422775
1.9133408036221036,0.041070793989003464,1.1958543959065804
-0.23134209257686608,-1.5615607518693244,-0.02960104259967252
-0.8029044042383081,-0.9647369855631566,-0.07633890414697157
-1.4200005758006484,0.8574082262570879,-2.447966972346539
-0.7456797134686365,-0.9754297892086274,-1.1585300824939824
0.8977535429592078,0.25398603740266773,-1.0158924817489277
-1.3509642873545762,0.6225986075579054,-1.2553242254471433
-1.261736298031874,1.4197415986596618,-0.47314188380281474
0.24213873859959167,-1.6215947867544716,-0.3325738403449366
1.1882523812920316,0.2513974195497653,0.8434803123397788
0.97038613213666,-0.33420197888419123,-1.7609658030619213
1.1644727017146796,0.9530380546983213,2.230555860631586
-0.9335305923261301,0.7659994686632758,-1.3974297184619768
-1.1249582416307113,-0.10422634726026117,-0.3276848649680318
0.537443647843269,0.524337959569051,-0.6531664325771117
-0.7228485062753411,-1.1091609534604603,0.8467591702879655
-0.6099403584739502,-0.6946302397671772,-0.3770088382210735
-0.8509210073395886,0.5370416580324335,0.19968030947131066
0.9634021070934561,0.36112159525387383,-0.4480332807224546
0.15986655319344895,-0.842637329237675,-0.39373174291312674
-1.4778620198003984,0.27431709129133425,-0.4920381993812598
0.2227154517101682,1.1782398022012581,-0.3750394872020606
-0.9011286660458487,-0.26556866131944823,1.9328664140274325
-0.6278089036572544,1.6335621611953932,-0.2508771937019148
-0.9854071349979674,-0.6765448243656889,1.127103222255103
-0.943692394261883,-0.8898502117208879,1.5586948349276804
-1.0127762875403312,-1.2483849820913395,-1.1203522647401878
1.3882784971440094,0.29557122793506874,0.852706499784246
-0.25930519328225365,0.6718119275507468,0.4392706978760795
0.3512793668777749,1.709996982491422,0.24850391085622256
-1.0959139695216942,-0.055440244475530094,-1.42918078504105
-1.449621822013882,0.24567645359934903,-1.1795960357975748
-0.07673467379161432,-1.1438849227812258,0.19401148310529961
-0.7519455732401367,0.27724618389952893,0.2088832235721635
-2.2238404559240115,0.44810405341865245,-0.5084907262227711
-0.5094253379470138,1.9493290263188792,-0.12018587425364889
-0.663101937937901,0.9092159182125382,-0.5255754553910595
-0.5136717517280142,-1.052395822996291,0.5007848213663417
-0.8861488336302061,-0.49732430537395544,-2.6110637491952384
-1.256634944106288,-1.3060972226349226,0.1059572426420484
1.4463029017961007,-1.1622153749759587,0.7385014053002222
1.7262998286578675,-2.524237888110884,-0.3034958851809029
-1.2171296185176645,-0.3022153386817446,-2.8423951417756155
-1.0183982716125586,0.6282761783985951,0.26642108492413485
1.5152112412572158,-1.7337343664825602,0.5337652138820368
0.10575488373085636,1.2972597218008712,0.17417478914971937
-0.07187216957421073,-0.34788872969099643,0.16504409212377316
-1.0737455162019127,0.4172809569118575,-0.5939149593950891
1.785423578576779,0.6361673286722623,-0.7034265211777158
-1.2367042460937263,0.8495869870503931,0.8827849853987221
0.8046407028946211,-0.31783357083319524,-0.42239705821238244
-0.7327108921011715,0.6507604594570879,-0.5652280750550163
-0.821745107128925,-0.7137760503978949,-1.708301929785951
1.0623334044371249,-0.810925804472925,0.8056658478553834
-0.48828938620106127,-0.006474559717199217,2.1622511003791303
1.6483033727369765,-0.14252142202427304,1.3140202027536945
1.3624425309201544,-2.2440484376280567,0.5322511864150027
-0.6089734680554904,-0.16512894423312074,-0.994895526818944
1.1274327266082262,0.5153489125359026,-0.957954180386847
0.20578072733735014,0.8791614542314615,-0.5835701115701699
-1.2186834032263119,0.4348399191210666,0.4422916027501406
1.2031908522836843,-0.1559961247946717,0.08626004868765484
0.6159891974793241,1.937499933920431,-1.7786763045478144
-0.8845089282381446,0.41057691766053955,1.797680227197566
-0.8334983768301295,-1.7912154902834747,1.3092803147735335
0.5241037029836922,-0.5939632759740358,2.0450586198261154
0.6767703440582804,-0.4468352152503052,1.8196639380756894
-1.9314586608087247,0.3360841610069227,-0.2582766233517107
-1.1941704067253927,0.6215691040836822,-0.17636454736511425
-0.20906835418013128,2.0241388630279795,0.6151603344823218
0.9097303546704347,0.23015793394976142,-0.9528198481942792
-0.5873169561049741,-0.370091688994266,-0.48588057851023525
-2.198195644076407,0.33835428010997964,0.04054928142347217
1.500855965532252,1.0113679814599599,-0.3936786254177219
-0.8464913990766537,0.5409713311939259,0.47873750263330916
-0.928654281566956,-1.3211621682003822,-0.8221177285593857
-0.0905324408910246,-0.9176676449224558,1.5311880232613633
1.55241884095738,-0.04163499966413008,1.0480115319787662
1.7947234647551857,0.684030041763642,0.690989031562435
0.835728754352439,-0.08777843323643882,0.3964329927292638
-0.8146653424278724,0.4457574486235169,0.8851187212512103
-0.8098523542073307,-0.015464875639838371,-0.045253480456271124
0.6604246649272173,0.9469081317371264,0.19081605558555
-1.8087214627707304,-0.08289014405743858,-1.4298521918555656
0.19981904482414972,1.2988494961865487,-0.5419197832397947
-1.101239662124625,-0.12387215581676606,-0.047379447516387105
0.2898650261520997,0.06145654480866799,-0.5074781101488228
0.35561717857370284,-0.20383175289870004,0.2801949134945632
0.24747553997234345,0.15399598240422702,-0.20598614936640244
0.9330204288818936,0.9868705300395343,1.0094131078690585
1.773276203864935,-0.3710534829432539,-0.4983748950684144
1.82040773717614,1.5616562674101524,-0.5755066712677893
-0.2935248240412665,0.15178936105504068,0.9012044785806627
-0.28543805429747476,1.1705875967398958,0.4307114758953301
0.5832599125526751,1.279456092288732,1.8621815629379692
0.6606445190497683,0.10807123156962249,0.03564261105027807
-1.1687339787973667,0.46614531144012356,0.371618166903136
-0.07369443736563451,0.8421300635609013,1.1507343954934546
0.8208922843648209,-0.037778265381368796,-0.8310943898327889
-2.1931136607696287,0.17761750096690912,-0.758997199079009
-0.25924265034899213,-0.8316227680239359,-0.5862917626877486
1.499180468365478,-1.441429760467857,1.3530423065523354
-0.892478787461899,0.14465827353760194,-0.7013077828891804
-0.08317599465174264,-0.1614765425619084,-0.5180919020100346
-0.2446707872908019,0.35962358824133234,-1.3433810858612991
-0.7841429903144733,0.429591979280969,0.0903554643795536
1.6590927839166347,0.8626076188409454,-0.4603394942998238
0.26792697230558676,1.8919327815479479,1.089922148451417
-1.4297938538942694,0.41099616905152847,0.36240676582755016
-0.08096138761381975,-0.21807234221511862,0.8350658299923832
0.7795223432387528,-1.2301936434286271,-0.30495121994928553
-0.6809945636352968,-1.772146391917414,-1.6123700083702608
-0.8031909959562675,0.8761338890982516,2.373108824393866
1.9740079048444727,0.7727493191115938,0.28134645316449614
-1.9318053438957499,0.14549011762048572,1.5775902097839696
0.31046653114635764,-0.6199803629238541,1.229826858037287
1.0803596047118342,0.025281820136269662,-0.9039289982824035
0.14320607127064294,-0.20236878845742542,-0.8514411331483074
-0.4094121432958821,-0.7776176839707603,0.7162898682005936
1.233911163034511,-0.055065799531220046,-1.3838286812998528
1.2997332778883366,-0.011008624128859976,0.7529565253222947
-2.7486839646822765,-0.49112586855509655,0.2823507929512894
-0.990057680392471,-1.0458615168561929,0.6909755594677122
0.3522329936400773,-1.1070893335985161,1.4110386065000307
0.10553753332133321,0.7295139009959375,-0.2603380905349741
-0.018192648611424406,0.41158330213173017,-2.3298037370291533
0.6309874964491662,0.06307431497727563,1.8922189121480884
-0.3079912704359915,-0.09579797617401815,0.06366435897965597
1.085063883839033,-0.5032758789487772,-0.2674490708131999
1.6842260109818097,0.2200197019620808,-0.042451416084609936
-1.2265818436006657,-1.8490441285977854,0.44428058154278294
-0.621058127641326,1.3984392741956329,0.24750733390074361
-0.9119483889247176,-0.2524149060336957,-1.1451590427475205
-0.30906909844943675,-0.10251896086303615,-1.8005174789303904
-1.024457659342812,-1.8238424326287113,0.9637918823329749
-0.5916608722529967,1.5732470996111043,0.5553851597825473
-0.2202850780456646,-1.9762945537533423,1.0975184332906829
-0.5720748971262762,-0.9064406394728419,-0.384660935261822
0.2572856501211719,-2.167243235973151,-0.24797263434856426
-0.49227255133934195,0.6268388365077234,1.4031794434071403
0.5371174781395087,-1.999594563061959,0.09620923485201437
-0.9630393760208795,-0.7767071177043121,-1.309210348367032
-0.5505877401936897,-1.2716617837699136,-1.6884597140998487
0.9181926608524107,2.090516552962059,0.053226509234931704
-0.840907186835377,-0.124632805961314,0.18114993384852918
1.8806665682005235,-1.6194543219456081,0.06549461831804794
-0.222834973987713,0.8790068694445206,-0.7688598399064244
-0.236777101763861,-0.9586808798562954,1.11725864231781
0.03527616603482643,-0.10341990055145409,0.8003384388171199
-0.8551728423169658,1.6175443396464633,0.7331975176499225
0.2674448985316584,0.5421515066452093,0.6172610522128278
-0.7389696943764247,-0.8401151672515461,-0.6004902632788416
-0.19071029055685698,-0.920149709262267,-0.08233758384399564
-0.243675738420179,-0.8469479569123852,-0.7279561306736034
1.5341528658470611,0.39051872101102303,1.4406041866147647
-0.08187953410457109,-0.059411668751134995,-1.9484870986447904
0.6956472274606837,-0.34373093922558917,0.1738536643935135
-1.0620605901224922,-1.1938330260493084,-0.24304242069900503
-0.20555479248318873,0.4630758936522288,-1.0885325453494195
-0.8607371952645443,1.1172483640034305,-0.4277895722667502
0.2365308772465225,1.3083347609119766,-0.8483403103863038
-0.3211604703551584,0.32624895684492244,-1.725332318077267
-1.3349664751270307,0.9790373846374066,-0.5042737450393917
-0.4288034222213959,0.7793237413909854,1.6481075132596141
-0.3136265100816902,1.155833409526994,-0.6169833155599432
-0.7483374003625636,-0.07668449854596548,-1.5830380288767165
-1.283221087808962,2.7766184791734947,-0.5752637121981361
1.7342148913124207,-0.694871055722715,0.605867417292268
-1.0300688632829273,-0.49481725768168844,1.6131643791366586
-1.7684528353275066,1.4024451811356884,-0.8932480292802958
0.5467335807596578,1.0897722627281137,1.0705875304581791
-0.29462207982398436,0.9887082234367333,-0.6205540299769088
-0.30119842885382997,0.848923494524232,-0.6926556414988103
1.5047477945773033,0.8896619683452318,0.7264418197486128
0.5832127592879323,-1.4961756728381537,-0.1270406805161698
2.15017467882938,-0.951235189618197,-0.2332061738300487
-1.0518428154551642,1.419191114503057,-0.6051905092346639
-0.3604402374757594,-0.33211904250378615,0.19900305051301523
-1.2405392681614202,1.0469953811234827,1.690645286623241
0.9963589126903581,-0.8475206794926029,0.5678213887045415
0.29888926241327995,-1.0316719007956894,-1.2310785593857971
-1.4507619117795096,-0.026222699071440873,0.07052714959331356
-1.2926806094727845,-1.2206723170387064,1.0984041577951786
0.8284349445111882,2.177070188227647,-0.21285426005238142
-0.0400031957295364,-0.2370783563781473,-0.12676501579127902
0.29495550768443335,-0.338009334658861,-0.9907925645581104
1.550756169318643,-0.12663451620170824,0.5581679512505928
0.29328573770355265,0.11683060507375465,0.5941708827129064
-0.5202353574181015,0.5047044037758588,-0.9131120380985566
-0.7874445501757819,0.1385197827873257,-0.28859769024893633
1.1362545237157562,-2.321688002549386,1.9152312466394814
0.4372619505974792,-1.1034263445696246,-0.0413835737745216
-1.1782269545735036,0.4537291426411455,0.5752065618708883
-0.13626198133536363,1.46699617384643,-1.6757947736485288
-0.23883000145114328,1.1224870197444519,1.7810918449424393
-0.1297715980377144,-1.2268566637816944,-1.3721258624189756
-1.3733980102744512,-1.2154740075094232,0.2414749404104539
-1.0810667854782043,-0.16900954274613564,0.5610608670500408
1.2008176819647662,-0.38819827787670697,0.18984014565427096
-1.0475163252150184,0.8336164436799847,0.5648266626174943
1.787487446976243,-0.6037613588487735,-0.19263481952490932
2.3651528666202664,0.1029051160186943,0.2099533094132822
-0.08184946836861785,0.8027109128012382,0.5143839159472405
0.0629477057726527,-0.4098864773100123,0.532791956976108
-1.659334830329951,0.44843674873896944,0.5067256772832719
-2.175790333536865,-0.2771432348312746,0.025253224039756036
-0.6937157802336578,1.3416460461387605,-0.08661377385584317
-2.0277555697525154,0.24874142896827448,-0.3740541130434271
-1.2687137185564707,-0.7172395427547087,1.3143547797320463
0.5531132990318204,-1.5878840690179086,0.3620670002295183
1.8354832489593849,0.35772532211363517,0.22862237436821028
1.7762925564873018,0.2295602140431432,0.7726199915893944
1.0280699988916537,-1.1313786859705555,-0.9974021817255948
1.3290278117385854,1.0729803215551172,0.2937505270886857
-0.8481084704769636,-0.08578065586905667,1.335806573022688
0.47361727251522123,0.7283100013303733,-1.3354353418851448
0.19689544604582393,-0.23192632733656454,-0.951256101388664
-1.0452960939446063,0.19886542696947407,-0.35697228131454384
-1.3742594619613984,1.308559138546933,-0.4295734127503342
-1.3208376673408868,-0.9254737526646625,0.3861961284734095
0.5953171951636628,1.4211013341036356,0.7805491663750945
1.7457652859251347,-1.2304519983507813,-0.7798753029058791
-1.9301163683177383,0.14126723869044475,-0.5346895455393412
0.332660567841357,-1.044727284018428,0.1466052104383095
0.6562347228389331,0.061810382238801594,0.869969728463437
1.5570670050658977,0.7678576080886618,-1.43324680565004
-0.22787646067153614,-1.2968836156811892,0.5485192610579646
-0.4009917960337311,0.40071837564424023,1.5424845895274717
1.5395509402271148,-2.1936737192084115,0.3559831535888229
0.05772873258611175,0.07875790947793093,-0.005792703839391532
-0.049795258198302536,-1.8156114489925386,-0.0843277073102485
-0.05986237909806368,0.681763982081845,-0.3335258821435849
0.4842625946089558,-1.7501180705935788,-0.15018801183007166
0.7951805531034807,-0.995439889237227,1.0946968325318165
-1.7845239873387326,-0.04833554885611003,-0.2450740312328476
0.32912104134336256,-2.0705212354584517,-0.20542213929612999
-0.33161012271295287,-0.5791934905772188,0.6961926901424064
0.6758719045072659,-1.6826061015403877,0.45919229162443037
-0.08532075055745003,2.2196654283652437,-0.001811931600889681
2.0117840675215564,0.7058713150084043,1.0655037813556514
0.3747417604392118,-0.6487483122960442,-0.12755514300098225
-2.062259434272275,1.4928181875964277,-0.5267920328771731
-1.3293128151798497,-1.3153173592415843,-0.9655688017447737
1.67854581353955,-1.4389539454917397,1.6233100198901174
-0.4714680323755358,1.3215330937104104,0.04268562055842469
1.4899190820566204,0.3487720310022474,-2.586677539204336
1.3071514657335341,0.3103060404849525,1.4058726723253223
-1.4898640390782574,-1.7412085284986993,0.8436286357457025
0.21866636725627217,0.055060929763909514,-0.02970861766593321
1.6751657823707435,0.15361924268409416,-0.4658562079377019
-0.48139108315953194,-0.3957998316142717,-0.9881610761375038
-1.0153299485741254,-0.6730625475436987,-0.6623532072521882
-0.5778765469084647,1.028138560032027,-0.42702505997315554
-0.737701294096992,-0.5748697051305377,0.5374740400982897
-1.6717095151950803,0.326618681554042,0.9744732458742281
-1.450816384786268,0.13069186691756365,-0.0627208724275746
2.4732054794055562,-2.2531141488661,0.3790103899762973
-0.3824792718067682,-0.4164588597892473,0.4789589769702498
0.0035871605879626554,-0.4053801543444886,-1.5447243768494385
1.2420302051307912,0.37571153756436554,0.0713376122729699
-0.15654499965887722,0.09202969640731645,-0.5260327280054143
2.4154777105447742,-0.8406823439637884,-0.5904996851075236
0.9220960063645457,1.1344850158528312,0.3537407933905345
2.3330365227541625,-0.06382619812629398,0.024971917330186146
0.48801982850460085,1.8269830185222764,-1.4875198889412702
-1.6302971396884594,-0.16302214367752543,-0.9002697403098674
-0.020317929143719115,1.2480894242257465,-0.6059662965556801
0.6021888919491913,0.20625461561361108,1.618205424915307
0.16482464782742262,1.6869583412603537,1.3011950586386352
-0.6667264451592055,0.1963871547964843,0.541306375217247
-0.9428224013243027,1.5565505737310206,-0.0987747524739018
-1.5228170534251955,1.2635165020356491,-0.2648062864884845
-0.8098785106784027,0.06591504232794346,1.1019952888271678
1.4062488715254882,0.45977275858727695,0.8144689834589939
1.7952129081126664,1.5965867588477514,0.3475778909640611
1.7475314081805124,1.0049713278628183,0.33215576056411356
-0.10624684890543742,-0.8848841560804016,1.0114519870438778
0.8726919964152761,1.0570836008762063,0.7805504684886245
1.2136065452972888,-0.15950632983407004,0.7462006417385798
-0.6808734675995851,1.0303983313591378,0.008162566148000573
-1.3328579847999604,-0.8655693165502955,-1.1407859527309259
1.2559142595971138,0.10651122527710472,0.1767962116759413
-0.5849243106970744,1.3918570941576982,-1.0029805663213578
0.5913316414179697,2.2451426520586932,-0.17808676757694888
0.46282348587461647,-0.24416108231804504,1.1681699857324146
-0.7597620048487915,0.8060847873562881,-0.825002111189211
-0.001710879959665346,0.30809592388396984,-0.5564753436330753
-0.42153791417869424,-0.23117375521945127,-0.16836047244230246
-1.1698820851691316,-1.6533777423218066,-1.3720101932094053
0.1021223972870694,-0.4696300575941527,-0.3955750047326368
-0.6208798567531634,1.002929345209251,0.76166777098109
-0.5144969635505982,0.930784963710249,0.803368273007301
-0.7167304719443834,-0.5680302190483555,-0.8380178144565757
1.0296505508498592,0.3455319612125708,0.6898991363755023
-0.48439361903785116,1.0265796639387306,0.4844688208865119
0.034309902642397895,0.7045576034315668,-0.9715686269196759
2.057834882010247,-0.26428209005827563,-0.6638979500209657
-0.49698060508721137,-1.0435262926856343,0.8425895312147943
0.40828913562306857,-2.1835693641573664,-1.8381845318120806
0.06439881334461227,1.1582816359732342,0.7012463084045958
-1.1332153200383714,0.2813032697492768,1.1634810184385966
-1.2268271830485007,0.2824448855083044,-0.06611499155463976
0.7895304494790472,-0.7163754081364068,0.5578440471711691
0.12855694757509173,0.9550345920790431,2.052009807054973
0.6417730675600881,-1.1729163907740316,0.20410077588725614
0.3313567031925915,-1.5236562598056191,-0.013356648311449216
-0.3650696274171268,-0.039294393912747444,-0.08701632622230807
-0.4426035226411409,1.291827041797827,-0.20891907189836278
-0.8188238195402552,0.18723361127632426,0.12711867397703436
-0.5992645359819492,-0.1598931027151358,1.4639939996993188
2.436252286167068,-0.6389871844819744,1.2586233491548677
1.6336792272136826,0.5916286501041221,1.5890121634205505
-0.07175086692161049,-1.5831004513157971,-0.8957037853079335
2.0184764248724063,-0.3553282091914591,-0.34115755485265414
-1.3109612081423654,-1.3957577285309066,0.3087834344108154
-0.8318834086440815,0.7359999805633464,-1.0180784956465492
-0.22889547061461887,0.7957619704516943,-0.28177128224492176
1.7018099053953197,-0.11695890011523676,1.4569478426278333
1.14289945458544,0.396541151932641,-0.9402595337235464
-0.22358872071823724,-0.44331301935745643,-0.0322280600632473
0.1427901403091098,-1.1113051933686966,0.7573015685235349
-0.2843577137411534,-0.5540454590715304,-0.03884161717552696
-0.9398069153589913,0.8521058401743424,0.7549923753048758
-1.3544095602113073,-0.1597772499347771,0.7643380337969261
-0.18014031829122315,1.0431628612985127,0.6239350567076655
-1.3058672659502821,0.6429928734495616,-0.5291421012775327
1.0373444202355488,-1.7119754016857849,1.0256363679932767
-0.822768872994354,0.08470017655468223,-0.8226242116077115
-1.6632935573420478,-0.21242416157367258,-0.48406850413999064
1.4123683655342316,1.3496369907236563,-1.70145282594447
-0.24961203757195607,-0.2834642480152872,0.0737775285468649
0.20802487827880092,-0.17523513939699747,0.10254010011231673
0.23332830939954166,2.358081474599122,-0.40565180642984977
0.866269580588812,0.9541237558551815,0.46597344973223354
-0.5548564599226821,1.462862850104029,0.8406196697450218
-1.4771305909501489,-0.7581432672486843,1.245297716067566
-0.4153493485076136,0.6772131249661013,-0.22024875017890652
0.561980106237873,-0.41642540821158447,-1.6774446597900001
-0.8540546102821619,0.8074600564601119,-1.2157658149974413
-0.5706386360389141,0.6233860738078535,0.042293029697292164
0.6042031687999263,0.08321359750195467,1.8760770296500338
0.3031994564428459,0.6187816948877429,-0.15280458762352525
0.0803461184852937,0.22739169660169573,-1.0149192560907352
-0.19373779111287925,-0.06131473274650306,-0.6397818967077434
-1.6824409375390499,0.8677902114979146,0.2549622468004794
-0.5587414819812714,0.9290809430627595,-1.2881039411959485
-0.1645842982369973,1.8972955884996396,0.23105127883364093
-0.7350143164456702,-1.3458355202757861,-0.8174161761457299
1.7717967080328985,1.5351936886895736,-1.456282325265764
1.2592295168596723,-1.6453759926287828,1.7640047364096645
1.0655064548619975,0.05286169012596709,0.20041178803238177
0.485359917712925,-0.21335075897921696,-0.8581226612034459
0.5222046192613677,1.5759356419753485,-1.0659683130869917
0.5559577571654096,0.29130191932160615,-0.9052236566043893
-0.1368529301155748,-0.41397638600397885,1.3578669285382183
-0.2772148362713915,0.00036106924307153176,-0.597343553003566
-1.1111209098860453,-1.0302169417916012,1.1331259988673432
-0.3503663599470687,0.07855722144167926,-0.08580764713135629
0.5610014300035525,-0.6850035520252538,0.18585054613368215
0.501854670282483,0.1774780596802503,1.0093245030489124
1.3128100606297182,0.16091351833427625,1.1638293342662176
1.444192245798353,-0.9693453138166633,1.3348376344868305
-0.6611986316289897,-0.8295083790169334,-0.6751394623686013
-0.32199602435255076,0.5654669851021364,0.5652628743570193
1.0904200978070537,-0.17108091364894812,1.2524239116404539
1.0219177838199327,2.051128356850187,-1.126570394129363
-0.2972889392623491,0.3709274629073429,0.4727864071571983
1.5213252712175407,-1.0891055465577648,0.4529220604922999
-1.6711711355530574,-0.7598030565052302,0.08317330660201258
0.6938541024286183,2.0905596831618354,-0.8477633311963882
0.8526247049240426,-0.806137161976156,-1.8195808542473781
-0.8141974877875157,-1.7945616066317982,-0.6950551624279829
-0.1903280068677756,-0.15867493845218733,-0.1352377460887334
-2.0342896450720303,1.3421866446341413,0.26569844548400107
-2.284931729345823,-0.11960752259249524,-0.16823783186711133
-0.026961316358993122,-1.5045782423457228,0.14723986839263917
-0.34053144067459723,-0.28929932878288955,-1.0234355722095447
0.11062000988334636,2.2454640198305937,-0.3798659082158188
-1.0710886301200144,0.5625126470387241,0.5655584036863734
-0.8863709671569708,-1.1832130921958028,0.8366958589895115
-0.9714303062874264,0.35211904832065605,0.6591244396984274
0.3621772637080306,-0.5780496970003589,0.36976572219060655
0.031080378807737213,-1.0184522583911169,0.9841641939890726
1.0072610509999222,0.3674987089241296,-1.6552623061824618
-1.4999290913503969,0.343380872005001,2.169007757629291
0.3798697547116638,0.8928105105957621,-0.4925264013642892
0.7144219454372918,0.8829470684001224,1.7723839380217594
-0.11932282032999736,-1.0248641211393223,-0.05357790941081157
-0.7774108892658034,-1.0507511980342834,-1.1762949217109913
0.7556674168458499,1.5326909473388393,0.12005970265190855
2.189361022475216,1.1362820897057617,0.1051321933989471
0.43444897891494405,0.07583298865951815,0.28170668848258823
-0.8570369791293021,0.7601417417082247,2.1223901799828044
-1.6942014333894992,0.3437588249909185,-1.3214728870012464
-1.707974386930515,0.47771673794160974,-0.3358294988950483
0.6497968358611879,1.1503611210502027,0.044030882721684136
1.3290520502002934,-0.05238598285761837,0.1705531458327718
-0.8505731880006958,-0.15157268124525392,-1.041860500957939
-1.4910289699594788,0.6807800290099049,0.334459168860839
0.3893688900376602,0.3653350061303054,-1.491935683348036
0.7268170696621141,0.8018900766037921,2.206079173796911
0.7694884817802056,2.1812208192657137,-1.1315040899174686
-1.035131519364815,-0.3031382119617629,-2.0283025700905712
-0.6675560568063262,1.4490358274791946,0.482923350225037
2.57291475798976,-0.22151842750625017,-0.3002234827145443
0.017709637132688846,0.008538554597109196,0.9676046824019368
2.1863494354285913,1.0257384147457025,2.214019096450225
-0.1382722182380025,-1.7982823727925226,0.01092161073420458
-0.9258268680698087,0.12550053262651334,-0.10759152370032025
1.5294018122701802,1.470627343920973,0.7145581906533787
0.1103185414042025,-0.1683705119071085,-1.2827494735706497
-0.6489739459985165,-0.6124598450848381,-2.3566916732471452
-0.9371043656404,1.3100160587564502,0.17304864028204686
0.04593234910579307,-1.039010579390316,-1.9930999090196437
-2.686018695181683,-0.5126378685595478,0.6829164894055836
-0.04067002226112478,-0.9078822742995937,-0.964632742620168
-0.0763536987858146,1.0936038771779777,1.4659705382135944
2.0877825089263338,-0.03906574335306364,0.8331900738175103
0.5068907858446121,0.06923248533917166,-0.1319189783444941
0.074759065351085,0.5555544008962765,-1.6021085180269594
-2.732608290002029,-0.5841324982439207,0.07485562822760645
0.600529272343497,-1.8967527837104934,-0.7604404137751933
-0.16012918830990963,1.2574022226217814,-1.1382863040375821
0.7494567892347253,2.066764281687615,0.5548920112321595
-1.4817402802793167,0.28669247439189943,0.7904011335397003
0.16257650574796664,-0.1542250713442662,-0.6513884612571947
-0.6400980410569245,-1.147583549191689,-0.3170934913755849
-0.5825395735476065,1.0242810846883692,0.5906747916388487
2.4223063369352626,0.9527324192815978,0.2566851600817273
-0.3147049336753742,-0.5346558212623835,-0.6899685443009514
-0.22086605390420863,0.9493276064539257,-0.12451683572682458
-0.5366974460326299,0.5844396353807575,-1.0920627408926764
1.8117419499961211,0.18733621646688034,-0.4651700198914741
-0.6095278236807343,-0.7150507248125012,0.12499596199691236
-0.28029768053816967,0.4426656087055043,-0.017914996494017087
-1.1687323785343566,0.6721053993354716,-0.833931856062897
-1.6792838885429717,0.6870879160003692,-0.6336105808716984
-0.6032548151970394,0.7601101474823664,0.6108764541793145
-1.0712223801748626,-0.884617688058219,-0.5925113502071363
-1.657151879612129,0.2742171510906783,0.806818079791531
0.23259888184885083,1.426045664508237,0.9793475608623211
0.044797708346157476,-0.2675978233645569,-0.3101391335350038
-0.621096735745355,-1.0527631938820776,1.2501659149643942
-0.915542407162513,-0.9635848558708906,-1.2387983296800922
-1.5398549499649303,-0.4847906985564913,-0.16134411393173162
0.6881037875308429,0.010770030622941037,0.36645194219971067
0.524370884725468,-0.14170612748750772,-1.314912428528216
-0.5094700184218293,0.5693703921130674,-0.7308422432736316
0.4837581677458048,-0.07288032354785033,-0.25541211881086257
-1.9080930656146304,2.721228367249208,-0.9838486908304606
0.1344705927364415,-0.6941736010789663,-1.0462481045844982
-2.2382599684961653,-0.1593856043623662,0.9536857894637625
-0.15818605259722832,0.11215006127849242,0.49824119081498613
-0.4806751742731214,-0.0326559000105808,-1.285463399528433
0.36809810517089103,-1.2657990460913884,0.8584476061479166
-0.4716661610486154,-0.2696668863243052,-2.679253353472118
-0.9759808257904028,-0.5791793444603746,0.8408584143762635
1.8758649212689735,0.004377805475954879,1.564180571342844
0.5153164209193618,-0.09690478289949032,-0.9160268254947799
1.4544920610017489,0.41633087379743106,0.6823901815387564
0.9024412313551902,1.2268950152623592,0.8392159549133742
-0.2928095094402888,0.32572685264502094,1.5670133570766773
0.5901543702389673,-1.8431633459297287,1.159255658580862
-0.8725568656865055,-0.35929827875723247,1.0294932321484147
0.8697800360993518,0.4470821710611446,2.247738047436293
0.10776680414608333,1.6020750527222785,1.1869951016820912
-0.2505897197424823,0.17301388630692996,-2.0923134747125713
-0.3230015162142513,0.3188016021450318,-1.742360541221964
1.501897163291868,-1.977198313225407,0.7627700576586907
-0.33212407456878856,0.6965951726469914,-1.0651920549952882
0.8371378611139034,-0.38956613733383166,0.998561106481307
1.4638213079242388,1.1909376940135812,-2.0190495790088145
0.8500671727331508,1.9161046722184918,0.15011522671872918
0.35084831204462563,-0.5776179243399492,0.28123533237252535
0.2141724489335123,0.5323291631990249,0.8515906556629346
-0.7782428960724193,-0.3942651489064577,-0.8124702013462521
1.179796532539074,1.378527601646055,-0.15164475627035404
2.439830401529227,-1.191392639485796,-0.7854026428224664
2.060400259195076,-0.34860802719390754,-1.522290224251332
-0.2875572792437232,-1.7397907401055346,-1.1323824515393002
-0.346974372562051,-2.1297610131573483,-0.3090937677380489
0.0025392687249867945,1.1309767411085792,-1.1388527479387787
0.3983102862363363,-1.1193195073855815,1.8656843134898546
-0.6700566404564284,0.10557216166467281,-0.5372415874566449
-0.5493514151297658,0.07244419541869584,0.6744160201608115
-0.32396120376743065,-0.2807394953175812,0.35022427074097623
-0.7832989946193519,0.6003282167425464,1.5523417394081138
-0.39760381691335894,1.5180079004239337,-1.0944998652495985
-0.8854202338939315,-0.3083234593936679,0.2244695830366305
1.3831596530742891,2.1151637094648685,0.09379922167882386
-0.9664172775534997,-0.7372860716341727,-1.20465059680366
0.35144731596479745,-0.14801140501400722,-0.38821474125883554
0.3538003194294094,0.035486332602945314,-0.41467615695569743
-0.6072872078806255,0.8500027214468656,1.3579964398143372
0.14492481867508314,1.1987341206597069,0.04017642285059672
1.1540965684896896,-1.5816355237261246,1.1165472927160953
-0.23125695292626017,0.3811306135327194,0.8783590655724343
-0.8742019067272528,-0.3370779289555711,0.34914074120573
0.4783898472809177,0.44194366784456907,0.06844367991316172
-0.4144248197891258,-1.15907573669753,0.2973338465672724
0.8739778241253023,0.029806361543269547,1.0420907768273093
-1.3636602225694294,-0.08017849119752005,0.11048171864959011
-0.23892609963532296,-1.134967041695376,0.7804973483525194
0.6130073957460155,0.4122759286766474,2.237368719636458
1.3172048185122431,-0.927047407354086,-1.8533871331854523
-1.0041650950375496,1.168299601650724,0.025298945377831023
0.10610927478118888,0.7681182934453827,0.7370001094070439
-0.12379585008443773,1.0950595279597108,-0.23785017150482102
-0.9200086837551044,-0.1852648503524296,0.7810819228485145
-1.954934280364244,1.7971152086301412,0.8251664163462163
2.2986669520827023,-2.1591046886638785,-0.11982150524963363
-0.3070754024166263,1.423132661085531,-0.34916227329036625
0.8951857568958499,-1.3024846897994962,1.0339640320893757
-1.6905290823222283,0.5119338382735511,0.965461124411172
0.3176633808560211,1.4750603297320548,-1.397419523940717
1.311980796466605,-0.5383204649107033,0.843765733614226
-1.363819974835368,0.21353372207450957,-1.1930069436351833
1.4557001146592465,1.2647897125577734,0.6539224182667742
1.2763654019100785,-0.22090786889174846,-2.2682059821039156
0.3053419962271654,2.1050917358191708,1.0394045421681473
1.1417045585312213,0.3328046582783907,-0.1876912801270708
-0.041458545148060036,-0.290194695247731,-0.8297169559016512
0.5209872698643306,-1.7300275736185908,0.09423402965063626
-0.453640463554376,0.8989730316057546,-0.3623697743093593
-0.6513724994886859,1.7390064202207003,-1.1348877353928517
0.03632210799974235,0.9740501717965284,1.518346711977542
-0.2251513929720443,-0.6184317546528704,-0.4838988225862852
1.5099359464365327,-0.41550800724060716,1.8469880660078866
-1.3838483663702863,1.5321998918957385,0.5610492713627849
-1.5467402752193509,-0.6061351178366421,0.3065509338581547
-0.8409265297812398,-2.235050671170977,0.6604019687531567
0.3824907795499837,0.6165232493142755,0.4901446976684624
0.49725132955400875,-0.23658535523289526,0.2688205342328007
-0.7823126730193749,-0.26998039350121683,1.703353837827686
0.2157573664425369,0.9472949235710074,0.5090531548671277
0.5651586888684755,-1.6644853586401371,0.3855624050677048
-0.24212863847402616,0.8956373834195194,-1.0858505791498092
-0.683984168450296,-0.6792603122811387,0.9662492978241921
1.2278667314655543,0.42544805859057044,-1.191685052384734
0.05422726142338473,0.15248267572339047,-1.4405994181383461
1.6358970320427355,-2.3587287339080594,1.253125622845366
-1.597446836592801,0.5184830762473158,1.2207714965442231
1.1583223325420453,1.0488090915441346,-0.5849035290703956
-0.8286967923270177,-0.17523331558206806,-1.6234414948738516
-1.1330084060791572,0.8139610694000398,-0.9799048003924242
-0.6826159383368827,-0.7359643009587692,0.4939914613783648
1.0283377392577857,-1.475758540854412,-0.7336766603679479
0.2546576939652267,0.5564059585232197,0.26455209985736927
-0.34876319974621456,-0.22534572512504986,0.5590016078110639
0.17408817580076655,0.028062965411906796,0.9929495430941186
1.557542259047312,-0.5992648180952207,-0.06684740549131298
0.5195471258320926,0.8287491083587054,-0.4600656806229561
-1.3499457144605678,-0.19860858136078594,1.7695979267629922
-1.6762246226265631,-0.19864484221027112,0.9597512738546033
-1.3261966870571515,1.4483770772672782,0.1845335348367025
0.9515081210615013,0.9938656435067239,1.0080945618270558
1.496628354728719,2.7654448939309697,-1.048731619571951
-0.9521937336939668,0.12047725845114153,0.18587079808195497
-1.285975348776012,-0.18996257211926837,0.6499825476586875
0.674922302744728,0.8691541783679815,0.5752988068717689
0.4996935041247461,0.6535341599898474,-0.4537625910805482
-1.2170834062750244,0.17192878831537262,-1.3335098828245244
-0.028388083975341493,0.08242819688169663,0.7259085625536436
-1.3460733431857932,1.8776018734488618,1.0337531862456013
-0.8970300559044612,-3.059317768952816,1.3167228333442242
-0.4735394873617327,-0.13506245623963803,-1.269693760616442
-0.6155735846075042,0.5264515410692112,-0.6610114866924393
-0.5779571699631608,-1.2574469217297926,-0.31704659294656823
-1.5004178962875168,-0.8998722334016536,1.7673977091619293
-1.091122080233421,-0.9556698548398397,0.32763151165454096
0.28993209488493776,0.19886324926603835,-0.615568202150486
-0.2230640520806979,0.6156256249577954,-0.5475443978355198
0.46391587701685505,-1.131446544568318,0.2733623805969517
0.35706966251512773,-0.5825770995998815,0.21160856317115467
0.4514279742800206,-0.07571322597305204,0.6221411252407377
2.0140303311123406,0.16249493463290313,-0.23441914999434424
0.8832943707661342,-0.6479970074180803,0.5860210402981558
-0.8683556455024176,-0.396312049156731,0.7810315290193081
0.8228985123145088,0.3758407190210084,0.7436592515273385
0.2459677599528568,0.9220570293988135,1.856074141661166
1.1242307095809552,1.214192143192713,0.20536152104119224
-0.7193430080497556,1.3534742612368327,1.3220107786672943
2.602235219315611,0.037682161262790344,1.8452594421644921
-0.8923643920773104,-0.04411388162482299,-0.9605758931301369
1.0011123638873873,-0.8666186583066913,0.26615220305651305
-1.62460374491973,2.347946260726368,0.41253200429807374
-0.16870952307238707,-1.1541522606405228,0.5979104212736053
0.7246133603113101,1.1326965940321438,-1.3577851982821068
0.11429736211887132,-0.6258756181762613,1.7530857196738459
-0.13776598702832035,2.6702619819626316,-0.9203627442528374
2.7242812812818675,0.31902410215973454,0.4577388846466261
1.3359392721941978,0.3686017570311123,1.2971326388852038
1.1092551765486114,-0.058517669944040195,-0.21511980318047821
0.04540022232393337,0.7370685382016423,-0.5278450030751567
0.5806750868226452,-0.32682023666928894,1.9372903992212396
-0.8631916702675344,0.49653858714353466,-0.6338737835304676
-1.4069224077816826,0.037462766418808476,0.5810200032691227
1.4185998431206637,0.18992858223382647,-0.03679180740268199
-0.5815537926862477,1.3323795137159562,-1.0115725388207044
0.9180215863837101,-0.5770359780766817,-0.09592942354739986
1.0190385153817687,-1.2627326959326857,0.6381759899800528
-2.2161182060622617,0.44395578805883074,0.3386061711832189
0.1917791695320915,0.8948591312300076,-1.603264807444155
-0.3746359465368681,2.019093078453354,-0.5352753526000175
1.777527670870658,-0.4130415639844159,0.3179989987970453
0.06023473175008224,-1.5584913222465338,0.6456607841030918
1.6537333166022419,-0.4174190440000526,-0.03581899557925176
1.1934972481981012,0.9737546339961338,-0.7862417150924598
0.7481738807808854,0.7470036693836537,0.6170367298899847
0.6093730201339603,0.999755335110922,-0.857212313179114
-0.402241053822959,-0.8402777795542333,-0.04366658438191069
-0.2204655987388674,-0.6234979675821558,-2.229313773127109
-1.9235872506692004,-0.22558890283801644,1.0225904522199432
-1.07984918505764,0.554157461830869,-0.3009209397872872
-1.1453373571307015,-2.086437333771731,0.36413891513701097
1.7462412344061655,-1.716810613497378,-1.2285683485286771
-0.32267475131347245,2.0791181312460956,-0.6525850046488495
1.0419625019276262,-1.5110641986773277,-0.3365573515922267
-0.09295862096399041,-0.9625891808394219,-1.253470129452698
-1.0295707519083999,-0.22761718226932506,0.4546679233747732
0.6128095467039655,2.2363722112828617,-0.6351866340293948
-0.8971223169051666,-0.43468043514831617,1.5894727358773755
-0.8525517792502337,-0.6461218455789648,-1.6940357632738077
0.39062213221837466,1.1668648428285222,-2.325658520100278
-0.936334606576296,0.22974221133794434,0.024555845451223496
-0.9599428647562882,0.07197853883027715,-0.4765758505051371
0.17779924772468456,0.7764978416151206,-0.6356785263944251
0.8587237568294247,-1.260009706419044,0.6859911198752604
0.3037207856258733,0.9283159830909881,-0.6833768199943104
0.33646451238220687,-0.2223061373856867,-2.3181548610753855
1.3782046362485736,-0.1226417364361946,-0.08857747483314231
-0.7994918628773768,0.10395125978325688,-0.3895787463811575
0.2765254265953596,-0.5762610475604204,1.0007630861583252
-1.0936031396548016,-0.2722094910516825,1.5562866551837615
1.5073251363746967,0.6324703323659724,-0.11875160238972934
-0.8151017330577299,0.07098557004919584,-1.8470019367665882
0.204331618575415,-0.06851922065386974,-0.11234178820067844
2.138669136740751,1.0231451906982052,0.8052398399999743
1.5700395129180205,-0.9436516144561578,0.05073220501268504
0.9513859871721004,0.6871986314616463,-0.6301317086173328
0.039189683313639576,0.301402116050222,0.47678751396144137
0.9173074965401138,-0.35325534883454235,0.3255667201322276
1.1017486117238742,-0.4858594487228839,-1.0225527206118472
-1.543267704069189,0.40392272338653895,1.54839384796693
0.480818264195222,-0.695637288165952,1.4196528255579313
0.9877622709919034,-0.005095688052490707,0.8801133703070402
0.787478145768014,-1.2067217908510806,-0.6261344101330193
-0.5975953804064285,1.0791184384944392,0.36759608753801337
-0.2846949356416545,-0.5382485841632365,1.376160314275516
-0.25194916605094325,-1.6252584007656148,-1.1410115598601784
2.0064410531914163,0.011182343237298572,1.5973153068008616
2.9064133543765247,1.3631535909561667,1.3336227656712927
-0.641481385483519,-0.44739656499023844,0.19904301690272444
0.011421347556857583,-0.5612481115246354,1.6120250783381955
-0.5303780134344509,-0.9329904174886632,3.0406081454912144
1.534640919125298,0.6115427690464078,-0.17002508494519764
-1.071517895302873,-1.1242092776260721,-0.8495976642010826
-0.4888775838813849,-0.6744853593414835,-0.5368871925613043
-0.9675018331658523,0.05799693686999787,1.392631641462691
1.261036520040973,-0.5915932848613149,-0.36526242748031945
-0.532727509717117,0.7025836882785889,-0.1176175407621784
0.7956387992548337,1.0982112562250534,0.08210689002272786
-1.9899260671076058,-0.13224417454468343,0.1486035894545645
-0.16047253051048146,0.2555268605445696,-0.10465756485985095
-0.9836688382120935,-2.0141938660597516,-0.073938501760852
-0.705027527957826,-1.8759884293325666,-0.36965516604203325
1.3422930299501525,0.03110264283573946,0.23672060239572973
-0.18708363704670136,0.09715628182892562,-1.0986891326013044
1.8590534095856692,-1.0322065109568739,-0.5814562727737013
-0.6237921355241834,0.7279304429829941,-2.0031208977905064
-0.8468027563883569,-0.2916362871607984,0.12369278591183018
-1.0042203725089693,-1.024527420063165,-0.6246418796377059
-0.3227210749253879,1.4444002983200823,0.8125465213729138
-0.20173073918073295,-1.0141185854861032,-0.705875491479949
0.1334721373288613,-1.3591469493560533,-1.0143492094237518
0.2483508212941817,-1.3869239596401426,-1.2563854250161994
-0.7325233610517815,-0.4525640564714314,0.4551394625345992
0.5293365378290036,-0.10270234013451868,-0.04049439423026721
-0.7838529044638367,-0.27803765617103,-0.6549432539765374
-0.7229739116663476,0.02142749771085278,-0.6873125400892858
1.6880339463185667,-0.6751903228814266,-0.6449831517016554
0.413351461778144,-1.491988031914958,-0.8709430631303641
2.412778440655489,0.5618614567449296,0.4084519454126349
0.10095873794798176,0.08958450676448226,0.06006145459641106
-1.332057859206913,1.4870686269013436,0.5199385042118916
0.3671577505460818,-2.8683440678723806,1.1778884483381105
-0.15140200833744502,1.4083852517795505,0.40323678848841976
2.0672858659980164,-0.7064741377496907,0.40721341164426855
-0.25955269784675095,0.3621749982761724,0.6672646786111529
-1.0297341171317491,-0.05870210867990432,0.7281118806672957
1.750335208625297,-0.3030416799227459,0.8668280320068684
-1.7913959870227998,-1.1039126253455094,-0.33111263996683316
-0.9149652203530306,0.6442244530067308,-1.5643894522386093
-0.7117252576745257,1.6501429187694656,0.9248210436611063
0.6531215662424097,-1.2292621505125652,-0.6471063662685183
0.05549803198105921,0.40227666252461425,1.7240968953119016
-0.45844593123304705,-1.7566341705980044,-1.346204740003549
0.5712983099454638,-0.7534138735098472,-1.497778238320821
1.3566438827023148,0.08100866098864135,-0.6225919124627026
2.14164716964646,-0.5785433965606944,-0.46515646146497497
1.0869796859122693,0.6442133289254527,-1.2496188176852483
-1.1113943966364779,-1.1896887570064996,1.4899756494895773
2.085745683002586,-0.14994100977570032,0.36431782859460266
-0.46311847510167803,0.583295686411154,-1.7914766446760149
-0.34491385440504546,2.853605363133653,0.5584553558560809
-0.5205173830978788,-0.27295680355683954,0.9614923488568897
-0.7169511738009177,0.45691077797530666,0.154650340758261
-1.6090179779061273,0.8004300861725707,1.086109052611854
-0.7182310091651217,0.719440210253754,0.1013247319907449
1.6338563463443692,-1.018184418599059,1.4723769776452345
0.1661982056291398,0.5740648340543844,-1.3461454430905722
0.6120240545001289,-0.4548201762459705,-1.2188777542210318
0.031758675009012215,-0.5616176488650877,0.4189317454491516
-1.3746490438089998,-0.37631419985120745,0.14897016802723187
-0.5614610632647971,-2.206421256375416,-1.0428037831750683
-0.6770715398480427,0.8250300020871761,1.1675015167798815
-0.6393205147191013,0.15427205588545995,0.5924873381855226
-0.13717311978045638,-1.0278622317458341,-0.747506213200285
0.44368671734003584,-0.38344006611096465,0.21684509407145644
-1.8612995459772932,-0.5552288755514545,-1.0334516459822678
-2.1048027040546358,0.6177203997055922,-1.0431745880271392
-2.4974394040541936,1.0636416949169465,0.2691640393011427
1.950760382682095,-1.7348426410061597,0.1382972736835012
-1.0157424921487601,0.9482068972914184,-0.6739457881456024
-1.002703174333215,0.03430990152641822,-0.5113456903470696
0.07903364203388848,0.648581414390355,1.5207490311998666
0.4825615185169868,0.4563698561475811,1.0074515880353028
0.14399752578301403,-1.8895171621308509,-0.16322548068503742
0.38038343488415094,-0.42925824989967803,-0.40013408010002893
0.8423771869066826,-0.12518315721225864,-1.1958367327501538
-0.03440107718613421,0.30566958125488497,-0.3995752927466911
1.1322575626764908,-0.4070555404424098,-0.8579146748781498
1.2047523325638332,-0.5692699415780428,1.4658458963685184
0.3109277063151779,-0.41715997167726077,0.36170285055678286
-0.5593663102507263,-1.3033286651314182,1.54012921775108
-0.5132350109725968,0.13465639178517763,2.1373201755716758
1.4147517258996087,-0.21867891580566093,-0.7034377579664781
-1.2971277110579447,1.0306502185103794,1.2048625096240102
-0.9992946989940341,1.0898130633021632,-0.598189516761224
0.1805463454136163,0.4208656712102647,1.6419533775416186
-0.046904173500692654,0.11999222411249072,0.52718704899359
-0.1699787880846193,-0.14290080349856651,-1.876413184222651
-1.5026225250930798,1.3826143673610627,1.6241594356479654
-1.2485346690821608,-0.8286334616613262,-0.19793205946653622
0.6309816741848164,-1.2949952701650045,0.4053218707754377
1.8018764537074432,-1.306644485017452,1.310858821151099
-0.2920215790523621,1.2332671687901153,-0.731136310004087
-1.5474369542147415,0.08534540154793138,1.1971728989063073
-0.4885350426120387,1.1753946988888215,0.43228208416736896
0.5266307161863569,0.24336572237150483,-2.052247787332172
1.1875237904783476,2.150630556872366,1.7886809715487146
-0.812182850920703,-0.5329079678551016,-0.9884753055685503
-0.5488539019731207,0.9582492030765554,-0.2065049334159419
-0.7435369893103825,-1.0407770181120923,0.20922230412325546
-0.48938469408366647,0.41155085595993063,1.38939922233799
-0.7511126256019889,0.3773895527641549,-0.281609839204592
0.5640409433831683,-1.2479937183020746,0.27103530020814326
-0.6839662934071296,-1.057547069088063,-1.1589774769036008
-0.7202079898922399,0.6641749536821902,0.3036266442355611
0.21481694859173803,-0.07005912980351847,-0.3815037679044298
-2.1032887434204297,0.8458852229784684,0.7286716587078202
-0.22943730437670232,-0.658216151313772,-1.055549308093141
0.09589613542980648,-1.1900532968358448,1.7319909572089554
1.2830162107001388,0.2759772268281118,0.8962155896005576
0.39169516809833477,0.3931756166959643,-0.012558509921637566
-0.7505425848215431,0.8076451808548119,0.7619266691040801
-1.489811842113836,0.667750014914844,-0.16326648204499686
1.0134984064589045,0.22392149180032467,0.5738757713902398
0.9444648874590773,-1.4377317595702794,-0.1618847083832509
-1.8743477580996633,0.5342753839854127,1.0019398479624295
-0.034179512752618345,2.2473597408596837,-1.1676463153681953
-0.4513700928316574,0.27689810213378835,-1.9314696329328218
-1.6229214887133707,0.45228694420208226,0.8816224141738247
1.2081232252152172,0.9409202745541474,-1.5077787055992307
-0.11788898409203487,0.3778148887140906,0.31070564843786885
-1.1730394442374548,-0.21265856543783054,0.20563340893629417
-0.8090902105959495,-1.549654708616688,1.759825071012295
1.9494584928669683,-0.623290134140349,-0.32740298468500756
-2.213577431054092,0.17052443986124366,0.5042596395443654
1.2996041207896425,-0.9402373438017305,1.6887621284100065
0.3902874758004942,-0.7965872637868977,-1.423952577768588
0.6067577073915084,0.5573375938813293,0.3575970257941958
0.06788251036609012,-0.5703850136110217,-0.3944351367025449
0.8126283429269765,-0.8411250601082204,-2.089333315716039
0.07973182018056177,1.063835043048287,-2.5097248686626985
-0.05963886657139243,-1.1512419015925723,0.46758857871428294
1.1445797513748202,0.13650916417406297,-2.1181370711929133
-2.3356963002042628,-0.7273383034214438,0.7423832428331056
1.0509020336622314,-0.6171345225149572,-0.6431124245399916
0.7149120372141496,0.16799857147570219,1.8272826051271638
-0.10051943907632231,1.8232351164506606,-1.873096231386565
-0.672820595878672,-0.8742012466710452,-1.6343825766085682
0.949034959407268,-0.9649727034003657,-1.9781976337043812
0.8148225264286648,0.7867923356777738,-1.2392805911379972
1.8084451741351253,-1.851124176450625,-0.971634521451274
-1.2589628210650983,0.20170244053602637,-0.6913588979835639
0.7045148146461927,-1.1606500361484404,-0.9880698650499061
-0.45194954643630497,-0.17002917593271566,1.6365401318037514
1.2586259415557666,0.6397144059877677,-1.1194947086434075
3.153160983335329,0.6724594173427816,0.0214294033003801
-0.8093562200678345,-0.7133838442312301,-0.42931925293596407
1.4278520937741015,0.7288472969783963,-1.5062365830186355
0.5759329198485943,0.43116330556201254,0.09127881309238085
1.4792883200810552,1.32604054966081,1.6044130848552784
-0.14900928069219055,0.7868952632425421,1.7923902402293799
0.3348974691295659,0.40712167211026623,2.077122101346132
0.3268995206244354,-0.08728199012637464,-0.4697527489059324
0.9702102927960811,-0.40988296445750455,0.3431156250625364
-1.7202593577003589,0.5066980865275655,0.4995997421932142
-0.6496588655683659,-0.046741915427216695,-0.8838195513722806
-1.234917215706972,0.03618027746538535,-0.19876608776156746
-2.3245547993813256,-0.18775294019406358,-0.767712868159004
0.8156041797832739,0.8615200928732352,-0.8581937964714565
-1.22924368984577,-1.1162785373334823,-1.3163924873744866
-0.5298631720402398,0.04758865947101498,-1.4711541763293816
-0.20246692424171434,-0.3507186625805864,-3.068490337788782
0.8094435628797162,0.25193853983981535,-1.064482654925299
-0.8277773573853539,1.1722123028124396,0.6160248612102647
-1.8832322442718208,-1.481772684852858,-1.5382815929390232
-0.05790565548763738,-1.5131014264239715,0.35592319174406867
-1.301169214357919,-0.9915780855786921,0.2326453227716028
-0.9974301808560039,-0.9315498863955969,-1.7896857658519965
1.754381097087905,0.36543118953811327,-0.469187952873012
-1.1757305269849225,-1.8077137576672575,-0.17137754800245525
0.9247593179508498,0.5119599724569828,1.06978437475566
-0.9579431910142695,1.6666612973470842,0.6271702900718688
0.6807454468799323,0.4032558743258695,0.6871218823940767
-0.7563565215287674,-1.4677973224069927,-0.6297440845300079
0.431553933655911,0.08844589403832272,0.44478848452939906
1.3573943934139108,-0.01167450103698324,-0.8376598250132827
-1.3687986378332864,0.9489940667503617,0.4803204058079694
2.2645538492449524,1.1383967926605751,-0.5699108033220743
-0.4372918868523919,-0.3868219402975258,-1.5553476665808443
0.6679733540528984,-0.3921221099871272,-1.1084526478022036
1.1190790837066396,-1.054871824116224,1.08711005836645
0.9009412709321009,0.35648347824279264,-2.702543496747795
-1.523075558450906,-0.1641523578720312,-0.5177989193636936
-0.12661585123245464,1.013227416875863,-0.3970584642124959
0.46664361206035476,0.10516894210286268,-1.1777024918771855
-1.0037616468850625,1.2870520006269792,-0.3332030114377664
1.2383195058379586,0.6088430504444037,-1.6962095479380963
1.8860535424748204,-0.14676146329820894,0.9200483129274322
-0.5454223129691975,-0.5293281867329103,-0.6711141347131989
0.8154744322957618,-0.5755424480155641,-0.3456857396500473
0.4486695654685714,-0.1813685837125802,-0.15940376450971988
-0.9528428715897357,-0.9356486755567247,-0.2672721952401986
0.14713979272900182,0.6026075083900302,-1.4950171190586583
0.013347283798680904,0.6731566354302081,-1.5443178090964131
-1.1040460825397065,-0.38860798998729423,-1.6852824230444012
0.9835187285505248,1.2332969411011951,-0.2482383808258049
2.046623737207055,-1.501161121519498,1.1270139460854465
1.6576664585882248,-2.3143444731876874,-0.036613029982715574
-0.25859544389504396,-1.6376410652608349,0.09058974531523416
-0.4568759862231127,-0.3561279400032121,0.3977989341396789
-2.116416869002752,-0.18509740190011909,-0.08748716956348612
0.12050266414880081,1.0336093751028197,0.05592120711450189
-0.09289374614210899,-0.2328132518346642,-0.3029532747643892
-0.19250203952780573,0.12893268398847804,2.7257339087563492
0.7273478458461233,0.6997734926051901,0.7931319891591249
2.5975915146616346,0.7796667800319254,-0.5113208174943702
1.6625489407371925,-0.3708106517710986,0.8970637029741045
0.39463118768924216,-0.4973736287506348,-1.3506841215301963
1.3246577903618173,-0.4288442272273028,-0.38919179159483674
0.006880780537125954,1.628388012431279,1.1171175188730342
-2.178326795647007,2.0656861366098274,-0.07935365498648292
-1.2772901903850906,0.2889140236777435,1.0867548326979177
-0.8577237241457938,-0.9300209116494456,2.113012811196949
0.19359117985903115,-0.36952715513023854,-0.3306104873602049
-0.8892796176140295,-1.0882102974000682,-0.5106048369815612
1.280095673639486,2.498543906065906,-0.5283765586113462
-0.12809705181797984,0.6810638915164604,-1.0914205971071316
-1.3487079033847285,-0.29904280833370295,-0.7225361436605366
-0.8636828570338148,-1.3991332645189003,-0.8678371314368104
-0.8185982553693532,-1.1423238024717042,-0.01580550951324448
-0.7486559958240924,0.37551667762119545,1.3760622575384163
2.015925445597518,-0.6002499839276189,-0.25044548080739387
-0.5235701367656952,-0.36878180155514023,-0.992546835568781
0.5969731389244987,-1.639608752474053,0.9707695888580604
-1.2280530578025715,0.1773260855935037,0.17411647286204415
-0.3463434526560008,0.4421298842994374,-1.8790691332424405
-1.3340742367031448,0.9218297019099241,1.2275151145405927
0.2982020210971689,1.6765335670895647,0.16739006192430733
0.11415377022559141,-0.04958589434584019,0.8426557899947282
0.36492716295420746,0.3688575035479144,-1.1132621115420493
1.2021233603404158,-0.14591041514804454,0.2694915091858781
-1.239743018702605,-1.0513236301476454,-1.1045547605074892
0.71512685942469,1.2020674261636928,1.059527948167572
-0.11277708068523548,0.15895001836274572,-1.42720873185954
1.1864695739794975,2.537410581474967,-0.2715094242069932
-2.1481480011598797,-0.9936720504225507,-0.4891871776335717
-1.660082928122157,1.4590467109769014,-0.23540103962777417
-0.6040353345848345,1.8894517691915136,-1.7090442756521873
-1.24265766874661,0.47027271753547484,0.4426593005011377
0.09416023557806148,-1.9684184305321746,-1.5214642146781299
-0.5717128109158459,1.788222598651267,0.07605760110316825
2.8685431490829227,-0.14068382297701731,-0.09620015144762967
-0.11607396631378641,0.3632745231650506,0.18619746615187632
-0.5202416056154313,-2.134974904218785,-0.43673539579161264
-0.6977067156241366,-0.9997840403343623,-0.23245002822240432
0.1865952611784758,-2.0049594806250455,-0.02024011989371641
1.4356596380074724,0.6107031001037567,0.19492796617280314
1.1414832562053134,-0.8485333999958413,-0.36816273021548224
1.7707088166032132,0.3286878330333125,-1.1125785658426635
-0.08616739977551156,1.1547566439384154,-0.10608837356531528
0.2865530868477467,0.46312123673368605,-1.9227691674434912
1.4404848110102513,-0.9392652728660692,0.15054890950445124
-1.3104328708732755,-0.48363714495042737,1.634571424593988
-1.6591363787832476,-0.4243317574139694,1.8771887312758804
1.5314912653781458,-0.4365957520165723,0.10959333678874762
-0.07411683381668123,-0.040320998249786424,1.2990243152279555
-1.4042267710025225,0.3398008375013522,-0.26379306807272596
0.802175350940729,0.32202028210144645,-0.7380160000355285
-0.313653524887311,-0.5044360325162626,2.2087706685175843
1.151776026562559,0.6170354485803502,-0.0026852601628749536
0.6574584923385137,1.2112531911535178,1.1028349934462953
-0.8593442012574697,-0.9068211750386147,-0.27321731935339794
-0.5255270638792181,2.2245615163766366,0.3041704135758818
0.6153927195875216,-2.0643514504359683,-1.05103001897477
1.738382780056387,-1.0856569876376243,-0.22831904463019898
-2.5827962203722588,0.15151859590320635,0.4475735315561522
1.2200536019485109,-0.09476407098748071,1.6362882338074813
0.8626534455533882,0.3208860215726325,-0.295271683783126
0.5374937132991452,-1.1377161902763226,0.40206254672140956
0.7844834440028648,-1.254094282135166,-0.2273210703722879
0.6055583707014881,-0.22158483939374715,-0.6717403518829386
1.7334618703496663,-0.15216778949598825,-0.2841494862947136
0.5328891503340508,-0.9879670595909923,-1.547154751562789
1.0630086119275812,1.0888101771722107,-0.5400796507671685
-2.6948443394376995,-0.269961272142666,-0.999149129157284
1.0382562705514233,1.0561228403346885,2.326773104832533
-0.45319488393112684,0.024714452244822556,-1.207678944120121
-0.7623652304911162,-0.07026879857944364,-1.0055405140180036
0.05029113611493015,-0.5580189691954117,-0.4494151885832402
1.079624485819153,1.0015127215585509,0.17151903125952206
-2.0353256340001784,-0.038629733229583754,-0.5826520787775118
-1.7191078799484811,-0.9410928638540303,-0.8624225311643088
0.20940868082971337,1.6692248866075017,-1.3781227097168869
-0.8417057697047726,0.341360504958972,1.7879425301029948
1.2474220031390826,-0.6641310026444996,0.2457855921332648
1.0646086697376473,-0.4970117637198915,-0.4490316070837313
0.5128312407306789,0.6462574192327386,0.8174757896875545
-0.02537668655281556,1.5831148125925352,-0.6943458017145125
0.9924196974786256,0.5262928084967652,0.2684953493653231
-0.6868821381976858,-0.10207488266878331,1.465507696440681
0.9842570091929521,-1.5121372539200955,0.33152481724084293
1.3835869988358844,1.0107446980214532,-0.10305993383885854
-0.5308990611794088,0.5129259363840976,0.8005394248984544
1.254494998443697,0.053046464882650794,0.1838493700053774
0.06837245337615414,-1.0168912601088247,0.057907199691957414
-0.8332041003276385,-1.053576875108029,1.6912246506014343
-0.9516222739021456,0.49694936434758863,-0.056321384671125935
0.41019328330296995,-0.8304844441885446,0.3157117514677393
1.3292946987102474,0.8353698130431287,1.0400013867288118
-1.141179688393747,-0.12527564909565636,0.9127398072260041
-0.2629874835524272,-0.25735943068409556,-1.7657322192119607
0.3946509452431113,-0.028534799523997043,1.4635333893555755
0.2931892213516002,0.6215435609710652,-0.7487385464458096
0.44113833704702043,-1.284853138585082,1.020492039865171
-1.8345501856333613,0.42712383298588935,-0.8844333493988776
0.2955183146624995,-0.32081185276476143,0.4096353373657328
0.7978470968900064,-0.8477278799690557,-1.0962510880277463
-0.09755299790919139,-0.213539563560899,-0.2098133280478103
0.3951574560589719,0.5942151187437522,-0.5248643914527082
-0.5391342061618271,-0.042434691291900035,-0.3578524571905079
-0.7334764638037655,-0.030439038881995895,-0.3355189607984793
1.1836320272732117,1.1250182122302574,0.069552360510773
0.5786007916817961,-2.0385665119531855,-1.2674020768774104
0.5634648093088368,1.1764435778310829,0.34802495172320047
-1.345705831786842,-0.8808395433551383,1.0857574966396661
1.376198434387698,0.18647488444010474,-0.6232034919556472
1.1380802343368417,-0.5369802371870046,-1.1001090235399364
-1.171508866215869,0.8735956490808746,-0.03904640939051332
0.2598215814300945,-0.8624736924165932,0.9299972252297466
-1.4035425064527243,-2.0109884219507035,-0.19954206872239824
1.1053946339888505,1.8912150898772302,-0.7719410847630683
0.4627254511984487,0.45832733789355906,0.5666097996468935
0.7224912332378555,-0.8640247170183053,-0.7361927980022301
-1.9543714080383228,0.19970126558331872,0.8919920109106213
-0.03281129464586242,-1.3576588426454044,-0.4189142802207641
-1.340239781270623,-0.8971307153210418,-0.787543943518718
-0.5080427542733738,0.23233801900113263,-0.061792460691513076
0.07267115933465759,0.38654699893642647,0.7060724653596665
0.19313978176924138,-0.237170449967183,1.004356426079205
-0.1151412819660743,-0.928488178891723,-1.4668588444905832
0.9984110069143715,0.32547906708150176,1.0298252112295103
-1.4311694422431154,2.016888292031854,0.08891694127052552
-0.5800422050020554,0.18090476868778782,-0.05488163003324963
-0.6335016428697248,-1.2849780558366932,-0.4369263002250471
0.9505154306138172,-0.5935518640133386,2.1599657167772475
-0.9287105781785575,1.136521433779846,0.2965344555746685
0.9179556945728827,0.17768589110009608,-0.522456955716501
-0.24125031433327002,0.0040609909354011745,-0.9076811566262547
1.6112355859637233,0.24283103516678906,0.8274865149226917
-0.2585690845861763,-0.14975546345703192,-1.5978244947112819
0.9213893121740766,1.430643656805776,0.2742325543679807
-0.34986300831048567,1.6794874502230293,0.30171850913115233
-1.3356127117672605,-0.8488911259268561,1.6020176645647737
0.5556915998953074,-0.47972630272094724,-1.0244811780865837
2.277659814388112,0.25675484883843985,0.29995915846903
0.7941064257099478,-0.7583522762678075,-0.3100899702340223
-1.0809217763727479,-1.33337240251609,-0.15516844358777626
-1.0148772255031278,-1.5431726955702703,-0.17559966828945991
-0.3520857083437324,0.24318466392746788,0.9643954502732691
1.8515879586166186,0.5159051148870398,0.9676064875176672
1.3945814637578227,-0.3849200907561517,-0.821222946062698
-0.6062466993044973,-1.3408551448522854,0.2652716491161398
0.6241192348981056,0.27314652389516514,0.407205203486901
0.8065844675112991,1.4165781759578966,1.7077365961808397
0.7157728267419976,0.22094577168525467,0.38987973498332207
-0.9783461852734243,0.38996280219068163,-0.28031739903737324
0.01186118474336528,-0.5189340556627617,-0.7178263849094207
-0.30970709631082516,-0.28180290137434344,0.357553607203733
-0.6214408699643447,0.9463657863159861,-0.1646682146553977
-0.8020237052262768,-0.5848105278618537,-1.2495355066536575
-0.5747169919524681,-1.227139206499068,2.286482689445062
-2.099067388574857,-0.6653077848497156,0.2706178064038813
-0.11760763070812544,-0.21576945367969355,1.9919904611390575
-1.0824152416760384,0.25782844459333354,-0.5733734711172546
0.3971196192567905,2.072662860671577,0.5480778880220569
-0.05037061143855225,0.470088366884046,-0.950395164475005
0.13553833252563321,1.4080700726154018,0.19757901519836027
-1.4640352178199405,1.0936572600671857,1.1467495843020143
-1.471641786726816,-2.1623073209667547,0.17253437899609766
0.3623695548610819,-0.355134276083277,0.18448865114262136
-0.40295284482846305,-0.11438488525134059,-0.9136191319870761
-1.825681694937219,0.3346425121118102,0.4045275850998849
-0.19186611830677916,-0.6823313835976912,-1.1922555411457858
-0.9605534475385259,-0.46119446837204797,-0.5995886569430011
-1.462589678247395,-0.7521345695655601,-0.20997855778826466
-0.18890239821448734,-1.3330641246759907,-0.5856715431622952
-1.112704843841225,0.579588902799602,1.3899869466100798
0.5196508628202401,0.0476200441108491,-0.29014147545273383
0.5512443536249982,-0.18023002720891004,-0.3867453215048719
1.4268367202322774,0.18182518286647914,-0.2632563088069185
-1.6638591648974763,-0.13449856980077002,0.27311915809185505
-0.10084357660823516,-0.3819925570495433,-1.956354684161861
0.20130311539598986,-0.34356061568111135,0.3158517797624539
-0.49543908879870696,0.35236720080692424,0.42176331287702445
-1.2726086686199285,-0.4665801205037924,0.22689301731653835
-0.5264606251413035,-1.9262039828230018,-0.01927696991080471
0.01907003051073775,0.5887809920222377,1.8538814275360724
-0.5867644008351524,0.3529019088282651,0.039031637838699465
-0.930519417731457,-0.9916655297900214,0.10156694618337016
-0.5640304145516526,-0.5326262525577492,-0.6453213733889848
0.8795562475002775,-0.375403824939055,1.1315203108591336
-0.13813343285357635,1.4126036764450582,0.7535933814497715
0.07582903504854989,-0.1710091031988776,-1.9052589745700046
0.5759121976933717,1.7614114668528453,-1.7443679450260001
0.5705980867735074,0.19059748737993715,0.2422784967800824
0.7091368192718158,1.8659397046104504,0.4460908458282323
0.6382322572457286,1.4828452048083407,1.441610459962265
0.2944785804614425,-0.29071574549286155,0.8557906546837211
-0.8206436972776836,0.46174321273885466,-0.4269418143899846
0.6563945171864877,0.8280786692887933,1.5148532471639955
1.16715246390571,-0.9689909336714807,0.6163517408757584
1.7109353926236293,-0.8841058710560029,-0.9786279904501088
-0.4147502196245861,-0.8555041749412078,-1.8016153743103378
-0.16293452913715925,-0.053809907901389155,1.9249815884622303
1.380249177768923,0.6188456489718438,-0.09291342396029167
0.9737754687534084,-0.88027057430638,2.1473587812448005
0.3163374379669336,1.7979379380541904,0.05872330742767861
0.49411218838009424,0.8893442522937361,1.5070250543879924
0.38784100168864477,-1.5554109453663245,-0.6987296320168807
0.6502579969518659,-2.484770991701565,-0.6004152891582587
0.7980422631125603,-1.3426921050255727,-0.04748006772571785
1.1417974210324031,-2.186802221960447,0.17316141328204843
-2.0361752532879374,-0.06024432623242744,-0.7793859978097097
1.1362302312249206,1.4665271169332383,0.47031000441244103
0.08701499577356953,1.1187831531336891,-0.4491299947927301
0.35146739462988535,0.6210910806714676,-3.420692616704015
-0.01254234307051757,-0.19717027312274243,1.8952515462727957
-1.200282129717431,-1.0221607515494104,-1.8303426927133484
1.3073749320017891,-1.3885025882405455,0.8570544901709333
-0.5838364519368591,1.213420097068855,0.3164914637181746
-2.53128337866137,0.5796077831686289,1.4594021175861869
-0.2735313937760589,0.1331011964095644,-0.6823173134621612
0.7518450309486178,2.051486384259944,0.23383372778059883
-0.41788068775775333,-1.2652026814784878,0.956446373895466
-0.13047390486386914,-0.6024726465064785,0.8484079653924226
-1.8727240877066995,-1.014896683470319,-2.121266239278893
-0.3021829786697482,-1.6225120881002522,0.8776330133759213
0.14018621510162926,0.4019872357067971,1.1070704806043816
0.013140959101221606,-0.3366938513876814,-0.6155578599770293
0.7568141890317974,0.7942412476153183,0.6853620148383025
1.6146179620246324,0.6645501361420991,-0.019173936969507022
1.1368668951389294,0.6049344704185186,-1.4506735614803017
-0.6931420395968729,-0.977552964465177,-0.6357296701094612
0.21959074053134955,2.4305744660700688,-0.8565185394687782
-0.5827937537240395,2.34093631825407,-0.5763177061697677
1.2220326709978453,0.38661232282217395,0.008494322351680416
1.53077365098307,0.6219575192427351,-1.315489537426964
0.12187038534281888,-0.7496599389130617,0.4360726014964666
0.45425242515691644,-0.7725049594264625,0.36300007607833407
-0.10809899961143822,-0.47753724928276875,0.10858897111792347
0.7606136227515691,0.568132104887324,-0.10510961766892907
0.6830264777301673,0.3075101758701599,-0.21438311181010217
0.06776902828751649,0.5991419582080914,-0.4153751209045367
0.25397367359971096,-1.7213638396654691,-0.1663476660335663
-0.800640214645818,-0.38199022150843104,0.3405137899814681
-0.30043632806887,0.2503613937064248,0.04469335316367067
-0.017824902726374495,0.4152200969270664,-1.5597150680214764
0.049146883158432436,-0.4035528533551792,-1.236119328097722
0.2784344514749529,1.860954244523002,-0.043594611311906194
-0.8147360481408271,0.4087207766535831,0.652933032653168
1.3777179931544747,1.1322501186943768,-0.8534306501525059
0.39861341790464305,-0.2409863477810376,1.0355940756795285
0.4662512210758061,-0.9079970079249258,-0.15673860358142813
0.862438525062512,0.7229343005825083,-0.6544749873022921
1.3738080765675817,0.7947883676405072,-0.14817199767763073
0.45847963090186605,0.33113263790858016,-0.6652464819045977
-1.0330733604685254,0.13239109730451099,-0.26009887726835956
-0.6901425474914475,-0.39877496072416363,0.254641431932298
-1.3015911599578986,0.2387122773007182,0.4853462102458692
0.9800302290850201,0.29285992727014387,1.5700878454583744
-1.4510236613798324,0.5477479193536557,-0.4390084853247836
-0.19995588915593004,0.9504654302420291,0.20103495425480283
0.4621589827821903,0.023806700792001936,-0.8512255393181459
-1.6790633693467227,1.151418798327674,0.7127547076436908
-0.7896121600605676,1.203791178790495,1.5840270877778113
-0.711099205073398,1.3397294895758658,1.1516438706176493
1.5892199565989014,1.532056561221314,0.020213508433744684
0.19826555064907186,-1.6083466997906424,-0.8628654136860293
-0.8822789941940176,-0.5405942048052019,2.048581515544523
0.8867533119473617,0.44962054640524807,-0.3373759923729838
-1.003977777056484,0.4894141560556052,1.1167206339247768
-0.9313302616444693,0.44159629451151067,-0.010067244524108659
-2.097590263231989,-1.102121252376761,0.3619903434026732
2.661659167283462,0.9246267570910576,-1.3033464404204003
0.6565576678852477,-0.08223145892554994,0.8057109421844229
1.0061545589412433,-0.42889680291726046,1.090273380242557
-1.5146781864514103,0.18539726749917296,0.09693263734743693
0.23366042014561825,0.023172011176901756,-0.7351698543001923
-0.10054294967623258,-0.2373191302443303,0.7525994139297048
-2.146869005155507,1.823865999706306,-0.984481549537251
-0.4033493883062568,2.6673613224781665,0.4609740887625267
-1.132936681080927,0.3150841859733656,-1.390833979133937
-0.360665338334612,1.5918742362268967,1.2273482303841892
-0.18361832524081537,0.09009088741132754,0.33539548566906136
0.5738071732956891,0.5867858712337162,-0.07848596966686013
0.48450151296770233,-0.15192680732648994,1.406574792438864
0.03936716224605869,0.11391049184265066,1.7163416885046952
1.0096941128274073,0.7687089967401172,-0.47331652201984614
-0.9191062292446189,0.7885080014941482,-0.5240288023769595
-1.417861140741529,0.9127243780061571,-0.6700545900907465
-0.5531014233991147,-1.9238907570384418,0.9502650001331225
-1.5115603544357894,1.115881134888775,-0.07509400714450364
0.34003476869821303,0.3265691600392968,-1.2238606125821347
-0.525897780620841,-0.019481950047884673,-0.432536603627747
0.7518099940218901,-0.41026473468057556,1.4055410458614754
-0.13766859661453598,-0.07636759650014216,1.557391765310483
-0.5779906643407681,-1.0691623073097587,-0.3473010145155962
-0.8689703410991182,0.5574259830629891,1.4894590696021432
-1.4450384402353245,-0.5241706600504547,-1.4305433073498943
-1.2421519867055864,0.44279684787399354,-0.483124192936877
-1.1215443034995405,-1.1666534918444715,-1.205728148406916
0.06763923205184393,-0.36609867790825973,1.2283965950833193
1.836400787861071,1.2501652881220702,0.20872517756977554
-2.102484414935145,0.08984322358930828,1.8228503254920627
-0.3617392770151163,1.9841821131269082,-0.25032659876026925
-0.11137687214638727,-1.3678068135542425,0.8027683630163018
0.19403493649898496,0.7055479635613612,-0.09988605810725266
0.8988453378216813,-1.008357321572534,0.650047110631761
0.33119573092414034,1.408786875804851,1.5807438748501301
0.1075722375364548,0.4546978060699235,-1.741205345681774
-0.33947666591940856,-0.9636892725132201,0.20034075227124368
-0.13743818125662166,1.565676549628073,0.2606618292935012
0.290177566162443,0.21613414476887416,0.45802202627459815
-0.2940771035231481,-0.10296088629784922,0.8702601801977294
0.13392665257452535,-1.7213887249474908,-0.5520644109150342
1.9177215861236834,-0.040562524161349825,-0.05533386460167874
-0.7479979120725577,-0.3915944363158057,0.3532091909879577
-1.5953308113804365,-0.1524177237187801,1.2170512324816367
1.2022124096288187,1.3325563251977717,0.2744641571105935
-1.5434633289454658,0.8289348716236943,0.5522964213537909
-0.3834545623583215,-0.262244687431132,-1.646189741455848
0.35048912243193014,1.1145993433338948,-1.3172113675534907
0.20656471274830351,-1.1834912856541142,-0.6908148073646626
0.4813279118572899,0.27526328164779473,0.48814143967671086
0.9012342002486525,-0.6526941524161084,-1.6494882358439358
0.09186285976383621,-0.2565719361392619,-1.2269238431828868
-0.1635386642916435,0.14568940333436306,0.06515025903631054
0.6728629754518485,0.5124474202033875,1.9946724913921048
0.48713581330018474,-1.293542449667647,-0.2856357130058991
-1.6479301430352644,-1.1745311078966296,-1.6329732334599436
-1.3133676308041726,0.3252560527552273,-0.7220888899772453
-0.6158675389393345,-0.2115449886073325,-2.6263898673829584
-0.6039900717377978,1.5575986748088393,0.30964336207558973
0.8828523848229924,-1.6229561630361684,0.7379489939961998
1.8031847500248093,-0.3076341594218902,-2.0266569511671872
-0.45486880346842673,0.12106113601822069,0.7212877920707148
-0.15218115177328254,-0.6086479899615382,-0.33196340425967696
-0.46533009734264874,0.20661119793052007,0.35827086770989885
2.0431889842008393,-1.1470850676108675,-0.6278879521886199
0.6853388172452503,0.8275454395745816,-0.6513694587745865
1.903568549533411,-0.976479737900027,-0.7198292678031797
0.6641778273559614,0.6206711391947217,0.9927762231871996
0.8461670905262021,-0.28379971273938975,-1.3531995060441766
0.9468509102712251,-1.608944440019528,-0.19454779526244573
-0.703500128067993,2.974266203203888,0.498984876944956
-1.0055584700364206,-0.10882940952181985,0.21145852785730324
0.6233289857258126,1.4175347787497237,0.967470808498868
0.43447137563038485,0.9911253314060826,0.5838098469849279
-0.038688482749621306,-0.18287286484703882,-2.3972774070597183
-0.342312171922887,-1.0276162054589661,1.8434166580624063
-0.36739872639545657,-1.3287478699332569,-1.0643398863597717
-1.368982579757067,0.20299007205263153,-0.03240599751433281
-0.6050664301173179,0.31805548504300596,0.06697765289592636
-2.307526717159637,-0.03642176919809253,-0.7879321645392098
-0.12862322219214872,0.5480540687154112,0.15039839195300359
-0.3706788008951229,-1.3405794457788744,-1.0014442918370245
-1.2493231778042586,-2.7776032192845794,0.07444347200016625
-2.358123203804766,-0.050475183622383235,1.049406987800909
0.6966157876710318,-1.5915870613794487,-0.8306462229480389
-1.2021066548588362,-0.42898210498849415,-0.811813657523158
0.8222264443373182,1.084781636281714,1.1779274646968174
0.7513698227907406,-0.5409415127369767,-1.0402965996134985
-1.796425112526181,0.5836082780526283,-0.028022128128342257
1.8092973047131231,0.36792975426928265,0.7380889141674156
-0.831062541931218,0.4628674232457165,0.0846316654790115
0.7718499713119296,-1.8285949293902917,0.7206393098659285
0.3451409789584183,0.22914299751843528,0.3575536826753996
2.67531230354646,-0.8167073510531191,-1.0706734449579107
-0.9405288665388953,-2.026928920878269,1.205888898333433
1.0046220077373416,1.1812675435074744,0.9817293243825697
-0.9600576363671944,-1.5596970844351234,-1.0488611316717342
0.6075832359810325,1.6938820462126103,-0.7546033620329421
-1.4118566729139608,-0.23340150976637267,-1.7151742031507164
-0.3279170085259516,-0.3764157187909672,-0.15393981298666126
-0.21944476625265802,0.6916835096525775,0.336223271936645
-0.2140878330672527,-0.2973307663337584,0.6418168054882724
-0.6776447108054164,0.2071663536681135,-1.8849283470022726
1.539061860445309,-0.4322109048968471,-1.3714870135759687
0.6166696166561549,-0.19370969237407748,-1.3500684830862222
0.5802479856576419,-0.35696919566258295,-1.0736321171503613
-1.01455732957649,0.891383275796055,0.3789641179202123
0.9874645315627686,1.1655566156532973,-0.31379045040280795
1.6801126897252892,-0.1721972870503888,-1.4248333975948522
-1.5995307334571958,0.48475021397223844,-0.5939810286258199
0.8147162577467771,-1.2689162637702665,0.5546327974930458
-1.0591301173500762,1.0832260463928698,1.5937270812044657
-1.2442320236967124,-0.8232814762915434,1.676701425988549
1.302856442497256,1.163282370286019,-1.5828484348720635
0.6512167879610693,1.1208213071922366,-0.5418534161700931
-1.5615963369658274,0.015522576280905016,0.553739626412182
0.5485223304332753,-0.06094429752817799,0.6981328018699883
1.1937139574613413,-1.4122082673606964,-0.6009710510691986
1.0476296622188819,-1.3480749139767012,1.8019478870794998
-0.4460319121975332,0.2984528266176935,-0.3735301101841986
-0.5372155342080935,-0.36258395870968435,-0.5849489155305262
-1.7867263445726531,0.9560343704549643,0.4111860639263894
-1.7068242642490765,-0.4000490950043436,-1.0905311195694858
0.4026382166094038,0.3412961379365496,0.680354663392016
-0.5860039296201495,-0.19337362293235313,-1.6658292872811866
-0.7209408418075591,-1.8444707610777327,-0.5751397608146585
-1.780843475566301,-0.015461797731781439,0.18407224194632463
0.477404539523082,0.1678130213042971,1.9012534525680886
0.6485492556808985,0.8373642324425722,-0.5849947353953834
-0.022004746956797563,1.3811531197049114,0.4201559139298886
0.11797098609897795,0.3034733071972659,-0.8955130537905099
1.0685108357948663,-1.072722578680811,1.2948450794358677
0.5485894128162241,-1.7087239663747125,0.27854464896836506
-0.8550509187979338,-1.1481521998463589,-0.7139781235957005
-0.6368649542209508,-0.39519698063985315,-1.2058892636264638
-1.1764630888727192,-1.0710835164959638,-1.6413046411434455
-2.840220528710459,-0.2979419983412682,1.0550175390923708
-0.6613493061308195,1.8527010443996594,0.40539636392806033
-0.9878293764531523,0.4103919435602829,0.75385546990447
-0.511883992475039,1.626814961890912,-1.3087097650531572
-1.5019964430946846,-1.0503159658354222,-1.1089293752000045
-0.8525512420299849,-0.37004414567519445,-0.11341294790987441
-1.0008331053398127,-0.4371529070426838,-1.1873191675787256
-1.6870276821886343,-1.1401515581595696,-0.11986486787173553
1.4298083523385532,0.12632138833639536,0.3459650315130683
-0.4576644899897695,-1.635255672789945,0.3987686373748877
1.337528774807388,-0.6977975396499863,-1.3718890066744547
1.342604514979753,0.05879028914267566,-0.5775235367449213
-0.7765087523700972,-1.5810697798178448,0.5076682340460332
-0.7179085356512004,-0.1310216945998645,-0.48266932752463093
-1.0115447794705164,-0.2445388670307713,1.2106342554805112
-1.3083333961681087,2.0557702920490377,0.9522149480178026
-0.22353164499613717,-0.7406973819869245,-0.07144709982292201
-0.32681633081692657,-1.8127793462964747,-0.47845188336393774
0.9095193077945264,-0.12331656635434025,0.8495232305906297
-1.719452582115322,0.8022407094974731,-0.009186468604522862
0.35255263647331075,-0.737529363206994,-1.2161753804877309
-1.1653048883227837,-0.20685080185217547,-0.32063858339530854
-0.42501265499873003,-0.27343602462442645,-0.9552421681777474
-1.539437577618782,1.0277683035798426,1.0637185245646479
-0.31885848523117594,-0.6535587210061106,-1.7887453721168716
-0.13767359152575398,-2.135360680904613,0.7582747817579301
1.6720150395100297,1.2532995709597605,-0.9578281212681051
0.7556207758251116,0.6053566617756725,1.6722696338515035
0.13983968633736854,-0.25931414932317,0.45764070942851065
0.14979959714527688,-1.171781800063896,-0.042740594814244734
0.15592740414726186,-0.04959223540897282,-1.4679509295440256
-0.7904492541977993,-1.403773624406,0.47058914022027865
1.0470112802417673,0.45548560724620396,2.0182446078741405
0.21168308753676404,-0.9483837689974057,1.736940639415537
-0.6789028865171343,2.3477693431960494,-0.5124939173267573
1.1441882565922812,-0.28226218184880086,-1.4240032318347744
0.015941248542824412,0.4156596161081135,0.5127750386129544
-0.18527085292645268,1.507070343700671,-0.6842992259763298
0.7169915254470782,-0.33841590447085207,0.5794013272897675
-0.6960565336388326,0.6528200889653086,0.5247401339316503
1.7914265143001813,-0.791353510225145,-0.8631890030266753
-0.1831968932504114,0.9790670480992407,0.05950349976641949
-0.5242956876307382,0.7459821092736245,0.3900713520487609
-1.354271978558698,-1.0612068676807538,-0.5182107282126527
-1.2040531560770462,0.31323540733576305,0.20994649563933107
-0.6643772004288423,1.1251057627909313,-0.08950342186099103
1.1709321647922217,1.495000364550942,0.1959939798126263
-1.054576910993514,-0.9942197627189895,0.22872103252670162
0.2078211486382957,-1.1604311387793376,-0.3546208683470263
-0.37339919975180846,-0.23600892409442134,-2.219724967142184
-1.6502091660887779,-0.20483270896664593,-1.2206416329415128
-0.2978165678593838,0.26201642795229957,-0.5294131066868366
-0.5948507534598108,-0.9512924086804709,-1.1541909429056725
-1.7513320788625477,-0.8974892172674545,-0.45912069626884006
-0.10862931569354907,1.4934485087820324,-0.29234911235666255
-0.01583381918637929,1.3719222605205033,-1.2718936228537554
1.627894681268682,0.5186965241964526,0.08551683172369548
-0.2849141258360627,2.08631141132738,-0.09681288403283321
0.8597308813565653,-0.08069875065257286,-1.5084338498420802
0.49996662105078693,-0.15407363718214362,0.7237547259843234
-0.003429713686137288,1.2515987838781992,0.9399729065408745
-0.7998573706410724,0.2542848384124227,-0.6252166534452452
-0.76189740204278,-0.5256456117757885,-1.8744736872663623
0.14887789154857908,-0.09708131989123467,0.27588867376049087
-1.2923580907107313,1.2795807090336409,1.4772333408305267
1.20973832548858,0.7933592688808465,-0.06407065807523123
0.47504633351043524,0.3080933779303633,0.596156104940046
0.11500845395173129,0.00011656543743807272,-0.8175180517532169
0.521865694950899,1.5391814844960365,1.5839573437962118
0.19361864149072505,1.4003849462427227,-0.6158016845200692
-0.7880664659813856,0.7481872476949007,0.3654283489717378
1.1120174732441834,0.8480477310945409,-0.05110951054312876
0.08179993614940961,-2.5412156061911184,0.2904665945230634
-0.45078618937531595,0.28330608348298975,-0.19220333181866653
-1.4263529672539939,1.059976195667035,-0.8089617436630726
-0.05636318865932539,-0.81647246737374,0.6089773112362178
-0.26626727613831447,-2.0181351858868624,-1.499090480058186
-1.0669954535826756,1.0154351753597222,0.9631560668987853
-2.000122675796955,-0.38020690923619627,0.8827037560467546
0.30299559706189405,-1.1061498486945613,1.1696999347130594
0.25723718537598494,2.3944677588788275,-0.05047281568013978
1.0529979674937604,0.916720098345969,-0.47602661939922547
0.3087744474354955,0.8332374187310241,-2.0604027773525226
0.6214003126130376,1.8489471736714345,0.838939245796041
0.6877462165715515,-0.12492670269076114,-0.34563615629503236
0.010759415296263244,-0.49937956330158273,1.5983948681820128
0.4038170635337472,-0.46616911320331,-0.5713054696588044
2.0769477808735917,-0.5943867243901285,-1.0598570359456465
0.10766183435769405,0.41494241579933167,0.8268687968121472
0.3169206886565454,-1.1724349532473406,1.5949016444155037
0.6625851200428438,0.4942895257530429,-1.660190545247106
0.7302464421008267,1.2038074977531155,1.6523561683531771
-0.9341069219013429,0.9916551602852935,0.17382879951039323
0.013462480145682973,0.7446921278496199,-0.5394470206622631
0.543558621657913,-1.5678408822018441,0.08777724668185641
1.176804741181776,0.12670363938687385,1.707959962906108
0.9469893883401715,-1.6975352107520305,0.3909190381624598
-1.1975214765536732,0.564369049270077,1.6253332995936067
-0.740384708164636,0.24995464077639806,1.7023345500114118
-0.017601245827960663,0.5534530008674161,1.1863506984336023
-1.6262585199381856,-0.6371711186747573,-0.5970803208155163
0.9462324080902469,1.835320478120053,0.4512439724394712
0.013119018279578839,-0.7171744015856455,1.246040307566074
-0.4585857006041456,-0.755894612330847,-1.377755124908869
0.09185526926463945,-1.5821563410677266,-1.1127310048420744
1.3400350370443253,-0.4573484823086798,0.9297503593867134
0.637861802197758,-1.382957473584501,0.40188865564024095
0.45801471346266454,0.44878098389502197,-0.38627460021971005
0.1948371116182336,0.75189225204524,-0.5701997306712814
-0.38181410462426496,-0.48027980754030736,-0.823425636727928
-0.09734374297230848,0.8041498530639333,-1.173157430144488
-1.1412566663919983,-0.9386467717116982,-1.7471198702576642
2.6885427772830064,0.8046644691442908,-0.2403187707532366
0.14901257096961604,0.6650373354577213,-1.366705862236222
-0.8050176235532749,1.5051793270464926,-0.8150962543719201
1.2478792858537224,1.7076155638600667,-1.449479465156261
1.4894074124488994,3.0775410080417474,0.19413172506591578
-0.36438875344951244,-0.17081323800491016,0.10686563641469349
-0.19432396374733651,1.1951672487722522,-0.17092120950557846
0.034497544985649616,-1.2577286991639718,-0.02129577091792483
-0.7262035062534682,-0.17438851312971176,-1.272044542812025
0.6556565515687525,0.3276692538737819,-1.8132683417719706
0.8158087313271073,1.4459418862653053,-0.43064934090099427
-0.6894314856121683,0.7585400438910211,-0.28003386700291655
0.400553968453892,-1.392842639965876,-0.46124793225998467
-1.0367619765819507,1.125094082316237,-0.12733165224420187
-1.0229344065293275,-0.6987586945000606,-0.9429513908290656
0.8499345145883568,1.5760209110578194,0.1285077867145335
-0.8620298313455103,1.4140632770100092,-0.3003003022361237
-1.2393703525337672,0.5522956325573092,0.22274344193442028
0.8848171118970284,1.6946657421336278,-0.16782349317070047
0.3312018506661997,-1.2558537233833333,0.5099681130299292
0.9339580826925232,-0.8194870254050263,-1.6435073365682302
2.092571820788816,-0.44346998782452635,0.8857281434527237
0.566925309052191,0.20460058647072948,-1.338531600826581
1.10627339324585,0.7037830574427291,0.3346558653832758
0.1143759346855548,1.0029950115735535,-0.32707953034084386
1.029235960091521,1.0585196835078599,-1.6422120256166959
-0.9057234038069664,-0.6815321134164907,-0.6088402924866939
0.15055994328642286,-1.6618393530833726,-0.7712762736901582
0.232386653082409,0.6088221924677404,-0.4629530872602553
-2.754901544418646,0.4700017274035144,-0.45453258948820563
1.02195630048632,-0.7090768598655316,-0.39833245929651784
0.3097240911588628,0.03167561645762893,1.6566598634946275
0.29135514175430427,-0.41578230425482954,0.3825594261982265
0.34771248122201737,-0.32917082925166236,0.48067104794178805
0.6002588941252113,-1.5364449343005147,-0.9248566664086304
0.060584454430110145,0.8507271351358077,-0.45238937549616887
-1.737688455850544,0.77516542375219,-0.9228480746351617
-0.6763634798162979,-0.9259191589351267,0.4208193529386382
-0.47604986404809146,2.0412805059898678,1.5256396989179506
2.159852620908489,-1.072770331971182,0.025183088523643597
0.7745177558735163,2.413028869330483,-0.12367793131790952
-1.4657545063225663,-0.029999050142242734,0.48852866890146657
0.6939022213057547,-0.2055451599168397,0.7138818686016826
-0.3740375505567227,0.4188449856744382,-0.6758394048031678
-0.5144172550208623,-0.7225696658584013,0.17031061175273196
1.0690618032170247,1.2650106156238823,1.6455830928762298
-0.993246656006797,0.38421642991982397,1.1831560293858345
0.5343508661311905,0.7768445186065396,0.0350515901151638
-0.1795150392489655,1.8290686546812143,0.9552185903247509
-1.6116847761434214,-0.14188972512235418,1.2236431695500412
0.07984097458407684,0.9268823789110209,-0.1701183595657905
-0.44581749058364994,-0.9445102184142198,1.4986768499907663
1.4124392716186764,-0.4255088479925769,-1.0098216462170624
2.2529793361015105,-0.034538792155480946,0.23329060704815768
0.061688220629597036,-0.26078681425328426,0.060355039254684585
1.57099561796989,-0.9220147014584894,0.7517843739709883
0.8781355246178537,-0.41394941403274166,-1.496181159024458
-0.2951425101751173,1.3466687290918131,-0.18701317209462562
-1.3591292927203258,1.1419689571519391,-1.5124164262084665
-1.112337235143147,0.41893657800944323,-0.5080702237237559
0.20122980398881676,-1.3444721130703075,-0.554443206829256
1.7097358347071068,0.6283664019889206,-0.19248758434885455
0.8028462831668782,1.0098883031729378,0.7923740451992454
1.8825655303670328,-0.36164332558876633,1.627691764046794
-1.094325767648752,1.4299086241512433,-0.4275275935653903
0.8660176006187058,-0.12054879524556215,-1.055430629616576
2.3725572295473127,0.7213561917770311,1.3189565242083527
0.013708293949285591,2.1958598750634977,0.8712407779532612
2.0695208424868223,-1.8206158489152127,-0.12627669326685373
1.3750587109118453,-1.023136737869252,1.0884313287075882
-1.180238646583692,-1.2779612945630598,-0.047258688479182825
0.3415267456212555,-0.12473939017142323,-0.007856848644264584
-0.646478867351623,1.6536461081224902,0.28495351587228696
0.3390334180870951,-1.8044547700614686,0.6074442386464681
-0.08190649065807805,0.22347797448823026,-0.10265152269714244
-1.3978720138415153,0.009971659255174816,0.9352841924012945
0.3022348917944568,0.281437882997394,-1.2056876527000273
-0.3485338335497734,0.20561741768557218,2.0046318705079202
-1.6092101807780703,-0.39400485546489994,-0.25979640147637584
-1.0568341052451409,0.24170620122696648,1.0451047505770032
1.7973615093608823,-0.9160598845050346,0.04193472505569699
0.1967559457738754,1.13938047707335,-0.9232000400270955
-1.253769588050214,-1.3113344956129191,-0.9699205529618371
-0.09129397471111911,-0.30480572233934466,1.0689499355158283
-0.9660350650381503,-0.762048758768712,-1.4025623037617203
-3.05211198367971,-0.3645352127338658,0.37170553327040196
0.6396645930799381,1.2869540813491829,0.8352949215160111
-0.3178675308886864,0.9707396813445498,0.6740940641208416
-0.39631258976041245,0.005779505802849764,-0.3418350000745974
-1.144449145067319,-1.4165949840418106,1.1582724350637745
0.010761796439940238,1.2437075386397618,0.49875934526936455
0.7760419156378939,-0.8034706024567397,0.3358417636301557
-0.4554156660930692,-2.398746590577831,0.12444143990751275
1.0523473065481892,0.9309301042512287,-1.54588170147573
-1.0475778692398603,0.22763436105240067,0.4675626756809251
0.9018702033744522,-0.4085533838944437,1.135720387769907
-2.0234124034159167,0.2805144233738239,0.61236026083821
-1.8478364644472272,1.5436902975745512,-0.9988320676131967
1.741105785155851,-2.032277329691893,0.09871344110190758
-0.7090805231591955,0.4739569716836848,-0.6726002428717964
0.5904776307074573,-0.0497770085143704,-0.8817523521766069
0.9653224035986492,0.2957742090237011,2.4040409389559314
0.3685910724790313,-0.8524179673733568,0.4149659267071016
0.4001636440662259,-1.2219538500021703,-0.7541519685277907
0.9899705848358402,-0.7873983070351279,-0.18871495536554853
-0.6920412197029341,-0.5988369285855155,0.948523243217643
-0.028652836958730415,0.4195421770469055,0.831484658989891
-0.9485577604156527,1.840913908087117,0.04691159152359196
1.6183534134139208,-1.398554037679071,0.3327206336941724
0.9469013345903773,1.6227067328957896,1.0710827022582805
-0.13689247480887917,0.14666805353831375,-2.319454775121497
-0.7994430576260888,1.6740112115147605,0.7210183697404927
1.4483779210617393,-0.025128433888321536,-0.8611136689314259
0.8103973805296816,-0.8057180932012179,-1.116297218506881
-0.7706611667346431,-0.9700204683064891,0.9169500052253803
-0.8047957956449754,1.689833064011345,1.2168738047141023
-0.13659324559950625,1.1999629491547694,-0.6477713933128221
-0.5901245388203238,-1.2509910565132858,-1.011729801213949
-1.1802545969337916,2.338517432291703,-0.2638673742906424
1.651263475024205,-0.07369058310904399,1.0583287236233245
-2.613727769285401,-1.1788999397005655,-0.13905667483341355
-0.7942883502526945,2.5622136145574954,0.5276068747767676
0.1446848040342482,2.2742792242394567,0.06933023788759148
0.21908341973502157,0.13136254100962388,-2.5924650836813896
0.6367051098475831,-2.2527963075397617,1.7653426021234753
-1.029344567444607,-0.9869462313987631,-1.399626904620377
0.0369815053691835,0.23758494078587808,0.3908060876372368
0.29383705991880443,0.010382704644447231,-0.9036770434329998
-0.3938213434134721,-0.5224501161662067,-0.7872071593624428
-0.5411374683901715,0.908969196978784,-2.2063052347255963
1.0580271623329407,-0.24716755919267433,-1.6355849821089656
1.5415756265941745,-0.49236532887313583,0.45133381979048054
-0.04666472950708423,0.666308675317739,1.9350570868006405
-1.2454780966541785,0.9029258358609846,0.7304350519886554
-1.4680593414666174,0.17325084235718505,-0.4861607446150724
1.2212471223376977,0.818368660787387,0.25724805719232463
-0.20423331070187187,0.4364234239212169,-0.9628447129979334
-1.3908920634039366,-1.3117113207006819,-0.3762929504308975
-2.172417018637134,0.18309301259258237,0.006925671535354519
0.46653658119908015,0.8322350608837289,-0.9834452349293189
0.8569077547750944,0.8375463645435519,-1.4533495774804346
-0.8411119504697313,1.3446727299389571,-0.19909500362923474
-0.07074175913312218,-0.9179414214550986,-0.14932236106684466
-2.6951876353074438,-0.5407166397756852,0.9894208399554646
-0.5902917536228459,1.5750720307503554,0.35064056099580954
-0.933669177502448,2.008790755185252,-0.33811815881277496
0.7830261433220673,-1.29749224138994,1.4489193680710708
-0.0739169519602817,-1.5475089790227576,-0.9355357119116328
0.8776319840617967,0.9820458912122404,1.3820956789464856
-0.45744929497891784,0.6021046129380199,-1.1105313601676223
1.438243220753777,0.7380932080876453,-0.008201942465125416
-0.940607106087403,-1.8539350612181693,-0.6338037176638357
-0.9100352245167272,-0.21139231700247776,1.0622216176209232
0.20056597360013367,-0.18341542042657963,-0.33362542857384186
1.246224152879884,0.5563837201800478,-1.0180911577841765
-2.0824424216865873,0.47849070979005687,-0.6814766538932614
-0.5252845745236887,-0.29765467695895514,0.8939220358768147
0.936571622246438,-0.19284140898022145,-0.12731311557762
-0.7783941698532246,0.3577875657389417,-1.8852418488675229
-0.6365180354514076,-0.5012055426589839,0.22885484596798333
-0.23197952487174175,1.415741995970828,0.30864929608713726
-1.3331568491906178,2.0194987043844503,0.4353700725448512
0.2523296945048726,-0.28410787137777954,-0.12107032331095689
-0.7338750164057519,1.9089741332934005,0.7086700270105332
-0.5572784072688244,-0.48179469468335506,-0.6937827780252045
-0.05090191757667956,-0.6866740985033425,0.5514452279508206
1.242047530680313,0.8755033253192314,1.7027246372781286
-1.3034953747618434,1.1624009976717868,1.6366614670276491
0.3889331975768379,0.5142099959302002,-1.0844534449095407
-0.3431015461143148,0.9715325051116349,0.23573612646476264
-1.2957564923047313,1.668922939682417,0.5086181701770297
-0.3024418674701595,-1.61041289077279,-1.3173024059508378
0.28045617186325056,-0.20620978949295785,-0.8407799094078361
-0.7521796195020177,-0.611761399378654,-0.35270127746513563
0.3292010237991781,-0.4537284939718836,-1.5100580976856561
-1.0316325557519899,0.1292202115176566,2.3505616451207043
-0.8228023071622679,-1.537990891824883,-0.45848897900194624
0.654203657549128,-0.9287260231000309,-0.9176345944772561
0.3219317971102758,-1.2313675942291449,-0.005115459318704812
0.906405678022253,0.2392942931832263,-0.8542491917693154
-0.36936114475495024,0.4601463098808553,-0.4577197824438989
0.5718999010097783,-1.6510550022696968,-0.012361229462981554
-0.9090468319497971,-1.167762140469209,-0.5732549956881147
0.9015117938339643,-0.16054066163297898,-0.741575620065262
0.08704794923341519,-1.9099685226593617,-1.6175590269771758
-0.5282718773306752,0.3932962965359487,-0.9039663530481838
0.8282368505408414,0.7014204185061912,0.6334990251104212
0.8784734375400026,0.26326337514385195,-0.6123998943967868
1.1170483654632417,-0.44102067768088216,-0.3565102079784033
-1.3318905788615405,0.20540443245457216,0.04512667993352163
-1.0359081859231336,-0.2996987909185081,0.01338768468157579
0.5160057728827333,0.8725023943917729,1.014844898019186
-0.36236423882385854,-0.6588937544536037,0.6512249304630294
0.9806713139186769,0.2594462756740955,-0.013561253307142163
0.12757206710437785,-1.3739104612094406,-0.20896676715924292
0.09969398931394251,2.016778706800088,-1.7740934880598882
0.667234288001045,-1.7729838030141818,-1.7200077035249752
0.6870708888281776,0.07867260474468238,-0.8759147387752141
-2.162485360859346,0.25633527652054977,0.37971863431618075
0.24637490248140678,-1.0337906595444186,0.866290766167591
1.4305890649804303,-0.6178126572975003,1.2808161194834655
0.019049220358320983,-0.8781914214291437,-2.174107225823516
1.1959403244233635,0.9418666235430574,-1.282349445244214
0.29766679341453567,-0.8437244223468073,1.9534770437548714
1.8592833047068758,-0.12973285048295333,-0.4948422582638153
0.8300800421562325,-0.7340125423086722,-0.08005370646762307
-0.07955909477777956,0.8169480940359444,-1.3022857132958834
0.6321037613710883,1.2768296852687175,0.020770970713738682
-1.7968183164011917,0.9066574274385973,0.545767659554604
0.050789893822157504,0.507209071014808,1.6796763637197227
-0.16035522961979687,0.8830620548447297,0.680259234476661
-0.18000888427628986,1.11900646837707,-1.2176044407171112
0.2441653210377616,-1.7205433398872627,-1.717499716593016
-0.6313539026952019,-0.30931083629025813,0.2584284005998588
0.19154161767171005,-1.2161025834188686,1.1426099172619715
1.308614166738737,-1.3909692811284882,0.5484211232294213
0.11292641259714532,0.8468390894712149,0.4190588567723986
-0.8715036204101304,0.25868979981800083,1.3382432319347333
1.5420644400776629,-0.9234344432962401,0.485039707548642
-0.45314139271302883,0.766908753103596,-1.0399443577682304
0.01392484882155648,-0.46874157649892534,-0.675199455746305
0.15015702982063714,0.5589333038739864,-1.8826586167060866
-0.9173029811733171,-0.6550260490547467,1.0628145213344238
-1.928931844454804,0.6863686006883215,0.7095330203278617
-0.021040639608499362,-0.39450557745061227,-0.03957792075641979
-0.6114404520108,2.468661699599186,-0.06204157167315498
-1.2182100696185454,0.9406901442948585,-1.248776470942095
1.3775153714045687,1.3410717212229217,0.10909636427837197
0.1509038909519065,-2.1169422719853133,-0.19946652843882545
-1.1873252308216888,0.626521596063204,0.9689837558344698
0.12183426397283756,1.4900148456714948,-0.6577825559306311
-1.8911640683052895,0.34480297452914727,0.6186284348569728
0.7392911569977937,0.09011533851003455,-0.5962099031692422
0.2821051063866577,-1.8753474325858446,-0.8986653779800186
-1.1582378474981359,1.395459769207822,-0.575435399427853
0.2751081476102427,-0.7706400174324837,1.4262270194616422
-2.2480013501319576,-0.453306297760484,-1.2314398668439357
2.042464362938558,0.6548498996028891,-0.051020062410907924
1.2906949804390293,-1.6346071183581115,1.6475772765137051
0.12248532142246331,-0.35490936559547254,-2.1651820949667777
-1.7942736384815308,-1.1030092932898206,-0.9147152086053899
-2.0219590371167353,1.1222341808650587,0.8767225314755626
-1.9977296128025814,-1.4162108038926904,0.16024128392718653
0.3946845160784875,1.0106044755793953,-0.3417972603737882
-0.672241934707077,-0.8874803040035596,-1.1113283707358512
-1.2488124602780095,1.7436983819385652,-0.621181997401347
0.9351296250512081,0.4201205932307799,-0.3360340898966247
1.9797884315557461,0.6028591328812906,0.9053477585673899
0.20420804260093503,0.8110684761051582,-0.7087959564480164
-0.32520162116678514,0.18082496448973528,0.7366209785389569
-0.2566897869540828,1.365392176997278,-0.9067703469615992
-0.5089879448444736,0.5812903149546438,1.4951432365899247
1.2525526370160982,0.10180877079432,1.2028909849942246
1.743892118082365,-0.43525108840513255,-0.5307964167042091
0.8149367040794139,0.943449361207665,0.13066696048647744
0.6415822379877005,0.5169455437897336,1.47969764192229
2.188858783094094,0.4519626247049156,0.718893968540508
-0.939983236446258,-0.21008316481689127,-0.09884798716550568
0.07665856729057312,-0.2622965917557952,0.441381713999026
-0.049658009173698385,-0.12425106661774944,-0.3441794119797693
0.39707119182059203,0.3221050308387906,-2.0085323627275997
-1.8074456875829858,0.6488530549001655,0.001145543492774381
-0.3919302824343,-0.8475143310633362,0.8711466751762462
-0.17245151949639867,-0.1299719941784227,0.9729930833887491
1.4055473489285442,0.5708144063477395,-0.22064291392706495
2.0486456684753627,-0.39462472277966776,-0.1811158761796528
-0.24030927259445978,1.1463073497039842,-1.2570320839408171
0.2726106181857236,-0.873524114914884,0.5034998156875683
-0.44537489290835175,0.3059091999234979,1.815855135663769
0.21002808206027648,-0.978934778672068,-0.25321915870111156
-0.37812660709658236,2.0043277024753174,0.6265564896974406
1.3345138629420903,1.4518011386602583,-0.4181987657769584
1.8535006234925862,-0.22943009017747135,1.5561144470282962
0.20810142908005572,0.7333177080325216,-0.19275253609594123
1.5698405466976915,-0.5556745734145027,0.8662269402787678
-2.078865926100867,-2.48255866471711,-0.6112033203243141
0.08396535587348837,0.7884908494135512,-1.1898973910719328
0.14888427572588994,1.469973892525086,-1.7940483261199527
0.4434934768255511,0.06904730139497162,-1.644082660693617
-0.027576430842599985,0.20792989136303922,-1.0717227353717482
0.45892260931278717,-1.2613507696748842,1.282998610855685
-0.09473618866564126,0.1292000861222485,1.0606088987419846
0.8117929614787245,1.173002623439178,0.14154656348428396
-1.7021851536079837,-0.6999664915328333,-0.7449639990685784
-0.051959102828369776,-0.10899069878039591,1.1415612270185045
-0.23759849252533552,-1.8750653876730117,-0.6743657042873007
-0.21637912939664417,0.30324309535510496,-0.7213273537536729
1.303855057264708,-1.102968479076091,-0.52295377622829
-0.3502245880523275,0.7863900070195056,-0.1544545548319213
0.9286293449740487,1.2315576082644861,-0.3716014911211302
1.1582016563899362,-1.7969379623988166,0.08390189227071858
-1.2887987327397064,-0.7306773415086267,-0.165600341039893
1.8252127137450662,1.4363244649717561,-0.002597909294772914
2.7561244802442832,-0.49620118266263136,0.49869047391572396
-1.0126851735669542,-0.20347054447573143,-1.8911426439892216
-0.5301724717623915,-1.4699819715112143,0.08074795266727308
0.38571852815165414,-2.2893026420985825,-0.15062795971814136
0.18445345269941726,-1.1976539576245402,-1.7121125788026184
0.04687607031678791,-1.097512906564564,0.8829059938245358
2.003478255218046,-0.5033734640848477,0.44913535771479884
1.540379518533105,0.9605349080033933,0.09906923104862805
-1.390588233234509,1.7613459124534407,-0.44451211061430146
-0.5671715364893769,-1.8616852806028468,1.0453454780644806
2.150830294885804,0.11131889621056454,0.6794380524921246
-1.4127970148495521,-0.006083831226871698,1.2551161748330226
1.126974280531511,-1.87123145662852,1.1490121292247946
-1.2045297560136905,0.3763134110499655,-1.4290877177425756
0.7045068900335701,-0.8161796974051642,-1.549346879146973
0.7671806996160565,2.4527234286047297,-0.2939471325090243
-1.6295695492900222,-0.6102786341683889,1.9440819471626913
-1.512607403385014,0.31803238341156104,-1.0749983851958778
-0.26885021265932874,-0.46689513691580037,0.6155692061944353
2.0563207129036467,0.38309386648735494,0.06268011384907442
0.836243054159164,0.3493185484274528,1.4941340683892574
-0.42742901435267994,1.4900163272916067,-0.39212119448633254
1.0390247341381877,-1.3303797471046035,0.28576923180294944
1.0504400353250298,-0.4278320908646093,2.126043365792456
-0.5228085557453659,0.40616021519278006,1.4157471512423074
0.5642543021511521,-0.28131596201459164,-0.8307526627138453
-0.49876704251156656,0.03906699687179902,1.116414710159868
-1.0648698228466322,0.28495881345712437,-0.5644189980571243
-0.06062578775543679,-1.371995067499001,-0.9377315332864093
0.2340221637796509,-0.23184878362659023,-0.047618777376953705
0.04900262785649343,1.5365645718235168,0.9668649224758578
-0.293024354213432,0.3750274819003886,-0.8433539414017287
-1.2681613629566917,1.5408531426194538,0.011299789255031173
0.2607097315910423,-0.16709119418144575,-0.35429255316572267
-0.30669268789765036,0.7942431162009675,0.7037917900734202
0.4987562057232838,-0.8309263546995705,-0.15269245273647847
-0.16819603427982835,1.4022800598427108,-1.6932712339693559
1.102250053691856,-1.062334826602753,1.8242736864627744
1.1746996535738121,0.8995010864742896,0.5299242300459441
-0.45764101631635423,-0.31805026191416136,1.1032764743007548
0.2536051703873544,-1.7875270569146904,-0.41556724585125676
-1.772118495976076,-1.2556210642634982,-0.6522893383273118
0.32301337739037017,1.2824659737240116,0.8579915775579187
0.6697807718621094,1.7930242703165349,-0.0844347360215185
-1.9441685874594958,-0.6944781037173788,0.4582023150296041
-2.0002251337816204,0.9119101916463507,-0.4344678573151929
0.17959953302672346,-1.1685559101795524,1.2673552897623799
0.13217996817424155,1.3339492612446655,0.07650751718977053
-0.48777897637194817,0.740592839032358,-0.2163959405868698
-1.487679222775812,0.4245178468466295,-0.06013015351000057
0.7507663904564394,0.309246740672681,-0.6535395920365253
0.7131231013851532,-1.010594898620553,-1.0483059136951514
-0.18023667146455588,1.820069173896972,-0.7710554833177455
1.1792397698455455,-0.4663741502724805,-1.6466620285509108
0.1962566454352953,-0.21941689270887973,1.3221630753677325
-0.22616444161141883,-0.4604130847117726,1.0870521997139633
0.6276013838332448,-0.11787402109031193,-0.01937336316584219
-0.5136551924609375,-1.1216484853893471,0.07280009865265592
0.2756991076877898,2.1256632857918523,-0.658644694863284
1.0561077564877825,-1.9967407708725318,1.6001420677268576
-0.1405209262789644,-0.18499301073863259,-1.2883443911061625
-0.5609197084050397,-0.14661272410351975,0.17953510195532785
-0.8032854576375975,1.997579501638593,0.6413351849270449
-1.171242196286137,-0.9867549728463496,0.03491725854699846
-2.2320772520442627,0.7201729078231792,-0.6582980136450886
0.30485465964452274,-1.368354431968006,0.7639177957192976
1.6370284736117882,-1.6090115086797572,0.33283692753543004
-0.32006277946418177,0.4314657653581271,0.7714146859823073
0.43322770353997525,0.5132006595428626,-1.0761564708886064
0.5378116588153441,2.2886577348789388,-1.0603971039714075
1.5551138903511685,0.5800256492211036,1.9660383607679015
1.8676939989622894,0.03213561752666284,-0.694445478784042
-0.39747139698602163,-0.44402758259469105,-0.4064216056002574
1.2196139760409137,0.5235971046090249,-0.6040104696025442
1.4352789536105959,-0.515732943572701,0.5011839380715727
0.22995489287386575,-1.1918356214960435,-0.9754652748380672
0.3540328361295972,-1.4910787225025222,0.7687064668430181
-0.35051866019865047,-0.7023348862795664,-0.21552542959194107
0.37249879775089967,0.6447196152225871,1.149736628061493
0.5243081373319934,1.4374970250170844,0.022260751506787496
1.3835374298226693,-0.6108941681552108,-0.6903083721147895
-0.5372087674994902,0.8565486453293062,-2.141427245139561
-0.8542406220035381,-0.3211786538975154,0.07580745770577982
-1.059123235692758,0.6935260486156345,1.248691932277117
-0.1463923196822616,0.2739113385947209,1.9764785598605314
-0.33160720372296965,0.15781749184689048,0.9864119578897269
0.6714121058704561,-0.4094507739775071,-0.9455642038013521
-0.23474926120230535,1.0736868469962435,0.3887093697275112
-0.2006112616022611,-0.4201897390715624,0.2911960094550368
-0.4442759564870798,0.05823462909601674,0.8872312059406803
0.6523598633035242,0.8661581133116294,1.5922963896735678
0.7714559820819109,0.6114157345659039,-0.9705632352196486
-1.5232387600076855,-0.45545642148455306,-0.9673131049698048
0.2932067637891914,0.361701782408386,2.560229900229528
-0.3455449073610738,0.8698288766393992,0.46280162563779487
-0.7326251282330865,0.07076281110686528,-0.08517767061937884
0.22639183523024167,1.0819333651894076,-1.4957688671099374
1.3161550261404007,1.9170180697979606,1.149393131858161
0.8710879082487418,1.1268959641316136,0.27572349897510784
-0.6909121121697696,-1.093168295183898,-0.8273493659156798
-0.37198075088585086,0.2386634728376516,-0.4942147100525059
-0.3035387268859209,-0.5934340715580781,0.6233871797807131
0.4388094931781401,0.884754642732337,1.9563349733946136
0.2590828326547606,-0.06190745139571739,1.3031138641382212
0.5715088198491476,1.2970412053408622,0.6984542273158064
-1.0211708218834963,-0.26094599152602665,-1.823479909096846
0.3234387377092371,0.42100505467972016,-0.3793132604327236
1.2516389985771847,1.0751155365538285,1.94021711982149
-0.7067429037041062,-1.2865859050246176,0.7112823138428744
-0.9168807534342903,1.0340779465537158,0.989804049117649
-1.0547220716238432,-0.7100634255208607,-1.0369977612781025
0.40084745511122427,1.0365144713342882,0.10133464106078786
-0.46894489911035886,-0.13213976621534776,0.42681202446816385
1.6141986925726326,0.5588117980653585,-0.07042073669538737
0.772615800858054,0.19885231733406003,-1.4632875252850899
-0.5080470523812097,-0.26182739564215185,-0.04529489426593305
0.838344525762911,0.6631669352588532,1.8546637575620417
1.2645372356082876,-0.057806046169092164,0.12172035360456636
-1.5100665622766585,-2.2960418188787206,1.0578470962777204
-0.11154074762253251,-0.008289337997029573,0.5559811229385531
0.5478709331908223,0.9888774752922682,1.2600114159006972
-1.3718953943522163,-0.2176524647598605,-0.11447030166487014
0.6478500954829889,-0.08824129413125369,0.018458203179505556
1.0490493070417812,0.30700722240151973,0.9201096892491452
0.40409557400738444,0.00029383042907299146,0.5562024634544817
0.29385668163393075,-0.5888168904194898,2.056263766927829
1.3530493560838384,0.7995323291652041,-1.496450186248152
-0.6692857688958923,1.9060562882392402,-1.4886421619185295
0.35125810653675416,0.06629838799278809,-0.8969048110021294
0.8983411463392543,0.0732760876464989,0.567445575008433
0.3722906555204651,-0.7100254091134839,0.04852724597828743
-2.1565770811378204,-0.7092191908725441,0.6049305052054617
0.49793211850332125,0.9944846490900826,-1.2878787052333434
-0.754936741530092,1.7701682213351793,-1.3538435386268055
0.23299071136635463,1.3182998028698463,1.6995413805400645
-0.5380947266704108,-0.7489414043552441,0.33255172211994954
0.47582252002861214,0.9813133823323589,1.7430734913902608
-0.07406201629108106,0.6599613381807835,-1.4873956275062683
-0.2932321297098199,-0.6620604261003669,-0.9945204239856943
-0.6722747273767222,0.026866232516240634,-0.8186343322735956
-1.0394709390217447,-1.2376470664313863,-2.2496080597204102
-0.16648139460315484,-0.9959532025427553,1.850146393557761
-1.2707451197211377,0.37257095313626004,0.780157174877791
1.7098262111893305,-0.7596847230614714,0.8095027319666642
0.7052427464146964,-0.010163608038743069,0.4668047835751234
0.9347768148705016,-0.6176167602177314,1.433897974830156
0.12896307253191375,1.8008267842245835,0.9951545889870873
-2.0715131234801114,-1.082336927540222,-1.2035028148521063
0.04946906336725628,-0.22676377691241936,3.0900040302322616
0.17574098121181292,0.4892287959174225,0.5787854397964317
-0.019551224861087735,-1.551931267823399,1.3061205554140343
1.2548771964166616,1.3946557198156666,1.191665514534033
-1.2552970808933346,1.4806082170770138,-0.8070439538327023
0.6828038757379136,-0.6201465325706239,0.3173473260566812
0.5997399242409689,-0.5721599920342832,0.026744421374322442
-0.39575068829437615,2.225614984673635,-0.5285591525782062
-1.1450115120673365,-2.3115357543985446,-0.2435105100104281
0.8567966362863597,-0.6811125001624186,-0.4581421931123933
0.9906857811982323,-0.2524484521976905,-0.6879195482510242
-0.4783394945315933,0.3030574938525126,-0.9111905568177469
0.025604890315853272,1.3461705950152631,-0.04626246779785851
-0.8453468363356097,-0.30124657722767373,-0.8114514062337755
-0.6094527604244382,-0.7256398521834946,0.38366690902533573
-1.9736175182560591,-0.7064519333970023,0.42661204348787357
-0.9211975612937761,-1.529646773810908,0.660017091915081
-0.7605300428471052,0.17035799221647138,0.32775253422926737
0.21989365641725853,-1.0884742805600085,-0.007065015575896333
-0.9559540228895546,0.9448299008943366,0.07386069846712283
-0.24725623317157663,-0.06295231136069897,0.8126358377449817
-1.3140588166481604,-0.6135333713243111,0.11422930069908023
1.1313640587142075,1.2581446751867993,-1.089611841738234
0.5483144983203372,-1.4787649600612445,1.2606574377027306
0.47444002684142017,0.14351415565489548,0.6721848934683237
-1.383123651481239,0.27225276312349284,-0.3997447968526316
-0.11540918653979028,0.4441663674057218,-0.35453392240101067
-2.4204893499808495,0.135181372040405,0.9768472878819355
0.2644634242174812,-1.420019257257179,-0.2724150632588174
0.7370452910791132,2.07621709115007,-1.2429352327876106
0.40318823422471384,-0.2338150368720846,0.03621744266066591
1.1162976717302737,-0.5238429190720136,0.2501117019436516
1.8366258523957713,1.0640927484685676,-1.5582155703337819
1.1222929357639322,1.3673565086632966,-1.0311157993742492
1.0357998280429845,-0.3605156905489168,0.9720666333726755
-0.3270910803078702,1.8634593087339661,-0.7919633335229462
-0.10334542574801864,1.381033255259826,-0.032964651967583795
-0.11833940632188845,-0.2021293963934392,2.922484785008333
0.7828527785605366,0.37085625600750216,-0.68693549712844
-1.2329460001176697,-0.5963017299526358,0.6148318468898728
-0.5974995499334581,0.35628571796179587,-0.39482814168404934
-0.6066399968387035,-0.22317911607657567,1.3568484803927794
-1.373174560714196,0.7858507175348833,-1.2228891658420102
1.3070803541823834,1.6588233403702102,-0.6888052367655576
-1.4815224593361729,-2.2589330762708277,-0.09636372647067482
-1.1297602236718522,-0.09751456384605227,1.9696067280024105
0.2757240351080764,-0.5519276782133862,-0.7339522609705572
1.2160197083534694,-0.8726141069316241,1.2268633746514965
-1.9130715548504662,-0.676707673266249,-0.25873088967499047
-1.9431885678029448,-0.32910244903634683,-0.49669584016181256
-1.7659501147509657,0.8315051623786426,-0.1849908016573483
-0.7173458012542661,-0.6640275371079348,-0.5354284596775688
1.0561885937093267,1.4945865321506844,-1.6547033963230589
1.9260445679080083,-0.8689487146810886,0.007701164247047432
0.972940762134694,-0.0500569425773388,-0.8372354224441844
-0.07800458356314219,-0.26136494867716076,-0.0023819459443510773
1.2990967923547678,-0.6224105605218372,-0.7130872495073444
-0.8743214820198725,1.237610700751852,0.38150596669539916
0.1761743432789325,-1.5931900183912058,0.16569541247736916
-1.6853530598656257,-0.6494201553657966,-0.7020420551402476
0.854474909813575,-0.39844386039788354,-0.5258336702547419
-0.29874915785213624,1.6901385687141344,0.5555638357163336
-1.3160189746879194,1.948445194808326,-0.6649142472881376
2.109420469580096,-0.13713879177520535,-0.20553221996573776
-1.081679310853506,-0.9361450026717297,-1.7116485984372547
2.6700456397462062,0.8067629718547273,0.18355900757598181
-1.4029786725982785,-1.3065795879269781,-0.1465648489572112
-0.08269898036723021,0.4814569826318679,0.6198549415624514
1.500654837082703,-0.05091280700344215,-0.053907979902667685
1.5467964043066005,-0.8935915960687381,-0.055803759011239094
-1.1908071127354503,-0.2523147325387265,-0.9329603273976865
2.316832134753094,0.6353483750073697,-0.808065015239498
1.8768204040147902,-0.8769620285715335,-1.8189890066188545
1.3792764674574634,-1.1080608510724002,0.0719747109781536
0.6172019904406951,-0.7476998221851721,0.3136611809876355
1.1810381827185745,1.9322131409043797,0.09680940196580035
0.08121836820645424,-1.7034085560153005,-0.6396705242756178
-2.295014812299484,0.199661765215051,-0.10918257235388017
-0.23994007796775904,0.6987491128642462,0.5994292866736459
0.1917389034920953,-1.0371407142218647,0.7691171272844007
0.12566413525815534,0.23054965184561718,0.767200139740441
-0.5523657293551425,0.8556460382329463,0.7273140628103262
0.47989561624503213,-1.1004736003699216,1.009183155087433
-0.21726101336588186,0.051273233850408134,-1.520230424738737
1.8750535129942827,1.1601275917142178,0.9202944849810338
0.030059820925855903,0.8650227727614371,-2.0601487246209196
-0.6074000730840219,-0.908143983172443,-0.6893935877262748
-1.8286192917575381,-0.2937306611394788,-0.5588803425159274
0.4578284663647794,0.6952500932431696,0.805483683288975
-0.8516285315832575,0.3423066952956049,-0.7550115185999887
-1.086742839809266,1.1989126463510822,0.22334645109612855
0.24033572504081477,1.8577222076137259,-1.1629534117549756
-0.29161200006466015,0.33343968545864194,-0.24386673136579987
0.8434112718633956,-0.05674262133867466,1.301280229295378
0.4771799533361817,1.2814477497097512,0.3160528858890315
0.5496558738992681,0.1857496306824441,-0.7781281345282413
-0.45827652636540367,0.28128184723749156,-1.5259839590176814
-0.12194811721019527,-0.6709707504374888,1.0128250245485757
0.8230337586915183,-0.7663591884729541,-1.2084308528963663
0.552690075510658,-0.2586951018833219,0.3227904799637637
0.5706021453904357,0.7544703309901414,-0.843217319366602
0.01904163515580352,-0.16458423761352173,0.2534269691365382
0.00921794603017791,0.47164620761139664,0.20872406052820588
-0.5399765940259428,-0.5387253459678375,2.10963332663765
0.46044933821435485,-0.6281809113047648,-0.7834888100182574
-0.4866391218939229,-0.6400202976800032,-0.04988874529415331
-1.30464044927775,-0.519003959539827,-1.7884019998256153
-0.46648638935742265,0.19893919755086487,-1.074944781209314
-0.39231043867629467,1.5582044157504138,-0.31931945409826096
-2.2920909555642397,1.0785367061344655,-0.4953089882413664
-0.7584164397824634,0.8858685635310523,0.5280640097996103
-0.5340054725302531,-0.30365843755405253,-0.7968725945216621
0.8377649350907441,1.0651987203247453,-1.1244012275192607
1.7233033871576,-0.6299225239252615,1.2982156665878328
-0.304849656850872,0.6410502918132278,0.6241075038133652
0.4490376801985285,-1.61224940131351,0.11329466366551941
-0.5332680730837382,0.13231172866961416,1.6308452999791856
1.0240130359581605,-0.5550492271428766,-0.3095782939491493
-0.3766049513902359,-2.3229318317432366,0.20519933252425135
-0.29165341218172636,-1.211480595983058,0.6959749515250734
1.309332352482446,-0.14812383292259917,-1.3692210596766645
0.5838771842830355,0.039151473489002116,1.9819430818617987
-0.5899110167699795,-0.774740782480076,-1.695532792655302
-0.8988514850335099,0.6346371814256343,-1.277204414245545
-0.36464911931280203,0.742952182439052,-2.399344585452679
-0.11417520670578338,0.568152530423437,-1.0651740138170964
1.8253978496542103,0.5308311876760504,0.5695174414065558
0.6185254119668236,-0.8467415745658966,0.3878337190704235
1.7224429618055863,1.1918313285183857,0.0595857061883888
0.8878591261487959,1.0852598335794552,0.41193167833696653
-0.7577385254705726,-0.9833538934943871,-2.1290888240479076
-2.3492208664321494,1.3382027706033852,0.590605754751811
1.6358467721185672,-1.1713043424870082,1.7087961215674157
1.7730625464069683,-0.8889431578661998,-0.8807875502694712
0.45344264618616265,1.6707500316401798,0.3630885000228383
-0.30116400029729273,-0.05386429464695183,-1.51424882915855
-0.1937106090111501,-0.0227687133808775,-0.6214683036113317
-0.04134368900632734,0.9923357554003225,-0.7330193731674622
1.2200749325262685,0.10665711198869345,2.739726877457678
2.2950147750416976,-0.2876919986768864,-0.9880283493763471
0.1856236572228122,-0.051699245020502556,-0.08640527507526115
0.05996491928457324,0.15644292143550265,-0.2287413891465289
0.6245940204765377,-0.43525153192682814,0.4327147183562302
-0.3822382595180677,-1.1304916334189299,0.893247829269726
0.519904724165017,0.9052616237029771,1.5727513869823142
1.3042605969983991,1.3485284317233999,-0.5178050896031121
-1.088338331858021,1.8250454613368439,-1.7735088038111715
-0.07516674556621744,-2.370052258959732,1.2517226640128196
1.1888471325596883,0.1074412219818063,0.09835381796128986
1.7603362269177574,-0.6249621159266017,-1.0009028993909215
0.06694520578906045,0.15346994226545646,-0.38821300805929293
1.587501853074055,-0.8136608509398076,0.20442501590714335
1.010552901353105,0.4629893987546844,2.28711879116035
2.1372066583856855,1.1746624014524616,-0.4562415666802438
0.6881705206396173,-0.6573704130502742,-0.6058415294029433
0.02508563668942404,0.050890592514894965,-0.26562584766710484
-0.5984859634332447,-0.8057660271710689,-1.397026216381978
0.34927918424722487,-1.6173672937856185,1.0183008844858883
-0.6076492370355868,1.7044140082784835,1.2100264343840945
0.26137244621804084,-0.2271379326780298,1.753426335057595
-1.446216005950297,-1.1647543586876603,0.7126689690414811
-1.8274991779479717,-1.166354055222311,0.8593983275354931
-0.8036387776767508,-1.4953348686431862,1.4547524877172808
0.392400592341974,0.4850802901482332,0.9762509305980692
0.7262039004250641,-1.0036917703115902,-1.4136106188973807
1.6674607060793727,-0.6789420685387015,0.34038848349563205
0.6394355634896428,0.8395816129077754,-0.35738184772083165
0.18095835712744382,-0.41411183923131867,1.298297149360373
0.07288624164589,0.5397822719861218,-0.054946990194055946
-0.5315240171142083,-0.2548545804829345,-1.1329057939084042
-0.5933232660815325,1.1838192405207486,0.9080234064585967
-2.2361842770583724,0.13955260330318467,-0.03852665409370294
-0.7363027482923398,-1.0488312272745932,-0.1011339139536247
-0.5372041842643006,1.7952120661386133,-0.007795298556853813
0.33351925127526316,0.9324692078994234,-0.4815386210585443
0.868972220799426,-2.1838361122811674,-0.09629566468059654
0.5870178879224013,-1.4707916215973245,0.7552645342872893
0.5623966303835649,-0.8202984336916842,0.5390621269267444
-0.14494699520324178,0.8623066895986676,-0.36988893365402675
0.3400170771962889,-0.38924659910436943,2.0798721618868816
0.04639535586910258,-1.8758172698864224,-0.5540814163761767
-0.4779684975732011,-0.12914144649525647,0.02528895390222412
-0.8782520889511487,-0.25996793904191495,-1.4679964497025058
0.4239220393520368,2.2793271938235495,-0.00975013740255053
1.11848600679927,-0.6286924086312912,-1.3667823534879058
1.2606953994045664,0.781786503296203,1.8290486493808482
-0.3120942400523849,-0.9965585828038664,1.277425545807844
-0.25505604484702554,-1.747992584207735,0.2037853513311844
-1.2576534583327632,1.888171423096501,0.8470258641237737
1.7249660422204662,-0.5634983647984761,-0.37444326116573085
-0.2054717999849075,-0.49290555286624116,0.9557393219628154
0.3507582145715915,-0.14941025428561663,1.3272301362248804
-0.6393730416228243,0.7901897193132927,-0.06717281889933477
1.2942481786349416,0.36537162416855856,0.2332589095194876
0.2271617176343908,1.530894117438939,0.8829022028390573
-0.6104286645922138,-0.20106299256083754,-0.7138533397347967
0.3609448414108144,-0.7369026230363956,1.2490823759737293
-0.8991534200426605,-0.4770321481368052,-0.2954979076941016
0.7678900774899827,-0.12796349632186488,1.208563381492781
-0.8932356976254363,0.49867569706479054,1.3798894018694718
1.1800430926081988,2.1300872206282055,0.8680729818588946
1.5678247229798685,0.0479208180861439,-1.055467644166191
0.9350015870009956,-1.4428230955884125,0.7193048976216053
0.8273746565078076,-1.3984008229122606,-0.6091194364020056
-2.274363591986488,-0.34451461349262297,1.0353518932425156
1.8739030109274943,-0.1531134406113154,1.2128883202047236
-0.807289234346249,1.2450570614834258,0.008524173266354003
-0.6489172702978894,-1.812355670374217,-0.4767867880758864
1.929713286675328,-1.2859090094661378,0.03732620164564474
0.5743998946720512,-0.2784216913981542,-1.3832849106173104
1.0074779145511725,-0.1670834232722341,0.37911419374792854
0.020685299205456364,0.0886292875405918,0.5407576697125369
-0.01367293338896534,2.3021196621054845,-0.19203263314732175
-1.5508556111563185,-0.06718805383638131,-0.03063904275002074
0.08400342110310197,1.2099441893156524,0.27668327411521054
-1.0513699838978163,0.5236755902503486,1.2900227717299932
0.9199550260071822,0.4451109123396577,-0.46708678926080144
-1.895683133564712,-1.3265864438155488,0.026441561387526992
-0.129065070619598,-0.9391392846912769,1.6403942557742737
-0.5471050130890674,0.030381306923386423,2.343742837889546
-1.4795422480029035,1.8803342378756327,-0.2285870582162366
-0.6502426508960971,0.48116969323404035,-1.179408980050515
-0.313639125387703,0.6372039425441591,0.9733530333125147
-1.3273642374294872,-0.6374256627372327,0.25718465173404315
1.1995646180732717,1.2138182416004757,-0.15279540271939993
-0.5152836324986823,0.07107956712058607,0.4945432648946612
-0.25527519693797407,0.5088586942972003,-1.976035697509186
-0.770052929445029,-1.2679127166048871,-1.7565096803340794
0.37748438650088817,0.058466018288546716,-0.5085677185886766
-0.9372420459696094,-0.564142323372542,1.6760851177296454
0.39233626796347637,1.1009157121399908,2.7450706549349326
-0.40334472689378714,1.2996207929105128,-1.085753723037959
-1.1329229103039338,1.19415696433803,-0.20988832117929626
-0.3532858784117301,-0.03824335064179792,1.1712198776034997
-0.8364192272770558,-0.43999701893919846,0.3454990278142594
1.1840151037975235,2.019689078378256,-0.9201774863864544
-0.06569265131541427,0.22238493860665035,-0.05696342975261738
0.8222578745099722,-1.4435256688477238,0.4515938036578294
0.8535097147109538,0.700691506625647,0.5585611799936373
0.36182371627726617,0.18702807519700057,-1.3195903445284163
1.0177233287042178,-1.013760341052689,0.7079856938827446
-1.7486393477611146,0.25680726790332903,-0.10842411996494469
1.5543392062507029,-0.43146201619906127,-2.0646618644481434
-0.5969013122922814,0.05351477757266179,-0.4525920258575039
1.29740087437968,-0.7447144749134821,0.29942961300672827
0.8578473945516685,-0.09872723087928793,1.0479636961874133
-0.31819318026324805,-1.4938850749036823,-0.12626451963069305
-1.0084483151886363,0.18075957930848302,-1.4086423888460378
-1.4025705919305802,0.47488963123349703,-0.5015917421317594
0.9022864178227277,1.6044388755918546,0.34784901921615924
1.847436914732118,1.086919290690711,0.06613764760664298
-0.4875986698853814,-0.9779249985458089,0.43392951371320254
-0.2508646733465768,1.8063515642650936,-1.094390912557645
-1.577901202754713,-0.6267010291605605,0.4705470189452289
1.083949235592906,1.5955088992603148,-0.03551819861903666
-0.6855726323079585,-0.26484082045047563,1.2027697965072786
1.4083892017705235,0.6177439075420393,0.34986699098098356
-0.06070080427783067,-0.11848340468105176,0.05441366159468406
-0.8283503372590765,-0.7646924140569747,0.9920634593955776
1.3934421502053917,-0.5272868188448965,-1.1846636356262552
1.6280572616133104,0.60083331741364,-0.25615626800141406
0.6227330151504922,0.5362376088317597,0.7091398621317213
2.1259848065862865,0.7034019390076386,-1.1618658236315007
-1.9236445474654738,0.7969278555246385,-0.14011936465403116
-1.2026056260585782,0.5129311672579835,1.1660506399850892
1.7776160704125374,-0.7478484570649324,-0.05960439872396535
-0.9860306144820205,-0.351588378228744,1.2680822131349507
-1.0086406530617893,-0.12496128623970194,-1.2809129358273745
0.25155314600388745,-1.7524536877374906,1.1130931112351925
1.2076381791015403,-0.9097943187329035,-0.2109980409490278
-0.1405328796465273,1.8433607228467361,2.066878866777029
0.14100301777882487,-0.8199582595824592,-0.8011819337805575
1.997879387499923,-1.1951066817488745,0.22915239906732748
-0.03649829292324292,1.0787063659847222,0.11039459353075853
1.245369131793654,-0.15807550426940215,-0.28368025130979097
-1.2424329404838264,-0.11147902517642852,0.0986928273173087
0.6375760961199287,0.014456187333836561,-0.5225679202550536
-1.7853736854075306,-0.9084222747308791,2.5589394843805575
1.5419179613691982,0.0910222916141317,0.7890302539312082
-2.0479910048774843,-1.1964179301133524,-0.08345100114085309
0.7904148380636752,2.3894118438266263,-0.8049858474330299
1.0971302531414442,-0.4849456336898015,0.010726123729048031
-0.538895796067034,1.5014453911231158,-1.335248120476218
0.8889214421290572,-0.0688072192914892,-2.1069309294064054
-1.3711530911330818,0.007077326647800351,0.868651835673259
-0.6620782873758647,-0.8028578695057953,-0.21862483433634436
-0.42589859301375516,-0.11552593856230173,0.43331709148208797
-0.18283918269360225,1.4077514295311744,0.8931988087100231
1.119711811305415,0.9142901131559976,-1.057961943665985
0.7818009067604293,-1.3717083078659615,1.2400729277662765
0.7820440259742212,0.047550848099633336,0.8231566195602714
-2.0846044485352766,0.8181128512469964,-1.301899047066715
0.13903585603445978,0.5184645839607794,-1.2848841148082075
-0.20956717603253552,1.2532402364816253,-0.45625187456037136
0.6434730625460531,-1.7941253285618644,0.8340721506218595
-0.48149091233630065,-0.10171997697287237,-0.24269308987425148
-0.4024924591670466,-0.32796656355510007,-0.07989606576806133
0.962908842039775,-0.12597831726404327,-0.41404758249630785
-0.8156028189982489,-0.4315441979149218,0.8765213411667007
0.2512154487798335,-0.005400586995271943,1.289205895531029
0.20069672879272138,1.4950061026498762,0.22817130168448954
-0.04376202697470153,0.597052154535707,1.8499650416049167
-0.14401698460024023,1.1112284209533803,1.185115788021069
-0.6490040637880258,-0.024793860906596715,-0.7711503755327133
0.9962309019064495,1.0940642411461177,0.49010497451833396
1.8108928956008516,-1.0885995043856904,0.5853437198034465
-1.5412765358993905,-0.7261249787296453,-1.4507683773405635
2.027112814025045,-1.791713589822206,-1.3554667552607722
-0.6532630217252436,1.7257155500051484,-1.1357537308208419
1.1458134568574794,1.1146638032452887,0.534118283057228
0.7241940724602961,-0.13774339909997446,0.4274892727938547
0.0940110611134637,1.2942546744784944,-0.415722791682506
-1.28001711454722,-1.0741767961928728,1.9309670334545157
-0.5270572652107623,-0.30690641994223816,-0.27805970886427206
0.8569696139029561,1.231619858356336,0.2933770146204594
0.6965147918314938,0.3178674412613306,-1.4642805039205762
2.0430526741228614,1.4363619303483801,-0.8654853074930079
-1.6176985598800047,-0.015356039376204304,-0.15648398787028858
-0.5637042091048751,-0.43834280204414755,-0.705769676832977
0.4861283991845653,0.7593338398479271,1.8629792246379435
-0.3493066092274309,0.15801042717195896,-0.38029752371706754
-1.5689310363199516,1.545796633948194,-0.33922953030722675
1.4940629440080426,1.068704086475941,0.38248196849475913
0.5061051266104957,-0.16356196664186257,1.0656237081408864
-0.08342438347432081,-1.453472052953265,0.44023528019514524
3.2751330819021276,-0.5527713948371931,-0.6337505877363124
-1.2080967520019317,-0.2547314824033607,0.9659908695972619
-0.4705560700780806,0.6943792827739426,0.5810570689973957
0.23294895608666552,-0.40092376501751753,-2.0028501282923132
-0.07786061752239586,-1.6460012265220938,2.380913981464164
0.36658591348351005,-0.3334555017490152,0.44826199813419254
0.5885464768977017,-1.795172816969706,0.7414430364833037
-2.6369425298354487,0.41388469430856495,0.42185588382018796
-0.11613284725116275,-0.4621042650001947,-0.6093653917880241
-1.107574983783788,-1.2219461405472263,-0.5187189599144284
-0.1034316865262436,1.231045074874229,-0.44807730106191673
2.3387354569268917,-0.36063077922765074,1.4193868663289495
-1.2591601078775816,0.15740257551261935,-0.8352402435911743
-0.13545927908718208,0.446449157398302,1.0292627074027443
1.8652744056902797,-0.13479576624593648,0.057736505224476396
1.2367887194271832,1.0072184822810573,1.6632114746181614
-1.1716683210358023,-1.1373604267750952,0.2858080292889081
1.4882183886910918,-1.8330597850696349,0.2541282675699393
-2.4427141590067825,0.548676664109724,0.07478923225347109
0.14876432856838948,0.6150414505014796,-0.16603139406666204
-1.28249562561373,-0.09650516979490037,-0.7787589020736234
-1.2582461973412329,0.296189547920718,0.20138720495125137
0.1746057971899962,1.1596735738024408,1.9693591408025721
-0.42782637347513996,1.98154135686706,0.47209620591511187
-1.1095817122761775,-0.9247676862645214,-2.036414293998575
-0.38901345617178823,-0.6157232937260328,0.12069598740741382
-1.3143622638181358,2.6143102510412013,0.1011926565085514
0.3887769354838657,-0.6679212923833879,-0.6429371049538916
0.2776777558499029,-0.16736641463061236,-0.003943203418047036
-0.5243014282719581,-0.4555184895875574,1.573182776744277
-0.3773511956136877,0.07175788246700597,0.06370106689764514
-1.869079602633548,0.3530904349381665,-0.9776408943698606
1.572861319663677,1.0893866224248008,-0.33477906922083406
0.6070074055274841,0.13847799963943008,-0.6773782805738103
0.5331429638081964,0.843437741547331,1.5007578211410628
-0.8139137957346916,-0.5885570700512267,-2.111974280013059
1.3822468475930332,-0.743497354015549,0.5990521785069594
0.31171021785161784,1.8303358597216268,-0.01025366113362946
-0.7551844851680372,0.05104999166495554,-1.4480747733970998
-1.220984819430512,0.787019465930195,1.5047413573918684
0.24954303091503546,1.2654427209889165,-0.6234445183615025
-0.866733539081629,-0.653806709563629,0.7438952697508575
-0.9798667561428147,0.26390685959253124,-0.7990929486612
0.07966232873911373,1.0920998540103983,-0.013366752784452835
-0.1296988123993191,-0.5804340304078991,0.8693081690450976
-0.2363075700830625,-1.1198266168392064,-0.29520992723442835
0.7380069083156576,-0.00521126413581815,0.018665801266512797
0.6977962011965728,-0.2861145020404827,0.2991543393083487
0.5345988947380916,0.16290525788247923,-0.5194402173130245
-0.6985646471393596,1.6744497635014386,-0.13590485835734167
-1.3959388631548613,0.491834016082675,0.3972762465625496
0.26025587368607567,0.24445846146211586,-0.19824979795784664
1.2641023442955275,-1.6929350835657002,-0.1999691258940053
1.827840527373603,1.6035625000388338,-0.09993297293215722
-0.467570060173567,1.3760676168866723,-0.24292557466692807
1.8696250550463493,-0.24729652766147556,-0.9056803918239266
0.2897718342384211,-0.8289265568554631,-0.7068553813270892
-0.43315536816747563,0.964743134925006,-0.2662770764824048
-0.5571279740161426,-0.1555011683991053,-0.6599786596131948
-0.725185204249553,-1.394883526501497,0.9962009837948769
0.6277159892139479,-0.105119915020573,1.9962121154464822
0.9602275652253398,-0.334432920026168,-0.3683597374421867
-1.193966487049195,-0.6995556126193558,-2.6991353957388133
-0.5686280797635418,-1.252160664883456,0.12583446246354554
-0.6321433969061527,-0.1554247085488997,-0.24697596389988655
-1.688548680797703,0.46434030750301303,0.2785583935861531
-0.7573354688175813,0.6462998454552337,0.8995541415844412
-0.03136902901576796,0.7957957888539605,1.3582903221243188
1.1196258193501745,-0.7522941235489308,1.8114686814205734
-1.113257893886877,-0.45558425447318457,-2.2607295113595813
-0.026237497399081527,0.289427046069372,-1.1794113325939948
-0.0475583107876886,-0.459004462025388,-0.4021530045014116
1.1869837905532485,-1.2553390169442968,-0.41952976027465455
0.12134415955580288,-0.2750086262446625,0.5586830530439914
-0.2607717166359984,0.1475492442375378,0.38161640653220763
2.345257462688316,-0.8813631859312112,-0.5498561079552516
1.39008689300758,0.03712098314775326,-0.05109553687404169
0.7447007368103771,-2.0310440057826904,1.1895308429296063
-0.35861144391182076,-0.8049791458501485,-1.4721696502066286
-0.14191040614844627,0.42517769107640035,-1.4320908029215793
-0.7782720165621653,0.887759966724576,-0.6052747969538114
-0.5064215527413578,0.6139439022365818,-0.9013382730424737
0.3415705673919217,-0.8451829530771331,-0.8844384715097887
-0.21847060579482055,0.1937505423585679,-0.38046410332930686
-1.0796338538345218,-0.9333501274042407,0.09625226035933579
-0.24400749129107677,-0.48639011342136956,1.1458602412502317
0.8528635690741916,0.011061930543365508,-0.12205339263883537
1.1691595354750013,1.1379514777316704,-2.13347956509524
-0.5055611677874655,-0.7689463935608318,-1.1383821949074733
-0.5007568469368394,-1.4352720351549073,-0.8495846590722684
1.2391929934446608,0.4994843187557433,-0.05234133857790672
-1.6236736029506964,0.822983265306543,0.23064043960842134
-0.2276001161220333,-0.28614723341074555,0.11880385767844628
1.2340457987549833,0.8350490624102286,-0.0838809976107405
0.8049836429720866,0.15118831946759176,-0.06265819105185401
2.312979341157164,-0.495684453235685,-0.8011922055276962
1.9892233986674264,-0.7308816992072652,-0.12167243625511236
-1.4119836977298394,-0.20738430389336537,0.8315475635500635
1.5128376116428564,-0.6787514508327804,-0.6114898882975314
-2.4673611707916754,-0.06962757663946252,0.6160654741242299
0.13740850527621784,-0.3934200264710016,1.456027550204396
1.1966330418409514,-0.7903277309921865,0.5204040841332108
-0.4716865017161023,0.5120270772209421,1.1599453001687545
-0.7683716327283258,-0.8124999427750714,-1.6468556080731285
-0.6823081347769477,-1.7400230515202317,-0.29179736170827686
0.06227135995308476,0.5159145259688195,-1.67073785054427
-1.2738506042234234,1.2990550356250117,0.45587540206902527
-2.0606192011589273,-0.43806452321732603,0.2665384002133086
-0.7126519119363229,0.519240004744935,0.15140865035797554
0.2010353075967247,-1.4128677268560723,-1.0935974276838905
0.6435881535235626,0.5846051177087751,-1.4296169225290358
1.922337482714331,1.767587184273497,0.7337418569061727
0.26182063697976465,-0.12252461396849401,0.011590795028399391
0.8621350025116195,-0.8874631455693227,0.38208543768101505
1.8676261600239794,0.9022432336757995,1.6409352001053692
-0.04613335704799255,-0.7347575483740139,-0.8837227233638405
-0.24593719525654664,-0.6987093801127664,1.8271376001080095
-0.09973602963111043,-0.22361782885332063,0.8687288520280111
-2.21499836409039,-0.16491592670390592,0.5365696455859521
0.20816100339299248,-0.16525014016642964,-0.10379479450353533
0.7604042647330859,1.379110923703403,-0.7788925691700307
0.09500643229613535,-1.244060309956994,0.13638356353007883
1.6274797426348324,1.071127947174201,0.9778318241576897
0.3554080686810866,1.4693401464190565,-0.1378569036895113
-1.084521267865177,-0.7012568865687246,-1.2843855214489472
0.1721247726106653,0.8258866096429853,-2.2383624134519193
2.4853526108733597,0.1579419677506217,0.6681834985005989
-0.3032043789899708,-1.7100689598165146,1.2884416844455653
-1.122631805919475,-2.2202063360049005,0.052004583947441736
-0.29934870838462746,-0.341212733295622,0.3423564861554686
-0.6862505642754176,-0.8187087323488567,-1.3164124285269416
0.9772874166732836,-0.3520307649116102,0.7913094082198331
0.9013780335365827,1.3055532095966949,-0.04806503695365529
-0.7472272752683454,-1.9437153578672681,0.603284516588892
-2.4431536055510374,-0.09691407075237621,0.3602134462393633
-2.264418270440772,-1.7411457922483193,-0.055735742316347675
-0.5037265333552696,0.13072655744317727,-1.3658168923389333
-0.19387390049402117,-0.3645313792142163,0.729679137913844
-0.5782749018418702,-0.7998214955690317,-0.8145453389822163
-0.7362282705329136,-0.3603631016246255,-1.689821807072058
-0.018979826501003768,0.22720758708797772,0.04890323848341273
-1.8528775996329094,-1.5613160615375106,-0.6618829720892593
-0.09839945344646793,0.23743455974024158,0.30082194931963874
-0.051633036527383415,-0.10064134744632647,-1.102460309916514
-0.22897721502741208,2.663162090940281,0.6789331150392657
0.5638242123071069,-0.8223091549479806,1.831922756642933
0.9386185026313769,-0.3218222822227807,-1.395485882757673
0.3124505403791919,-0.8882828395078464,-0.7060469272716136
1.6733434848916322,1.1170564810821089,0.7030475418037377
-0.20598857024665343,-1.2688241322816323,-1.8830755366957337
-0.24952052812062583,-0.543878564371186,-1.0796464012919071
2.152129903722116,-0.04430898730337754,0.17438677275107592
-1.202918655501787,0.04891308690497013,1.9144899993567603
1.7122812416929343,1.7145752102467637,0.988821674319252
-0.006118907532400725,-0.12819703981280609,0.21857923407123736
0.046070229188555585,-0.4822419368090658,-1.3988739304471502
-0.110137098780987,-1.0434423901776486,-1.0354032234858452
0.9224263904840634,-0.24152850709936086,-0.7779011579018794
1.3397001831687578,-1.317453275822875,-0.1520127810835782
-0.9525550671178209,0.29597513140358767,1.1184574291389306
-1.3165105679145261,0.5100319169946855,-0.5845623380899944
-1.7984947867836896,1.2286218086107907,-0.29409688133611206
0.7894463068362418,0.55538775155424,-1.178080293905674
0.4902637810187484,-0.4843458518042275,-0.3885530611783788
-0.45590537363191785,0.8739659035201581,-1.7585059685470417
-0.48746490130995246,-1.0311304990464236,2.4158907353949948
-1.2458537248319643,1.562885111156309,0.4049518289148412
1.649069692056825,0.32496416062984107,1.0474119339942731
-0.7592134773092162,1.2859759827211819,-0.693077114161044
-0.18314496564978455,0.21306825011505762,-0.3555644385491143
1.10365166317725,1.3636354680980614,0.6438136708094491
1.3675612544155689,-1.9951081792646748,-0.4225453999801557
-2.0467019362266807,0.018235070084559303,1.1635029090048488
1.2242764355730555,0.5057762332077317,-0.6153741152155257
-0.2766102795925994,-0.08309095174388961,-0.04020760973417356
-1.4902933635014846,1.6493390218795265,1.1281835653367283
0.6797443936494122,-1.2394039615203423,-1.4589730300954984
-0.9639552187125408,-0.8049755446393209,0.3792162748578609
0.47537137524776746,0.00022658079114300212,2.2842260999870203
0.7864097254271529,-0.8212125536933497,0.11855692258835425
-0.07500909324634154,-0.004906002251746237,0.806607926537906
1.4346653777710578,-0.12745214302214625,2.489814974405414
0.21306843041875503,-2.3743267281965683,-0.6526494912386761
0.29617756619540586,-1.1878262889981546,-0.2936894676165019
-1.227985901581605,0.4485753145335756,0.8142299531499574
-0.840541463363358,-0.4907829264046764,-0.14988319175212425
0.3233691173040286,1.1818853994922132,1.9343402980353164
0.15525580041379836,-0.663757028935443,1.2870820959709026
-0.7591121358381993,0.008244978807689552,-0.6643612824374535
1.024728817802151,0.4061753279506555,0.3759287622931496
1.171970470932616,0.18387565302822523,-1.0579379247900604
-0.025252641598476597,2.5308196016741764,0.14246285564353817
-1.175737372815644,1.2490152041580604,-1.3957494116350964
0.8030258436981386,1.1854551656706944,0.39246659840956555
0.15435751268928977,1.7760616162800311,1.9326895500610344
0.24689312113501696,1.2801900685941514,-0.05986629459786471
0.5426890736003739,-1.8771950368986359,-0.25588509731281145
-0.12720770622187882,-0.8611412470236175,-0.5416956629976352
-0.42048541013682,0.9049431492282805,-0.8583107065492304
-2.352625997881945,-0.3039062138750188,0.8526064485234128
1.4514353917399052,-0.7727542205309226,-0.5553401507774449
-1.3641571836992705,-0.856711126271674,1.968470797095877
-1.1033143687035043,0.037503973027800445,-0.8031516607192904
0.9982299038057352,0.10613651504541194,-0.5169845453720315
1.7942568643635393,-1.9330558519904577,0.9198718493319764
-0.6402933636448206,-0.11678913292357211,1.2657243910037312
2.5335916584805402,0.6749766791591804,0.463392494813608
-1.4854709676688251,-0.4817561460195229,-0.40035268606557645
0.025685864428203146,-0.8866403364511877,0.8075747193770815
1.0391585263886933,-0.14682215406198335,0.002591866665855236
1.0658831623113418,1.0178327829591678,-0.07691074288888122
0.14956820226192855,0.8767807783334957,-0.7264164080006184
0.8478897072829056,2.290035633504888,0.7333231327188726
-1.5843325432997892,-0.6835466621627394,1.3574362786248637
-1.3799073856917234,-0.7944588875458176,0.11617706014305478
-0.9244016372301853,0.7528785560946389,0.007479121669323714
-0.17177080525669128,1.3936257861972663,-0.8040490892728263
2.9344362964831125,-1.3336380366104001,-0.13699673477618626
1.1470182872100556,0.2709102586810101,0.7253061762278545
-0.969326121002111,0.47872053919932706,-0.33601262643724317
0.23012566794637185,-0.7284148770587183,0.7460021620088808
-0.06486578123676517,-2.0780338138583514,1.7131137020642158
1.1865845469653256,0.5406446685687156,-0.21735013555619248
-0.5651765637684751,0.26194755192856517,1.2894477065453234
0.37063145994454477,0.13202557477644894,-1.4205944039398701
0.9334262770006144,0.49764522753712337,-1.7819406135661422
-1.4835417371527253,0.1516871938815592,0.006861691515932885
-0.37677450105974497,0.8329729692075105,0.6755917524004185
0.255069444967022,-0.17893916916766017,0.9141870028729575
0.6739924341410373,-1.408141454610958,0.23971617027906025
-0.04613778745977003,-1.2420921587104974,1.3200806999379906
0.47608550786303416,1.05139399773684,0.22850757404622699
-0.7492808165279506,0.7647083056774842,0.46021493026733257
-1.0042460632324812,0.41541443917841137,0.35430783146493344
0.9837500765965107,-0.2916321682339624,-0.5813508943496035
-1.3679978593264712,-0.724986746916302,-0.24194533561077913
-0.564786963983728,-0.6934991280249525,-1.0700311206334168
0.5984466295268317,-1.645570285627596,0.5085531361048975
0.5440287641207175,-0.7241310938590863,1.1524524104577436
-1.1850552327652148,-0.8736191343554499,-0.7668916850549242
0.9863156106007597,-1.6727843736278742,0.374487206613504
0.5414559151292977,-0.6843640096014724,-0.07485285683907186
-0.2007129677495018,-1.2727431131108249,0.08037184286179652
-0.3190551434097814,0.7653164213621151,1.0094271134646935
1.7475670138745953,-0.17906869270966153,0.9302026263609794
-0.17710083552732592,-0.19276198169478753,1.4519609501334594
0.7152899619872757,0.9515785356031379,-0.9266735587871542
0.07516986959176684,0.2627532493788003,-1.2726213909101045
-0.5686690939543526,-1.9217021228091755,0.4160591395038593
-1.1694157746719542,0.9716558431883521,-1.6598249042209456
0.9319097216950197,1.0138411045051463,0.8854561776053179
-0.8664670227554292,1.0525348149999223,1.407503097661732
-1.1543374871985617,-1.0823007229872914,0.8456664782338825
-0.06709829576212453,-1.2667033856352796,0.47770824377246546
0.6418577452713136,0.7936405301850167,-0.34599029951764165
-0.40989883733101873,0.7231477289254957,-0.5416247126433602
-0.21282040634688207,-0.651265043976762,-0.4609798558533259
1.1418279264364881,-0.8152396754811334,0.27893465327595796
-1.6622608904716976,0.07118383232391079,-0.05518073290929619
1.1952187502895206,0.6540098848759894,0.04140874346602204
-0.3079542388263166,-0.33442669417518534,-0.592426122764461
0.3808975986566968,-0.2873853477709338,0.30686410913237294
0.12090672450159813,-0.9766303134789589,0.3210596772262496
-0.6745671869729074,-0.6947109123848061,-1.817210682188369
-0.22385989216733573,-0.07941571587559447,-0.714573498927026
0.19350045163740323,-1.0514493953291797,-0.8583118066176881
-2.0121241077004366,1.714069570599219,-1.009365832736773
0.6354895545600677,-0.29466053627483135,-0.5789243115493372
0.2596851761971328,0.5775567318266885,-0.7050731259193056
0.6421672966837102,0.752834184471563,-1.9478838795763935
-0.9482967666555336,0.43517148022037044,0.00857149783784002
0.008009322425805083,1.4733559287218443,-1.4581860193858511
0.9296884339357605,0.32117109523575127,-1.2378554867994518
-1.5980511626349585,1.4137212906862457,-0.39364139954169575
1.4428925441693647,-0.3202087448031355,-1.2176523950173508
-0.679818849781474,1.1530166177912304,-0.3830911493760857
0.8973177505083726,1.3237159902283404,-0.0013788088051398478
0.8332755450399111,-0.6254014031997468,-0.45267584589001336
-1.1025985487612213,0.7794892047990561,0.08901244023707996
3.412009961104225,-0.1203264839759685,0.8636837278237451
-0.0017230966146794102,1.347894412951313,1.713638364674675
-0.8556592388526613,-2.786339697987268,-0.8051016298797021
0.36345129462372994,0.7791543014352789,3.1168606281977067
0.9898768914417944,0.7687208789662715,-0.29894364208071145
0.5610236063902151,1.4992335173549407,1.5257711380054546
1.0729197276454168,-0.48826763545510316,-1.2023885669317809
-1.125392780257779,-1.4707383868847306,-1.270428888692571
-1.721822129536448,-0.25508974358512093,1.684961617252505
-0.3269814285046392,-1.110051879991389,-1.3981195016366097
0.13506020235401459,-1.4729870765935986,0.15471638910973262
1.7139615189348287,-0.38066511120547464,-0.15971788185633243
0.2355760694484645,1.0851364586504906,2.3026991068696394
-0.5451774728052805,-0.37410891318760914,0.5974691516248792
-0.8657974364184489,-1.498258607541856,-0.5757911249428842
-0.05648378182157409,1.1805999874255098,-1.5355354562317731
1.12903161790701,0.5974957857719578,-0.6113174313162227
0.022647385044829407,0.6723276695719775,-0.13012450510608142
-0.2670913490190217,-1.1414109290078094,1.0538337372715434
-0.2996723288494365,0.007618500181775029,0.5401990400653857
0.07016849120279713,0.48652854219259617,1.051424381987124
-0.8894765251175267,0.6525295466706306,-2.5626903568157826
-0.6848063121293289,2.5429508466253625,-1.6526210662313248
0.6436949144389851,-1.515839724233685,0.7748346151949156
0.1367124502987297,-0.8656246430060496,-1.0743671134899473
-0.9356245918309212,-0.2167492130651224,0.6522952302355254
-2.794125770387352,-0.7959306127085719,0.2971657812144243
-1.3674746235893505,-2.7659263340213074,0.055653165500388214
-1.3564874442192496,0.6427036332846472,-1.2828059144625772
-0.8992418190171086,0.6177073302619418,0.8630896561443538
-1.3191841552599388,-0.29995174162621097,0.8499023787611487
1.4310131390590934,0.4797164113360625,2.368191717080524
-0.764147173396032,0.49816214787656704,-1.3808701009159121
-2.6696385581067803,1.3168046062274446,0.014967798766634934
-0.38537313757716113,-0.7988109343920496,0.48250728397706455
-1.1516755178984208,0.2611817850146398,-0.25850905504268956
-1.653932942789424,-0.0644180161220934,0.6202787511114426
-2.593142616514655,0.3440678767784129,1.0032457906720813
-0.6773292666972672,0.2482041288474251,-0.265406795424028
-0.7952897023443541,0.3904875442208298,1.7354980672934248
-1.4668980299839942,-0.8846586708139311,-0.5067676627318567
-0.8961233535361373,-0.8509049915175964,-0.23143379453927101
0.0005830155627313153,-0.44402052439669853,0.384592355155097
-1.3433638623993085,-0.17211297848097246,-0.5052645080726916
0.7753611224955506,-2.6731798262764457,1.9053541918089574
2.2878032012665694,0.4773995004103415,-0.11857198761464405
0.3978111041043649,0.9114992301054041,-0.294351109009969
0.27184952531951945,0.1438777063899009,0.4910455828600162
0.9665846907338279,1.0704107268720797,-0.48511048795981343
0.975763188118329,-0.8307499378672214,-0.26984767698002826
-0.42597168807194496,-1.0202511528058726,-0.6570301759573082
1.0076348242027857,0.8018707233401291,-0.5754952653178503
1.2207768533661187,0.05659363352711438,1.0628971032159864
-1.4076989976993652,-0.6817122946394,-0.5569879055979235
0.03661387204445616,0.10184801294462381,0.3756743721900888
1.056990816717985,-1.1227246175034022,-1.845752112573502
1.1073850951543969,0.6525596991164384,-2.151296939637665
-2.7876485856596758,0.6488092764276981,-0.8641378683563152
3.1459765923262792,0.5269582051725761,0.6790247104118086
-0.6688289530275986,-2.3193480613402686,0.20006151429182797
-0.26936046550920006,0.21764857716565142,0.3514852281707398
-1.1904073958841475,-0.008177105225687722,-0.6968167941914842
1.2905244516877352,-0.17955565370673038,-0.15267891636356673
-0.6190519069385985,0.12756541566786408,-0.9234789267419613
0.2985261165801387,0.21344768628790894,0.6351339814216077
0.07574466084040866,-0.14039642551960882,0.4526751642240752
1.3978347009349874,2.007019061334318,0.5215203255319644
-0.4977119572956,0.6870934511505944,1.1260030328123796
-1.9092232451509175,0.8434961722485915,1.4355525281133221
-1.8545783879782936,0.018111785670904743,0.5165441954815858
0.6138904016324814,-0.08970224872142037,1.986854258462165
-0.7367132390494588,-1.2193747177421683,-0.21277089510432537
1.1551284138450761,0.2023702024177881,-0.8812895113746988
0.17848286863858692,-0.2656697345571749,0.7681808851323122
-0.6644440778498589,1.336028511476478,-1.166855110219953
-1.8847978832357946,0.20273632856718293,0.0396784628527261
0.9910650178203901,0.5792491039346879,0.13163976246737405
-0.23020873530174088,0.9571463959271909,-0.31042915341936916
1.2087442168029874,0.4712632083253789,0.8044613738032935
-0.05899825118271752,-0.7478208146525177,0.7544388958496905
-0.091288407208055,-1.3357780604917824,-1.3460332790975278
1.1738804201613895,1.2546522149368602,-2.403537772775184
0.36351184361436556,0.11408322286528615,0.6903080096184436
-0.04966123552341141,1.5969881264509473,0.01856040657104832
1.4869261972012446,0.9287260221540493,-0.022903266621416212
-0.793485211635959,-2.5666878836675506,-0.8430486239869852
-0.8617901458633639,-0.8308185308881437,0.5645393262276825
0.6721488974098989,-2.249677434285883,0.9353494552046193
1.3734837015755013,-0.040207249926838405,-0.4016021734748441
-0.16907932668083467,1.2238366784739598,1.6905556618545206
-1.0292957510838434,-0.19297217153548182,-0.8139603391214569
-0.12171029131795628,1.0658022429001857,1.0802710626942116
2.2585543604723615,-1.366290785762698,-0.348598275370399
-0.6053104011509446,-0.20238825114608447,1.6890277741769877
-1.1294291460818016,-1.8245495915780692,0.5441086627911222
0.06331389473851169,0.701569696669014,-1.3868437336434158
-0.5517047449352708,1.5332244277865346,1.0979676777369158
0.7513552979004585,0.21084168263665137,0.9116258041457062
0.8981260439875179,1.5806105431370316,0.18227479200787777
0.8134660901260405,-0.5210485038179467,0.21292967307218566
1.0376454195440825,-0.408163758235977,0.36493654484110155
0.46183930773031756,0.6470534730453787,-0.17420385231360472
-0.04824726331595073,1.1819545453690452,0.03387939186332192
-0.8149252245859044,-1.341058165985089,-0.23068301722634837
0.4114692385330177,0.7041561225410358,0.6470681461189001
-0.33101665404590785,0.09819773777129236,-0.15184817417319416
-0.08838780405550743,0.14946168681586178,-1.3918548596569178
0.5284419658802078,0.6687326656350973,2.1960122976511305
-0.6363861845553929,-0.9384495206470775,-0.6449614859633757
-1.1350722280770444,-0.10242900396310611,-0.5659422639609805
-0.14199015717440705,1.2804611416850291,1.0041385743397682
-0.8739975020296159,1.3310362400417322,0.20951662037040414
-0.5908249474760204,-0.07201371195140331,2.258493843852657
1.1521310797926878,0.11931304907598667,-0.10331135521896372
1.4637480323518604,-0.3291047564199445,-1.117249686257371
1.2572620170896642,2.5395043818556102,-0.619666154118238
-0.5747040829816084,1.1456222804274385,-0.7902783373268945
-0.6403073221252167,-0.4173821585753755,0.13505734455787052
-0.694171212538445,-0.39823365599332927,1.0386658017108608
1.876149051143222,-0.7897495461890305,0.21209016977095724
-0.8194957999194071,0.01176674143004303,1.395663670202278
-0.24157895936628807,1.1457798472110245,0.20289280354127304
-1.0674357416480404,0.21876145189181712,0.9332494915235842
-0.6741067144391474,-1.454707408722374,-0.08724054628951126
0.3392813243012742,-0.4681010809361364,1.1237591824532498
-0.22367577756622953,0.43269507155450226,-0.9935394187642687
-2.0772168153524526,-0.9013226479394482,1.5997638826758607
0.288672953999421,0.2625359356817756,0.5913484524459316
0.5908587166733497,-0.13256420999209298,0.97571586335909
0.8871750784584935,1.0185679474838414,0.15163098061961813
0.8382043143600223,-1.5484340999626656,-0.2943331530930399
0.32654258617639625,-1.1424181931799307,0.002970547182826268
1.5497803844222848,0.892686072086786,-1.6860564779673242
-0.9283596282503481,-0.10104824849022463,0.6961972180753087
-0.909718117362047,-1.6273676459566295,-1.8714421867392887
-1.6743555280611824,-0.1401790890858252,0.44535885287668947
-1.0306956214510212,1.8576049184893246,-0.04751739882942759
0.9078427161287471,-0.6898309714484439,1.8784382270806421
-0.47050574211637836,0.1943322146420696,-1.6593293968013276
0.3325728418029094,1.1311056168851616,-1.888022628037081
-2.0339388815636767,1.6300146725128406,0.3324819867955536
0.3449636470532397,0.776084400358483,1.9219218398337228
0.9046859156295839,-1.9980080669728228,0.5418953129410439
0.12925711088682032,-0.6275894328821239,-0.7092584961201971
-0.22981922826936932,1.2298005589862266,0.7765813067872542
0.3947696330381586,0.10862243724199809,0.26184061140102005
0.5534887692796349,-0.17199522337824574,-1.7250243019599285
-0.5120526213535039,1.8002838922787678,0.5135151826448868
1.760859662657467,-0.5532679478958482,-0.4090084536649156
0.07784232311951919,0.04793043970236693,0.1880000159068168
2.0131242630255612,-0.10150658818133526,1.3903952017747512
0.7885936753038838,0.04560333257418467,-2.03980010368162
-1.0465482815368077,1.635500848530165,-0.3389503510804686
-1.5122777230491753,0.6567872557952199,1.1856013214696883
-0.7089135313143403,0.036684753151781074,-0.726512027165141
-0.05213963658864449,-0.0881718282525087,-0.2977004027302255
-0.2024318775256327,-0.7648898929111037,-0.37585640982991936
0.0160956193151968,0.9101628795199443,-0.03625105424762913
-1.7466211668691232,0.7145423615520483,-0.4167352137676618
0.608432019643083,-0.08942416684686234,-0.4484070159543412
0.4163815565862711,-0.4507986536879595,-0.09777617214517668
0.4600941638894186,-0.4503854972959576,0.06897137399626127
2.2656697314315184,-0.817817028841991,0.00250390560874273
-0.32289884973994,2.028291762359806,0.15586625397490264
1.1126204069136796,0.6725613163288471,0.8525131824928529
0.6008633001113837,-0.47451146972761243,-0.8054289670020552
0.1944281100482088,-0.3784327283436136,-2.753951186229213
-1.4065126173692337,-0.009904577295610206,-0.6160842225358242
-2.4234457875727413,2.0009760063846,0.405721069591098
-0.9420634682482244,0.36821004190338624,-1.2800151030011397
-0.980598960650509,-1.2064922346887337,1.9425104484595765
-0.6330330150703071,-0.09135014824050393,1.4624454009569137
-1.5542293161695604,-0.5542623728626439,-0.5232050902434339
-1.2771616718446865,0.665045642609661,0.8277542851542631
1.3189332410368073,1.9038217038125196,0.0010791885486314495
-1.3209867487322406,1.2202491564883098,0.7842577248665816
0.7357960656009723,-1.9188423777353765,-0.44103550994580715
-1.008912346870639,-0.8936379386592572,0.7250899469319437
0.4610414802628049,-0.8231809901920427,-1.1905757658272096
1.3267639052922084,-1.2863530035766941,0.5113906891148079
-0.46925700527333225,0.03574230470823082,0.6460288666127945
3.0515840542655313,0.19569753746151722,-0.13206863762684826
-1.1440244803867687,-0.04769207733968451,1.3846999027840776
1.330705945003553,-1.9363076849302157,-0.4469170511724348
-0.8477683396647087,-1.145016896631225,0.2969405987130364
-0.3237431102510914,-0.5101417220990937,0.1453928964293568
-0.5954013450493856,1.4015038631459915,0.07335741801469763
-1.1972082164192246,-0.9766859516908711,-1.0121894329043042
-0.33732753397478665,2.3869816849359693,0.04986107940212604
-0.5619358300080649,-0.8818906235913313,1.4256752413537352
-0.8493812848721245,-0.6625480908789304,1.3961058207055006
-0.5701245137337508,1.3223259426090384,1.1688751015354015
0.8653378078537762,-0.46079294047499675,-1.1614178149842114
0.7536146991022108,0.27851984970505855,-1.1111729617752442
0.04966773463849545,-0.7935107653382735,0.5120089557931826
-0.31188260745617036,-1.0497447981585761,-0.3209383953292429
0.8945098132654875,-0.026127111979209337,0.08744330923889566
-2.0805318425507253,-0.13485550176866307,0.44880031702695555
-0.905760180167775,-1.7490215833684504,0.897317102169251
1.0582303538860864,-0.9167278718273446,0.24996540071622803
-0.3800541302350195,0.08601251752375062,0.04511754384800569
1.6120842929609915,-0.7196595411217713,0.07854380070763327
0.06371830544048761,-0.015235506545147002,-1.6395534847264754
-0.6077836436684598,-0.3565695765952143,-1.8254125192140254
0.7099255901441095,-0.7286277753073072,-0.18505613612724015
1.3435012774114357,-1.1783471933450704,0.10041989207959265
-0.6024630175547165,-0.24700732608778586,-0.6262727353919026
0.7208784074003179,0.36966206660634615,0.22827177246492514
-1.291045789288403,-0.6307415312775135,1.6513433763342027
-1.0237265913341662,-0.40506161273046903,0.24702562320645535
-0.09513386370542357,0.21618387850603585,-0.5654014325062535
-1.3768018411719776,-0.38777264214413115,0.8687450649142683
-2.29358885546602,-1.0564786361864884,0.4950952593943715
-0.3399450408153126,-0.45535702187864624,-1.0205924801845532
0.17395405204208103,0.41225019296676874,-0.22874585069329353
-0.4075183414573123,0.4888762909041779,-0.24776035402442464
-1.2721849955996534,0.7574936555046413,-0.6914718908884524
0.6584777572942148,0.6597506737043908,-0.6440893297044521
0.5302269707569124,0.057951188046080356,1.5066169593463594
0.5025275286959642,-0.4334160548045137,-0.3367894631067251
0.14629183888259245,-1.4969474235561342,-0.5326266489382239
0.6268789805084353,-1.0155754115422422,-0.6058769285475617
1.2259230149573201,-0.24427325345264517,0.03895634723446147
0.8133851782434881,-1.314252454832532,0.13562250043507817
0.838797971988678,0.8040816712103749,-1.3327958385349572
0.05238337285774022,0.4732970991447171,0.6869922989998938
1.928253891547283,0.3875319626485612,-0.048721559337440344
-0.026248004295313952,-1.1428483948430908,-1.636998224883748
0.5837171813454036,-1.2052162090678809,-0.7422448871654875
-0.3467417227206971,-0.4445351683080491,1.0749422048440036
1.6605136777918477,-0.59200992609604,0.8332947077911251
1.118716275198957,0.6104044875414582,-0.02552951668103779
1.0769925070256907,-1.6872852220677645,0.21366141420150006
-0.408571253273899,-0.12716500788807478,-1.4694452059411127
-1.8560475582593132,-0.9698241543692686,0.06597688063705365
-0.08302742671633934,-0.3573699413816674,0.9325180799031116
-0.6482444438912977,1.6056872091321164,0.258602385445118
-1.232801433336305,-1.775347425801156,0.4997641946311927
-2.2813325777779445,-0.20294487789695875,-1.280950098797701
0.7722739142503684,0.27486762698463596,-0.5200664138212193
0.10348635110632057,-1.3790637695707995,1.3569601802995261
-0.28991884986763655,-1.305810511928582,-0.37945342144849903
-0.08971699227730118,0.5376324534922937,0.6913069236597884
-0.9403610286232715,0.8858357877046558,1.4313359388942593
-0.45781480772434985,0.4925937621081889,-0.36265398760017215
-1.0075229792345397,-0.3455751950942938,0.007252757768103279
-0.15227918030279378,0.64946491153237,1.783595756382285
0.23295369530774798,-1.4352144119012893,-0.6970154185412416
0.322245137056409,-1.7522824468216478,-1.6685781979617196
-2.515855390829965,-1.2055820951730731,-1.27420285649161
1.0881433002790566,-2.506225496666469,-1.3004877405261548
1.039389762874148,-0.41571570614962056,-0.9620676485555422
0.24972276144362354,1.954873114685176,1.4074880940373562
0.2842342458640996,-1.161505032544855,-0.022024894976686582
-0.415163207990997,0.9503507258859479,0.9497728606908886
-0.11989231914292704,2.172600091044309,-0.0774894411882454
0.5560734907070811,0.21743735859049498,-0.7805091523806131
-0.4609175738752285,0.562377793125342,1.192770006676633
-0.7119900776921866,-0.6638254293044511,0.960364868779951
1.1128248868579589,-1.8684727200063096,1.647481483079077
-1.2265414010707023,-0.06493260876949425,-0.010877796886417813
-0.40059709356205714,0.19131246454099826,-0.6370289990979386
-1.8340781642113984,1.0494174821978532,0.7941416986322631
0.6228816696771869,-0.4795990423966789,-0.9705675911091871
0.43870531230878324,0.9172132516340722,0.21245863161804626
0.6640297368813797,-0.02963779406941256,-0.0273039767990411
-0.538851206169369,-2.0692908136481543,-0.13012294873591992
0.29754688640550025,-1.5518577730372416,-1.0413178467838875
0.30150433605447746,-1.73542343161416,1.1178852732449533
0.4383443051143608,-0.12796876702824303,0.616017024544627
-1.2982407072367166,-0.9175273251680135,1.950083587537258
0.7782162643423833,0.7397892301362524,-1.099017933371634
-1.5197597284870863,0.14136784444834105,-0.7914691846014998
1.3034102533091798,-0.6678961620281718,-1.2874199281293097
0.2616944157153728,1.1716560904364002,-0.39218989247601993
-0.5889799678991116,-1.03455862236002,-0.1054935485217565
-0.9233196075462295,-0.41851528598070176,0.8729649234030795
-1.2373971695806345,-0.826976509679505,1.9547346142900193
0.5082070683438805,-0.9794690888206763,0.6172914816477588
0.20204275550498532,0.08964008438309044,-0.23144333617527757
1.368776946198574,-1.2402284745734604,-0.6779432457787237
0.41359096407695023,1.5423761873969224,-0.398442809012621
0.025315274434312206,-1.0180067230960717,-1.3265261460110565
-1.9903591372498273,-0.6845733403127059,1.3007852749408058
0.7977470439850967,-1.8477897054304226,-0.5520341436632634
1.0577047284056806,0.38498496231758433,2.8703545130020953
0.4876241701989607,1.3932092713938848,-1.5998026506591907
-0.22492038234945513,0.05644145825289771,0.7589016961096091
-0.8628473512250671,-1.419731372409821,-0.8020628731913538
-1.2863349727331823,-1.2453644411291498,0.7955852164442929
-0.25765587546186797,-0.5853371526680808,-0.498344814511145
1.1806578311990217,-0.724119547899797,-0.6555599092716149
0.477484077201057,-0.3056900733909274,1.7374800076520187
-0.9299058059013948,1.5826296946807592,-0.4834616975835625
-0.9992498444071408,-0.06772173412837074,0.18233856835422196
0.5586512413827975,-1.1386865376842166,-0.5625536862545102
0.433902324679692,-1.2473224203254212,1.3457162654174695
0.21278595963899127,-1.44118058219101,0.5507833831733072
0.38920456190683744,0.16415748856659115,2.1122578070130014
1.2924486511462219,-0.9865335120821901,-1.001665369060021
-1.0615861272223708,-1.0137780207501887,1.4995243408972212
1.0628431107811098,0.38361959736966667,1.2454427993545052
-1.132986206444241,0.927761757217159,0.25809846702782524
0.4894728729517706,-0.32502586365389124,-0.6156873404099366
0.3507596817253731,1.3125755294392316,-0.3455413138671232
1.2202822831214668,-1.580131976814168,0.9774860055224794
1.2299763000120505,-0.8929665343980238,0.07544365398661938
-1.4465193973888522,0.7595684879249411,0.7791748497568076
-0.3171326071989148,-0.5232213419892848,2.707212785120247
2.973036964183938,-1.7490753105491526,0.21133793683175278
-0.03646619351900113,-2.1287770624969995,1.0147703763391525
0.12302951708342091,0.23318177903778056,1.1664057262763616
-0.2070472624486948,-0.8113419176038208,1.1047732658197003
-0.4701169977645836,-0.8204699256194574,-1.1057645507742224
1.5982052109099134,1.0131403077164611,-0.09981763198017736
1.226904530748774,-0.37455882317040273,-0.9707981603481424
1.8293640177824761,1.5236955680342736,0.6290051668587512
0.3566948078934478,-0.35089688073750436,-0.21844972446189892
1.8214580805078486,1.2735664146416001,-0.996453088337233
-0.8661597875269152,-1.4264681464152196,0.5547113867397181
2.6139218850762505,0.13360260942655555,0.20321217721812299
-1.0301348062076454,-1.0233920182024494,-1.6370402644688997
1.8852139830292753,0.25869890867136824,0.16719415011499464
0.16416906865298586,1.7234084820208422,-0.15472275356899046
0.5338126681173566,1.4431594045470135,1.6485542819421661
-0.4694821775052279,-0.29588693239465075,0.47942464044782795
-1.6485773932355234,-0.9168014858293334,-0.8879345887176647
0.880221997934841,-1.2082470299215193,-0.25226019424372953
-0.02088245555333897,-0.3856611521209105,-0.619966697308454
1.875949176768415,1.1408499052562566,0.013194250010194888
1.86571195015736,1.5682197926202206,-0.22458541782485975
0.4228592574953779,-0.7529857376962849,0.9042484612244741
1.0767256881436127,-1.4244941848544987,0.17776933592916702
0.026193386732117126,-0.5941817043095007,0.9163952349616239
0.26697899608272624,0.02689315873188727,0.18678504267117108
-0.12766711443624795,0.8032332943445999,1.6919299154676635
0.2554052934230427,-1.7118766332072375,0.4071112188641006
-0.018202526887599914,-0.058240609614081014,0.8756319788597315
-2.413555236060325,-0.7006128649414087,2.1631347703277126
-1.2506919262460259,0.5632939249213368,0.39048633176823927
0.15042182776438853,-0.4478649987995615,-0.006627719386766744
0.5387014305521602,0.3174054488694847,-0.6202715399384633
-0.6513261309526834,-0.13025349399392092,-0.1762964932033538
1.1499401924548047,0.4837232689205515,0.5274402564534326
-0.4957363095329335,-1.3179917934894516,-1.5472517575814317
-0.14670623111202577,-1.38366902953653,-1.1070598100205895
1.2481537032471661,-0.9895893516936765,0.018333257610222177
1.0719170376975065,-0.03717683263303872,1.527479462057849
1.3830284432978401,0.19904576106728697,0.3530023964984414
0.1867873600887872,1.4365466530743745,-0.8292936286434338
1.6596549438089494,-0.517682900897771,-0.9920926537981567
1.0057411256634103,-0.4956369735397726,-0.020794477020549974
-1.4495838764255058,-0.3417890925562318,0.6827309437050469
0.38175563122076356,-0.7394752972081159,-0.9415607388238171
0.7857148069435043,-1.3730583732700623,2.3282575496542055
-0.7650906836381018,-0.5387021528475041,0.010714365130755578
1.5642745542833343,-0.5078629103749065,-0.2325084488075947
0.07532074671643982,-0.371537391143187,-0.8518354966051969
0.3909380340183237,-0.09313037465812207,0.15980282761131603
1.6102441322513132,-1.3412471454007342,1.167970235041847
2.536544531566559,-0.5211240611008536,-0.5522355107992983
-0.05206516298182795,2.0222836935185464,-0.24577308766319397
-0.11161095790729053,2.033489517757457,-0.01018291847525148
0.305770330289142,-0.7927027148428601,-0.37205655547061706
-1.2432880589834236,-2.284975844643906,-0.8347807388791627
-1.1474724623137191,2.557196097113621,0.14657208012481418
-0.6693473356450583,-2.3089470539960355,0.6981876653680692
1.1684220712258124,0.2427729813702567,-1.3681706160557856
-0.011603539646434338,-0.4588241706075933,0.6561559896732783
1.4915599438383877,1.572180596511561,-0.8355686487949177
-1.632363500762696,1.2799052050417645,-0.7226333098813876
-0.0033251575345951,0.4255513576512389,-0.1543693608068999
0.391283536063025,0.36442590507036454,-0.2272071043153677
1.2557471948796142,-1.4065907234246713,0.5423268697560851
-0.3839225736901354,-0.9100647490557333,0.5345045327622479
1.0152976082436511,1.1282491561253007,-1.2716397530734798
1.5284870386290579,-1.1442181348154514,-0.28730955785865003
2.1537652929598625,0.14330882284368734,0.7771085362551776
-0.7731933900921809,1.3331562850601957,-0.24695126521280503
0.9246507354497027,-0.6950231918525321,-1.2228353545019714
-1.8582623110805943,-0.7949159282699966,0.20507323650893738
-0.6602580780980997,-0.806730706059526,0.6753925845605727
0.09421889252603353,0.12747059188714926,-1.1516963607155482
-0.4138405062989956,-0.0726165551998299,-0.5566970563434773
-2.1542745293994874,0.00583412203261112,0.25271933088537263
1.7892859388985372,-1.2727199946830008,0.42800477274969456
0.5261429337518727,0.8301506443021107,-0.5520676396223678
0.2896538305829264,-0.9774535978130726,-0.6652261334956323
1.1016713226245818,-0.6211739366916805,0.7056773859219163
-0.09292959248402725,-1.5569810803227255,-1.6659704599797582
0.856104545959384,-0.1538093183080606,-0.33756274825711974
-1.3831360812647255,0.6572457414848343,0.6088128867629946
1.2005689193942146,-1.7518629311809548,0.8931029406072516
0.08883245102681071,-0.6920728672562442,0.12290078345063768
1.2799873074199368,-0.07046636975554746,0.1610415298738761
-0.2550610355041393,1.177106149132666,-0.9900227635609702
-1.5083421475218612,1.3526659666624201,-0.20079709999342996
0.8947913068656764,0.5598353240446274,-0.33072918056831335
0.5107076257710801,1.1249849730818462,-0.1583097896484894
-0.35497644486297025,0.5008781104804931,0.7624985039908464
0.40520851859054263,-1.2850758460382248,-1.632149328357151
0.6516951989947222,-1.8850307809984101,-0.061364826525923497
1.0986542124436351,0.691141293036243,0.25491113543136873
1.17819713621781,-1.5109975184645188,0.6549038861078431
0.9017961258175177,-0.1839394041309379,-1.1876303657593004
0.2135609180724329,0.009812172747529957,0.06694091916122939
-0.7726195751578165,0.5774264713122832,-0.14726687043096018
0.5592385693886741,2.1271593108042874,0.1864068779454019
0.721325895190075,-0.4072565556995232,-1.7779403541848755
0.8377875691002562,-0.13970714457045952,-0.33398578374504106
0.005040815726838758,1.288512449138344,0.5299726101615011
1.8819747654800822,-1.6063755075959634,0.012008802977706491
-0.2740066708458908,-1.389086717149238,1.1526190659774311
-0.3773321853417004,0.5008176862903698,0.6944195451672379
-0.06544180213488526,0.11782333219562134,-1.6082484597675282
-0.16482815624943523,-1.045271088602546,-0.6634010202000628
-0.330389040769979,0.11998464643129407,2.302542631294063
-0.9316327943789361,0.7307478643096208,0.1521132930709655
1.381047254517577,-1.1325998926053211,0.2502504698470245
0.9560382283154728,-1.274999624147666,-2.0664038512139795
-1.7758783096001372,-0.4708968013057729,-0.5916861277217506
0.39696647376580174,-0.023748396462803092,0.03353847996442131
-0.9156830929052954,0.025765707679416675,-0.23172978053075335
-0.28286938438606135,-2.189007880509897,1.3739998240428193
0.6392086570275883,2.27376918591386,0.014520056655344801
-1.0557411531109773,-0.9972677773878109,-0.1433280617258104
-0.13044091276358946,0.20517848272898548,0.6512135465914752
-0.08724467663917122,0.8594157014690854,1.6145442914848982
-0.5245076772392603,0.06748213087386504,1.2069292826978302
-0.6889079560479063,-0.7781557941471816,0.12626983904853248
-1.3142518388304059,0.6351007788564006,1.2482500440334778
-0.2959295361502965,1.067751938970677,-0.4602045961038455
-0.11531976885181495,0.454225618483883,0.965194197439147
-0.13394663878835159,-0.7819853296360838,1.7019537844145465
-0.7399056666396425,-1.0903809744629132,-0.023417772218433407
0.4209199537397056,0.7429291363628966,-1.1269403321336016
-1.1104112696644375,1.0790788352243015,0.19658683402418983
0.8124005704599226,0.6323043325633205,-1.2798500533467412
0.39385210038106816,-0.8836339483344207,0.6133749322958226
1.1006105949034741,-2.0316859487995558,0.6314320390482074
0.7464175826384634,-1.6408352460755142,0.30890491765637246
0.7937693914027352,-0.3316074031578219,-0.16708180798448316
1.424476729397126,0.3246419359038126,0.5430910813631639
-0.22255004937420533,-0.08790555866611385,-0.37330664123156493
-0.44132011468735677,1.3106500640184595,0.050320783522985066
-0.2662184179122254,1.6316503108185807,0.11592072071001339
0.3227626122713964,-0.7251572353958974,-1.0720566086888494
1.218466609485801,1.007524648900867,-0.9803915621234466
0.5196952411554927,-0.5737804152501093,0.38926397473701035
-1.1055859991698054,0.6479506411747189,-0.8968599469044816
2.5514475213653967,-0.6930453575593393,0.5740887677523433
-1.25928050165723,0.7062772521087426,0.8547729054612466
-0.658276605706643,-0.39507383436431864,0.588086089625394
-0.37568253511266403,-1.1097810485299548,-1.2268981849574256
-0.37097936733773357,-0.06287658542235149,-0.22614952412156394
0.43417885532408795,-0.513766963388111,-1.6311789405164114
0.29312638693896154,-0.45857292413732154,1.227454406740046
0.09279744957421279,0.3276897237564125,1.2877790906887114
0.1644934225303414,0.47953621553114856,-1.535055042736259
2.574562214863388,0.2081608542775583,-0.9206718290373621
-0.6413013542523818,-0.1356297144923693,-0.27782454425757425
-1.0328445893483917,-0.36570880928601474,-1.0313882176129534
0.09350254850074873,0.1084850607087707,1.8840467938343048
1.0453199104759436,0.24564936908688878,-1.0738676867104735
-0.46650377723726055,-0.40927804933598416,0.06092098996899732
-0.3689994920150114,-1.0336947515199686,0.17459364807011984
1.2743964595956592,0.7558423552121722,0.2456761569424619
-0.17943355106879913,0.4408090348438113,2.026595519720381
-0.11923409541711652,-0.940294809408339,-1.2911412060009189
0.9262848116839268,0.00029555941157999955,-0.2639834912575251
-0.30911072951842533,-1.312578220299464,-0.8849616015408823
0.7902424279061436,0.15749182063976733,0.23763231645844168
-0.11161445086185526,-1.4252306899349554,-0.09658871559265511
-0.33350596534049914,0.18964241011140862,-1.2482781835370016
1.2617646023259563,-0.24455453844024722,0.6080963744089017
-1.3948772346446403,0.591200438873933,-0.47812643599268884
-1.7320066715611417,-0.11927755583805563,-0.05998539029366333
0.11728923251009095,0.4388657373306694,-0.6602602946018735
-1.985223908969874,-0.6460610623018483,1.0578558102919031
-2.1409442446728755,0.21025683545457802,-0.023238594038198862
0.09058180484610039,0.5393350946624088,-1.093158320208476
0.27365588383420764,-0.3685011471972136,0.02128208808935057
-1.1016558369108085,0.7695709146370063,1.0640903929747099
0.6997623364625463,-0.9171383121214816,-1.619122127038172
0.32099504067646106,0.2414961816444277,-0.27999473014846343
-1.4218459060015283,-1.2220665845716865,-0.8045837127269626
-1.5404302618942287,0.5063710732474918,-0.9051478663510495
0.2141837574167725,1.4890996838342185,-0.7463118094879814
0.3639133098610506,0.2806038336630188,0.2645189288971187
0.2987833665705748,-1.7419069854183749,-0.24021242318295127
-0.08206614439112996,0.7269655777927632,1.1298834316072508
-0.8784906920611025,1.8512945427071086,0.5642837190185401
0.4752628500916093,0.628081914147135,2.168931771691577
0.020376304886588908,-0.42822944958957215,-2.220853396770088
-1.3115535880321747,0.4540211110421072,0.9750525665818784
-0.9844201845981231,0.007594732642922108,-1.292436975111458
-1.646468918763058,2.196937142251973,0.4798128176001564
0.25422168347065804,1.4844405856171563,-0.0740501732438609
-1.9227317661236814,-1.2643532013509629,-2.634566226512022
-1.0422403073565698,-0.716392828596783,0.13731399991580504
2.8833778749817225,1.056554056336873,0.15106013976558644
-0.3825857150767489,-1.1196811411538288,-0.12528072141389818
-0.7736902214968218,0.14406080567436874,0.7302257066520956
0.7740278541748778,2.1976887279262822,-1.1812777121089986
0.025004775012930056,0.7466445081875623,-0.3025906121366021
1.0414249214126816,-0.7531273261377543,-0.746489763097087
-0.03912181040540371,-0.7923190105920772,0.6797939927739002
-0.4826603245853299,0.9366113719588541,0.6438816313341756
-0.04340154740015984,-0.7162804338133067,-0.15009326357176414
1.3756493673125083,0.7722064792913101,0.01654432374143548
-0.8261575198141557,0.368233900324473,-0.748792165427809
-1.544309161722191,0.7403194967171024,-0.6672316363511329
0.7823179742916281,-1.5606812393070415,-0.11116487704914577
0.17355758988868852,-0.0249663168403406,-2.45136606099521
0.5392018648527825,1.1254897154937566,-0.6396432987356205
1.374396157269632,-1.558815297482388,-1.6305920915860976
-2.032734397627788,-2.058652496174147,0.7555872543517335
0.04000512060459673,-1.7706320874360306,1.0083700771236122
-0.2843442789536519,-0.6960333354886252,0.36379089200959186
-1.4508115002977875,0.644157816222281,-0.5025730742025256
0.2375545748646663,-0.7110012630176603,-0.7525543381526488
0.5445171586651342,0.14400606066544852,-0.3455383745627622
-1.1767027006026487,1.278484265970742,-0.4537546980712791
0.3807057774979682,-0.2885276716875765,-0.5080686649482349
-0.8619434337756094,2.357791717394632,0.0020911218555655156
-1.211720589712455,1.4731188106685535,-0.1866801279491502
-2.163597122385897,-0.40485289587325096,-0.25992239807558165
-0.30875890734826933,0.4801601855270704,0.2865073714433249
1.3374866888424053,0.3935276793665666,-0.5239826362939469
0.8160133363227281,-0.13075705585801609,0.8771198058073923
1.5320308092672135,-0.27170157977966686,1.489810951035791
-0.25867645464303934,0.8491490148664902,0.18408165660121126
-0.8680871110247824,-2.1836178957063486,-0.033258926387889534
-0.5361240463152763,0.7208442686683325,0.23821778337410218
-0.31077288647549,1.6596507287097244,1.2558189342655424
-0.13560676247726403,1.490193334178397,-1.6433009556010436
-0.533033207369225,-1.3190088200063523,-1.1276764293139547
-0.8042708577440394,-1.639714290655242,-1.0079613994857413
-0.47087659774477486,0.5945164645698328,0.5877273424809482
-2.216945819655395,-1.573021371181244,1.4667636739904688
-0.49934929050006355,-0.6423617714660457,-0.08665107730234725
1.8930010595711622,-0.3796883946024288,-1.0303563523465464
-0.8118275395042585,-0.3215017415600645,-0.753376490440294
-2.0441433462002085,-1.498244431232284,-0.6526303311397598
-1.4206161681670157,-0.5044293062039691,-0.33461419789254154
0.36128923736458307,-0.14921097806162098,-1.2600672785148632
0.7734597026095558,-0.713050891749581,-0.5106699461686686
-1.3709211854243843,0.5434883922957161,-0.4240105595960077
-0.12661965176275747,0.059492128534036674,0.7523340210456716
-0.07171906322247715,0.7005555964384848,0.7569753106012337
-0.40686242483119084,-1.1691342521727117,-0.9617811377279821
0.8475566905648387,-0.07601157552219642,0.8817948297022956
-0.42105184661066786,-0.008637211986584147,-0.043728952573675005
0.5087917411334332,0.7543020189972695,-0.3967219804641042
-0.3424912990514484,1.4968111762998844,-0.6799224358191063
-0.6418281808715237,-0.3135942500198889,-0.6560856579657918
-2.1869394034123606,-0.1291959174596465,1.2854185094341157
0.5557467012652345,0.2759533551877572,-0.22619125434390547
2.1762417867862163,0.08655371931605406,-0.661719336441854
-0.14240685487890126,1.1236660927029212,-2.1440372949068722
0.15035837243389327,0.22112854480039834,-0.19960064967710542
0.9982634121581491,0.2915870524820336,-0.4085988437505523
-1.6601940079576871,0.7141309120738956,0.154747675907814
0.7697906883509975,0.19649463519268257,-0.7679706629120172
0.07830249361803614,1.0403657411463818,0.7177759920797265
-0.18627770582050932,0.31076458108199245,0.19191718275895173
0.47016752316999005,-2.051858131297319,0.5439670179602507
-0.6968085702932171,0.05584218862764511,2.0314057457873553
-1.0756443584447501,0.4018120433835825,0.12583451625400185
0.7229313692055851,-0.313700563873381,0.9165805135863985
-0.024870772649615618,0.13696185310115058,1.3102171961079518
-0.04662638323288745,0.43553844317407464,-0.5400039580706687
0.8736254360541242,0.5977699646808753,1.441730036872764
-0.23371014812941127,0.880616712586257,3.2458582178904183
-1.2608082458437087,0.6517291023193027,-0.24292715427929926
-1.7139574831025928,-0.2400842195984869,1.6901056959667893
1.6892617965791892,0.07087991294539914,0.11931536044206273
-0.7928805713344599,-0.3632612435889321,1.846686110191545
0.5988524512789825,0.5881118488821417,-1.2256859615832434
0.4133590640804517,-1.207152654958565,0.9358630914936699
2.585624155218896,-0.7771501856764249,-0.163739220077027
0.12295801663801169,-0.6752477271682116,-0.8813781043209297
-0.4096968601483438,0.8418577360814189,-1.4138876241480602
-1.4970842579989896,-0.6647358822431795,0.22839018162916422
-1.3192147372320848,-0.4808504181987668,0.5930292838318584
-0.4042020821323116,-0.34141648201236696,0.2904132142281801
0.9366152017044853,0.47523406147967207,-0.27021585111346025
1.3173081912606606,0.49925015417667556,0.938311052330868
-0.3987247258908055,-0.10397293637691199,1.9382149100867572
1.015871470460916,0.4927850881491765,-1.202392969143261
-0.2689507657695085,-0.0006978892407688262,-1.039328140803339
-1.673931917991786,-0.2885009709643096,0.2302622486110306
1.22596613562161,-0.42409818526915993,0.07834300729911113
-1.0916389549629446,0.10108364624434672,-0.0913738055599962
-1.5308358621712026,0.1632290802166651,-1.2923932807818685
1.4908778961569833,0.9947025319324896,1.294021610269543
2.5398179019969733,-1.7122135310049205,0.8996079075695372
-0.02548685303707408,-0.5429753887671829,2.892040088719487
0.4715445344526145,-1.2464625401929177,0.39389536327813357
-0.9200875780506483,-1.274559435257878,-0.8408183134520761
-1.1182476112035649,-0.7901377490542635,1.0694852849446388
-0.6190317846495214,0.394268266466849,-1.9828368372235505
0.028610893934387285,0.4686250600335402,0.32738815422111794
1.1367522733035536,1.3374601295600634,-1.434948554987369
-0.07776142298758994,1.392560507810119,1.4220240419059438
0.2796017125847742,-1.540614284198324,0.9676583547135559
-1.3335139228426975,-0.8533546606842795,-1.4605707001585937
-0.05811687191763096,-1.1619048324243313,1.2215152108531149
-0.6495586299689184,0.2294229203437778,-0.6819287917128652
-0.6385225935913086,-0.41439090821185404,1.0052485757841922
-1.9681254693517531,-0.02628621950752301,0.6091981969253641
-0.073901877151508,-1.2216142213309777,-1.8125404617121637
0.632104235989229,0.7097386907516463,0.568359004507389
-0.7659733136133486,-0.1211965443311816,-0.7090778643224193
0.06581537826858212,-0.24555515518076135,0.0006254839836170574
-2.2513191994088557,-0.7591634354579351,-1.606270500849739
-0.32791439964979485,-0.16055175866737179,-0.5473829000406204
0.14924232904976337,0.044260198010844826,1.368479133093007
-1.6673174331207592,-0.7953880640543906,-0.21241360481031613
-0.11878699675745237,-0.693291957749806,0.9076632708212286
-0.5894347080203302,1.148619886686772,-0.9709984595514379
1.7208368008475454,-0.2373886232215578,1.5182880147017044
-1.679545590980795,0.39376098761392303,-1.2556978730257766
-0.8570629717694416,-0.5457882422483884,0.5549551754390012
0.07045103418161311,-0.5487198738843154,0.11203636652767181
0.7639961321826972,0.9034804323745526,-0.8100869841061605
0.543729169031018,0.11953811255904732,0.25111138345707124
0.7329156540066497,0.3356643312647164,0.4157039648576671
-0.7596547398071375,0.6770275975472806,-0.042275048560573
-0.9025779927562271,1.0190533428010395,0.4216274742914824
0.7227378646880148,0.8580650736367565,1.0980549666054258
-0.6121654733849385,-2.560015024444359,0.2500244754317534
0.016840692947300794,-0.20926870178666365,-1.227491782697833
0.6024666951252605,0.15954496259338674,-1.045436905532358
0.8920631473845002,0.017162217626670404,0.6257587795125821
-0.0013235975345404572,-0.5628500235980424,1.1761701343942121
-0.47828756852316273,-0.5762929798241007,-0.15824933104084768
1.9348788322433215,1.4091066985521254,1.5319895849415157
0.13292665924517258,-1.1315979494668265,-0.34400913377004805
1.0111654981312388,0.8846500426453403,1.3343371464377793
0.34942876739109824,0.8423840438445208,1.9259959233653354
0.4973158389881471,-0.47745759326237425,0.4129074917983441
-2.32445285753905,1.0324250116147513,0.30875694476924476
-0.8110937208959089,-1.8208683375245234,-0.34147689916794355
-0.21707258868880477,-1.3794161332427441,-1.133422081132435
1.798883541188866,-1.1970118884569316,0.35274166015674924
1.9908004917009356,0.7422973812109391,1.1131978479507367
1.1740453338968895,0.7478356102731032,1.1598330467038118
0.7801144118574884,-0.09336828115299373,-1.534293963443675
-0.08621479717340154,-0.4669525890060764,0.8708211078196821
0.5705209300795263,-1.5169236994292679,0.5504549286126548
-2.667431285708332,0.2794913592187161,0.5888016316710719
1.2880899290818284,1.0693806378627588,0.565144003621406
-0.4701676154076482,-0.672215128083878,1.1726558053624487
-1.1650809645137659,1.070334336297443,-1.552199898713564
-0.3859542746277332,-1.8651923243759077,-0.03961482882369526
-1.213495236606145,-0.19796235623444897,-0.38984023442647386
-0.5507530098042406,-0.7941318249694906,-0.19009597225438482
-0.7768079130800206,-1.8000329381034272,1.169307262220057
-0.028130449359522646,-1.1823874655676974,0.32107394511318865
-0.32529999872680304,-0.17189823130758428,-0.23931257559125066
1.230865342690252,-0.5384448323646166,-0.12908078625160987
-0.024553924203276595,-0.6115312874761341,-0.8053679719236208
-1.5375273582594218,-0.4789221351891008,0.6433462460106792
-1.3093199592827942,1.3904558051298963,0.3145482862324102
1.524255129562898,0.43183052392752685,0.6667723630536259
1.8064895258352898,-0.10705411874296028,0.5964907511551654
0.49132359765013855,1.0647483618921159,-1.117805906894922
-1.369382774199014,-0.4267965704937475,0.7958419979876763
-2.1971217687668023,-0.5546512562147913,-0.061425455110656696
-0.018380541749178598,0.13701458796609364,0.43170012289560805
-0.7846557817921869,0.5107566385132216,0.500292325691168
-1.0575325414546524,-1.6357988493542048,0.18864989027363524
0.5282550674961974,-1.5992767182519017,1.2896100774540133
-0.656380094252002,-0.2443933654810181,1.5198237163767847
-0.8995751182545275,-0.6396016587776235,0.5115884900477552
-0.44300183549862493,0.3394648360619802,0.7582635716180854
1.5009474765103143,-0.06960705491948312,-0.5019139719168859
-0.7559696164360008,-0.4802681370451943,-0.8011353405726465
0.2795755996066111,-0.844093403126958,-0.44081379000167176
0.04151690596765071,0.11508024607422594,-0.1375978697959659
0.9095097226647649,-0.20827886935084408,-0.18582056892476137
1.915358334778732,-0.11204240825821758,0.2598670012457114
0.9853993322970889,1.1159752055753984,0.541011605179363
-0.6618710703758031,-0.18060188904635002,1.0799316677226303
-0.2848430882502958,1.9177320589828637,1.4507234303524181
1.3205739210237342,-0.249180656455606,1.4250814044373312
-0.32546463422373756,1.9094778654894415,0.5223954847399203
1.7927743928402884,0.9814244858156312,-0.44235744922562026
2.063026450292785,-1.3651463305090508,-0.7057676465511806
-0.4922384640283408,0.057505951790681145,-0.6436782380669138
-1.5169173087582524,0.43044331531815605,-0.14711708992830697
1.7198450345132348,0.8636326460834451,0.0908338166518509
-0.18371939209793695,-0.5018436530770075,-0.5620410744406025
0.9888978148444469,-0.248962485242607,-1.3666200233650343
-0.22587714025278835,-0.1252147651660551,-0.7561136001349454
0.13163171511478755,-0.9499965822004953,0.5512316690979124
-2.226620886963371,0.12410714432836761,1.5874815805276847
-0.05030208302299918,0.46124078235305205,0.8128617114278189
-1.8407361742437147,-0.35947265607797013,1.139410562152391
-0.8339189780307263,0.5326959950273443,0.8000757201088007
0.19113355744061236,-1.9292461506862353,-0.6348424877815949
-1.3489942103661505,0.21279388175596128,0.6160874485977231
1.0317056752336273,0.7197866324854209,0.4252765247455484
1.171078403935712,0.09410783552320698,0.4606116782849978
1.4963426829328332,0.6699026501504354,0.9813044238689063
-0.22887634914719188,0.4800601642035983,-1.161515279335441
-1.132798603295667,-0.4042972662011522,-1.6294720642438925
-4.7654274942445894e-05,0.45440586295450963,1.3291489483710746
-0.23835415150524178,0.9803918531372273,-0.16010820979055582
-0.2367947082492528,1.0962351095217646,-0.03620329984354046
-0.7069844655315739,0.1458646599600883,0.5888110559155225
1.2572725669489635,0.14280653342249394,0.5251074759046801
-0.6149615800088228,0.09503310425538765,0.39039703721877833
0.1792708831594324,0.46472877094300574,0.41461703016182333
3.039568298346359,-0.5633701057634773,-0.5482736104819109
-1.71804353784631,0.14037412458160403,0.8147183101386406
-2.0745512349705177,-1.0642151365856023,1.461903304770401
0.03373078471608346,0.9224220224999242,0.468151346126852
0.3247569968699633,1.1275200661962148,-2.1537068910808514
-0.11703321410435359,-0.9887929966866807,0.10216725664980054
1.8707381147914515,-0.23181067569234276,0.315449720788872
0.010453415976548057,1.6537124474905098,1.9025277673203262
0.567345133722298,-0.7650867479457878,0.12642123237088546
-0.06717965004627405,-1.534258527920143,-1.2079400476340159
1.5905467755928928,-0.8734739563035248,0.9111404985922074
0.8413985741904497,1.536862697456355,-2.1057836282685125
-0.010867085719125197,-0.5845753661087042,1.0387133464448228
-0.05448501210332101,0.17222348909413748,-1.3002318499964012
2.1152567914611606,-1.965531856927997,1.829215432636759
0.9055853682090869,-1.9436402095063297,0.3686972340918118
-0.37685941826317,-0.8590611855006198,-0.18337191095366867
-0.973668944782946,0.36421756250106896,-1.6557921594131924
0.16378762082925974,-2.3874850289033427,2.819123495124698
-0.9587023150763354,1.1143013672024495,1.863537446369516
-0.5345027545785419,0.41075985250045843,0.5228115731344081
-0.0651205725710239,0.8020767586673373,-1.4595745480265803
-0.03321270813045195,0.9785924327027219,0.05749952490159374
-1.688266769527688,-0.2849341740560349,-1.64793676114301
0.8017546819726828,-0.2566257222545885,-1.0693631978332478
0.836580856957751,-1.6511083992314914,-0.04265103575690744
-0.2936210114228827,-0.8179382558231105,0.9134773295415334
-0.14520518121759024,0.9927926685048701,0.037348774056624914
-0.622847809207629,1.5409080887338515,0.5855325889617847
0.37610707786131076,-0.09807000989142269,0.173885449596388
-0.7924941722033899,-1.3961555666496492,0.4686425065070423
0.1476902754763626,0.02972225061997951,-0.5768072854921588
0.2987537576373509,-1.9641168000007014,0.2168009523618509
-0.7098143916382182,1.4859060268934043,0.29185829823344206
-1.1564140710741642,-1.242499779644637,0.9948999009901414
0.06040840649364652,-0.3236010626544603,-1.6340826520470604
0.14234801440908634,-1.4432461348869046,-0.4100899136894993
0.5334242346657672,-1.252534458951319,0.19734689948824488
0.375045768763451,-1.138633491135428,1.0813803977936212
-0.618732090870715,1.69103107747755,-2.4568179724963706
-0.4816188408549764,-0.5797459070645763,1.3889427743470533
0.21512201179165988,1.8549416679817685,-0.6234105196207262
-0.3535469345007913,-0.03158737491807048,-0.6523417488805399
-0.20564626114633286,-1.151548748358606,1.9701205204013887
-1.4832055293434456,-1.9068954720839817,0.6586924436505273
-0.21726753704604015,0.5834968831870185,-0.0737912791177821
-0.17586376850331686,0.09829300638210535,-0.8737942285254845
0.832097290167788,-2.0228272142663184,0.12241485787932989
-1.5895460029910125,-1.7033886402562806,-1.5976952560316637
-0.8405860714779074,-0.06015875435758952,0.2759779308534002
-1.635850583810778,0.0604006225317463,-1.1484029757934697
0.6842646315513984,0.05721350678471165,-1.8899488165734164
-0.12581514185387016,-0.07149370973736542,0.30730796261063975
-0.22549176297225867,-0.6390070688379416,0.3430496501915774
1.7683504071883496,0.000845258582463923,0.24904256605980843
-1.0533299339757565,-1.2397768689097461,-1.582239201741644
-0.7879935337246028,-1.355115487601527,-1.551820559590582
0.54117045049505,1.0494075131216778,0.027555493588107813
1.6960494508127295,0.6361300614695162,-0.9456726931071578
0.8167929279965809,-1.5167177659908153,-0.975117419925337
-1.1961800849280555,-0.7843919797039945,-0.8077815585699323
0.33288729564627645,1.1565902100951033,0.18599566852012803
-0.097441827793186,-0.06323816279202357,0.4857189416803014
0.13797807707653256,0.906361999786705,-0.055335480806696515
-0.25918677221970693,1.427328381955454,0.7317121191504485
-0.4426759699363977,0.45509989489668073,1.5466131922012476
0.09637410999975363,-1.3940228835309771,-2.237549933362558
0.0857447489006278,-0.45972043949281977,-0.803538411865693
-0.4619013703989264,1.1957795004914373,-1.6196017504895324
0.7622057078774962,1.0853834203594883,-0.20907983838381658
0.4261732799643149,0.9792011434085537,-1.1715387979464533
-0.3568168440901533,1.9030375479238095,-0.46761669603113915
0.7039652246171578,-0.5165124119036348,1.327063112292798
-0.4374411225624236,1.5982945841927234,1.0449795770622172
-0.7971136342210391,0.9502279525626527,0.6758114036070468
-0.5436004642574945,0.5005158142741176,0.6387323175599586
0.46806804377817146,0.5921262532805531,-2.5449847422936687
-0.08822668215845064,0.45534812005139796,-0.8585826817214447
-1.1691481365801983,0.06596706594206256,-0.9619620702742205
2.5258570335112713,-0.5214113543333498,0.5876492969383693
0.8486133639490535,0.8667468267579324,0.3753247163331977
0.45993019233734095,0.5296883419822491,-0.5877898125006534
0.13794157286420453,0.4518509260480683,-0.2862833949518773
-1.3792985740212924,0.7654522920965555,0.9172058057553706
-1.045775049200681,0.39488170140606005,-0.6320830523939029
-0.5963240321976578,0.586510057689277,2.290564891347554
-0.029583255627222183,0.6196750772327337,-0.23784983482929709
-1.79159244141114,0.9528290833406304,-0.20715239690667456
0.6235703219169177,-2.8365483516422634,-0.07319500321639918
0.8424350270613855,1.0066032597716932,0.2719239902617757
0.7545467446355277,-0.4871938276245025,1.969418418124089
-0.9576398069001545,-0.08175930286199745,0.3082713113136827
0.9117380211637449,-0.20019328868245828,-1.5606987398938978
-1.5264731334573447,-0.38584268411034744,1.0992579527815638
-0.2991858278744065,1.554940786093409,-1.1388444351612483
1.4745493439260122,0.027532799366043866,-1.122499145761531
0.3179777176190648,-0.8639901022808558,1.8009361180198422
0.694355928047982,0.7896492431592964,-1.7208912018723395
0.5868152836646564,0.04174486352326757,-1.3472506872203878
-0.18774656801139453,-0.16406020260288576,0.05954538134409072
-1.889805320085288,-0.12892708331234162,1.1744153810291467
0.7891311044821677,0.3845963690426734,0.9294743577876755
0.4562131985988953,-0.027701419656743227,0.22180159915718856
0.3341580567396688,-1.2559232714033541,-1.645099041044162
-1.379787843731717,1.0892174221516684,-0.5276003484303408
0.3805783380378141,0.3481637975695314,-0.43353312766323693
-0.8843650106848155,-0.5221285889367518,0.6306519891952523
-0.6807013468191611,0.7640355859109452,1.495909364129628
-1.8766392776406517,-0.9489533030930165,-0.12187394833634921
-0.8669843836081977,0.09657165077024514,1.0026362247877632
-0.33512880445139964,-1.0510788839488836,-2.000801524875785
-0.4267140043686908,-0.9668357458822383,-0.3343021113934349
-0.23252232212306312,0.6234623109737377,-0.5692942130511172
0.7848512072378975,-1.1257468045299899,-1.015092354098971
-0.428446547597564,-0.353628100431266,0.7803418649207341
0.3261766724931397,0.5324659850251999,1.1452082663630732
1.2970913743229529,1.0250882640736734,0.9267691524200043
-1.9407086527118416,-0.22293814316386754,0.7181245138946318
0.98169905350629,1.1034121079311645,-0.42710050788764536
0.29850992144239114,-0.3904761644962845,0.3102005060172978
1.2562067989959265,-0.12747908559654203,-0.4360281431744791
-1.2774671021264878,-1.916187591311257,-1.2423140757441447
0.07529131208628387,1.1779044327114303,-0.552174376558989
2.684674228880727,0.3214466757395975,-0.15871282117555577
-0.6815989203798958,-0.8708788261366558,0.36529599248549294
0.6091639631114293,-0.006823108810136823,-0.17421646702974278
0.36056811011742534,-1.2125287745326614,0.8453322142889125
-1.101124051641285,-0.45363626052486566,-1.2689838105945548
0.20237759013801912,-0.7824103084448867,-0.9832327271651042
-0.7301843612168061,0.47706222971914014,0.81094912473898
-1.8526218307345839,0.7458908907181757,-0.008096175290651231
0.40012600713048435,-0.43759247134287305,-0.41019477306490565
-0.23724490662506179,0.02020988130010807,-0.6045683491112533
0.33585948125499737,-0.1353530081649152,0.012825943573504672
1.1417290722947742,-0.924552956386235,0.24109662732130416
0.6663552456484263,0.840103663666519,0.38119921306727916
-0.3837727574159206,1.6273212782760216,-0.7856867531693823
-0.5876607896430227,1.1891644315608518,0.9744855668141125
-0.10312394980714124,-0.570057345356704,1.0472822969218887
1.3975406702245061,-0.04179106363532332,-0.352364279007173
0.8792473438366771,-0.7383562120294812,0.13526620749869783
-0.003149876817710184,-0.17073671495346443,-0.9206054019584705
-0.7570691706016414,0.9804105826203179,1.4994294670598025
0.5921976479708501,0.2731659038847745,-1.2023774273937435
-1.9108199275717948,0.7340640176678053,0.040130018839442096
-2.7520442701527057,-0.30593874505169866,0.3230710262934228
-1.2168899285251924,-1.0082423509323444,-0.4843627570243819
0.7208545303211473,-1.4954327663530165,-1.0030178249062045
-2.255358426030165,-0.27699530522450333,0.9298901404242255
0.2850547248322479,2.424986895227679,1.1209750348366647
-0.3957151561389316,1.1701473451660103,1.1510260857991317
1.3363390707809082,-1.7803731732410253,-0.36193796337259876
0.1623482043927129,-0.08390441898545299,0.3386503653485207
-0.8616019745233386,-1.9391210136793766,0.5293049100379854
0.5374729309605165,-1.0813275134966147,1.4242226218764928
1.169273942457799,-0.8243388654971818,-0.820796341156002
-1.0127697790807892,-2.172389956223609,-2.0231348946146905
0.31741405784858556,-0.790339469741972,0.6486977719750701
-1.9640835791451763,-0.3757012180061176,0.768292279839622
-1.2542607994955095,-0.03900059913431737,-1.346827139324803
-1.0578190957393188,-0.45491367407075994,1.2704076321720654
2.3635969552872838,-1.5218031242790357,-1.3585155735532282
-1.5619383525661106,0.6216777729942735,0.3881695334014699
-1.6215688470665792,-0.3883513874077699,1.0325911751985237
-0.8955886360020157,1.4109415282320497,0.8444901745848462
-0.5944987933241828,0.46737047590971376,-1.4699075086374587
-1.0499402451024096,0.05207684229301633,0.46734615168886806
0.7309090345694558,1.407786545548933,-1.5996685577462226
1.2307311485430374,1.495222888235963,0.85190059437805
0.9464453940621192,-0.940720570127773,-1.584924904759814
0.03238340266651595,-0.7353288563201933,0.6173338214978866
0.6571586627085362,-0.49556554928026336,1.675256492561669
0.5990551964238593,-0.7212905238716947,-2.6119353256897786
0.913760483092296,-0.842243582827026,-1.148740260288964
0.36260914025929153,0.9146195468855719,-0.08915423478672259
-1.0257354255132938,-0.02644737173562002,1.4918552543425871
0.03392200384671929,1.2340246970205864,-0.18867213262916618
-0.13327697036996286,-0.19337797917420907,-0.01487237659482784
-0.6729303057182736,-1.6672363885865822,-1.0682805382780753
0.14176833729417504,1.0683994859973185,0.6636739160628421
-0.9280333137136909,2.0040075925423486,-1.7456804996263486
-0.9945185130126727,0.3749872106930273,0.9589039637812561
1.202693189550387,0.04068979329414913,1.330729402177308
-0.18158665518361833,0.4954698414282628,-1.6220927164568248
-1.1181724384528506,-0.06263618331090065,1.004485279339881
-0.5412932964243735,-0.4493810267600144,0.5953034643683919
1.6786276489866976,0.060170545448169,-1.6027537973667079
0.5382158196247971,1.6051077841755457,-0.8556011985242141
-0.4927165279641794,-1.3638532900122873,-0.021793717963283193
0.46221011917692356,-1.8473068430770831,-0.1549060849364172
0.9543483278847907,-0.21866862802627207,-0.28323776079822943
-1.0068464853230452,-1.462571926478586,-0.6393844478957457
1.358080726635565,-2.0052219937044926,-0.490710187729966
0.27345484849033064,1.1988720072023313,-0.7030335930311953
-0.1863823294368908,1.0122142217890633,-1.4910911012845125
0.049309391069231615,0.46950739980741185,-0.7368917656757958
1.107153056696227,-1.156830052735889,0.3800350242871653
-1.0175190871001045,1.578694490830666,1.081007515106912
-1.766595811676552,-0.05047289989305438,1.1848697874193714
-1.5034405838804945,-0.2194321843552945,-0.17011063603897497
-0.658039267592726,0.40622119587305267,1.1612390234314889
-0.27457064506011775,-1.6662624090365252,-0.4717714863628499
0.4929317578319653,-0.036737196810619106,-0.2229581464315563
0.686866176558735,-0.6669440025756097,1.2238858266594856
0.8533612659209506,0.42677006780137355,-0.4347779996252207
1.4409644322419752,-0.3878465075900654,0.07022244496337364
1.8251473083527778,1.3522920446945372,-0.6975626933893674
0.08275391963728743,-0.6936982385856034,0.9064823014012441
-0.6713778318565948,-1.0663437451390883,-0.12489967416952893
0.16513282671463028,1.1277906576726637,-1.0001365999637608
-0.2892216899315167,0.667151819843457,-0.08842445779909931
0.021190153003685302,1.621414085922392,-1.1606713083559597
1.174430511359704,0.3791621081280954,0.5873485691811964
0.3803779200301108,-0.41906480301264715,0.4483844508245663
-0.11421713762196269,-0.9197344349192947,-0.4355585540648612
3.104404313900244,-0.45547535132797873,0.5430122506518651
-0.401118928041367,0.5314952602179619,1.1437220836488076
1.6064590611870673,0.4071380917348651,0.19401508438310042
-1.6986765052604234,-1.1479127647261151,-1.6896101220084143
-0.6968495276801246,0.050051316469209524,0.4798305978799653
-0.09575857052416828,0.9583288137454207,-1.4573645377099211
0.22645266925313498,0.4682649579386665,1.5993766770772337
0.55552919054273,0.09144634491590779,1.3016294217938549
-1.2952588059404757,-0.3919027522764213,0.11431632114708264
0.4726625882592387,0.457846609852957,0.9395937517846964
-0.6691897607218614,-0.4580123066518119,2.091815367522672
-1.2285967127419706,-1.2064947842474707,0.5806511549608888
0.32135892747440703,1.474473654151645,0.20523303432909834
0.5016946060579883,-1.2354340857811292,-1.8681948882251846
0.12388083046569938,-0.37314670223763907,-1.5951105507368288
-0.2547021331840456,-0.3062327632665204,-0.7007251273977966
-1.0091234018489088,-1.0309891324259604,-0.6484783437204341
0.15415381273179862,0.5799040756339755,-0.9169110790247249
1.5549442506658264,-0.9010653069799335,-1.588332318166866
0.17105171975923386,-0.7456441438253235,-0.25941107589200046
-0.5943418558914852,-0.5671409196518226,-0.7357492724437549
0.7718622518105576,0.4055179031705938,-0.4933362117868721
1.570459685272282,0.03967879422888342,1.0555882656942586
-1.5090940133097501,-0.2776685650426007,0.9170778779236561
1.367461868084413,-1.0568257763455455,-0.8661666340857866
0.2864598501613543,0.18736531455692887,-0.030811882834741438
0.2810726668438464,1.7665540185671782,1.2596967568796815
-0.2753497334067454,-0.2584448236572802,1.1243172136839714
-0.06784307605166161,0.4720530446064018,1.8033484742927897
0.7993054214085548,0.9470527405286921,-0.767267150994845
0.5394476695804465,-1.269593053370763,-1.6473476077409681
0.3875163297944293,-1.29534907900947,0.8531024392343524
0.5828655143338339,1.7657864070509495,-1.4465416926877468
-0.15514263426663397,-1.0091250461269645,-0.034809742203273285
-0.9892044649455786,0.15020558014073246,-0.5704645365127479
-2.366855503578472,-1.276002218877258,-0.37903997488372265
1.0062950062044191,-1.1514454871356758,-0.0018247051174844853
1.4257538769827902,0.38986308994142194,-0.4844257146929833
0.2905519675421831,0.9401028440499958,0.125663333691344
-0.022660912412001664,-0.8834463213962899,-1.1821846390856439
-0.7131473327465656,-1.1261523889943756,0.8816352610331308
0.2884016553295411,1.7727502969147906,-0.008673839204993867
2.0700075395371806,0.9444489741878698,-0.8500984960697463
1.165262733435171,1.2557035033752826,1.1379541575697032
-0.4087222750270341,1.2482816929019815,1.6287294716125653
0.5980156794732794,1.1297383379594728,0.09499773260352619
-0.17868723268972983,0.06203299923548672,-2.6356347763175623
0.6732806707687765,-0.018984109691273586,1.19626621937737
0.6876639736511863,1.7855032186151767,-0.5074549877102086
-0.12198641118463249,0.11396321921016024,-1.352415076936576
1.0310334504679934,0.13950537807384306,-1.3342386070912
-0.8713536487713798,1.1529339537072782,-0.07624628008474374
-0.493160280998302,-0.3780647381846214,0.9121938601700382
-0.7101845499196758,-0.17029807448640083,-1.739940931312957
1.0638113041954496,-0.7261625195836446,-0.9557004728874244
0.6131223798331245,-0.9015308395932562,-1.030254128375426
-0.3073375717837727,-1.4727773526779342,0.13840399353965113
0.7411328391988184,2.0070879340541516,0.3565870551747143
-0.7782792293168688,0.7870932140970749,0.7716451532350784
-1.6394702309471927,0.45511218310729334,-1.24929785258034
1.9106790637550863,-0.4356083334839325,1.3220616099266111
-0.5413982115352132,-1.0164618428455894,0.13419129458034532
-0.1854954059756601,0.2729768136745046,0.6274863076517269
1.1816303925975709,1.5771656227838322,-0.5520682088930653
-0.1736592853052881,-0.987266463727775,-0.37354779123390636
-0.4832511784768478,-1.3062913912701353,-1.1269418610096884
-0.8874978217135733,-1.0064656715570468,0.18562360455535867
-0.4910424391242176,1.1670319680514254,1.340658049422193
0.460663147679291,0.060638601361245374,-0.41341519256394504
0.5236595745212494,-1.5015500003953663,-1.7467403016418959
0.4963008712820269,-1.0359211194964069,1.4442242199427517
1.660439566406877,-0.5871782696080283,1.6687647271338817
0.3884572743840126,-0.5610462515676307,0.6162941787403988
1.2301292978222773,-0.3063956044735983,0.0071976301992395094
-0.27750097114785827,-0.8127207988977092,-1.3533442009903807
-0.670510699827425,-0.8845216524764391,0.43151507671926387
-0.8364368633898194,-0.7319419278458424,0.4970023043432065
0.007841610660519957,-0.1750879406791047,0.4361274907191492
1.0393895599967382,-1.4020297711132486,0.40379740119516905
-1.3181977478300884,1.3549559783239524,0.220164112878365
0.1574537539955609,1.5830265173189382,0.6578845945781081
-0.3750983613273223,-0.021320122624205833,-0.09210179808988311
0.5134385245032171,0.008789647124737267,0.3492122877333632
-1.1158522952142211,-0.20905267009691061,0.41822554307694143
0.41937801307596106,0.2203759607911858,-1.505073242562585
0.8373124647994542,0.8445166979544719,-1.1604419702092295
0.10033932938323416,-0.08195929113142718,-0.4632160791985982
0.6803984176640056,-1.7701637739586742,-0.7296626140089543
-0.8919297420377639,-0.3271028194071958,1.0575123474975396
-2.369365510140284,-1.7108348954631558,0.7637685435225757
0.01166718370156688,-1.0389575946697351,1.1464006144074361
1.3259402464331496,0.9498388131717782,0.35971614773212635
0.9948872474707674,-1.660488537160845,-0.9107578179772003
-0.3227879318570601,0.5234471286393874,0.7836447496136356
0.09949047625708489,2.317275584106004,1.3425624432243246
0.4212483598748539,-1.0290736758354624,0.2548696675848383
-0.3520854705584543,1.779050696370874,-2.082359023476935
-1.384612473152193,0.02788531459254875,0.6839596495496428
-0.2658362132213351,-1.733762005067363,-0.699293791533057
-1.0606714718099541,0.46698480642232165,-1.1809627058309125
1.8038441816098065,0.7951054010124539,-1.2655464291062648
0.5694109928703026,1.242325870255014,-0.11736971400638911
0.21956906057498146,-0.17524200823626723,-0.33906521284142777
0.9624109963276749,1.9981302496265505,0.24889434329757387
0.9872218253517031,-0.6125358042689873,-0.19647825197651655
0.3592355291315434,0.9352005691887872,2.2594656683373553
0.44289561976494435,-1.5124119465240127,-2.0728567441793087
-0.3697447288602568,0.3719704641535588,-1.0910571739201242
-1.8953752865926234,0.6576172245467679,0.8705371905753595
0.5496818697461604,0.928791985388137,0.9817606818405407
0.27110329749245854,-0.21406049860315243,-0.7031602307481342
-1.1495120136770525,-0.03885216592324194,1.0289649922571051
-0.3773909449173268,-0.5552592507482099,-2.1724725936107223
-0.9205727217961212,-1.1380165079400002,1.8479552338766565
-0.6682745916319777,-1.5549938242683485,-0.37412581505387393
0.9765869781842046,1.4822974328884608,1.2378418601054544
-1.0667780492006957,-0.9223979941646642,1.4743794076283345
-0.3366304467893224,-0.5250865325822659,0.07513179098511877
-0.8396981376920782,-1.2288186076756222,-0.302697297171701
-0.5384405616846796,-0.16300718929458277,0.33038350050371035
-0.2552171104249673,-0.6179469280363393,-0.1175699590597427
0.4370582637494873,-1.355980581134271,0.6716120243415494
1.2806470271897095,1.7069794900992041,-0.591671498476042
0.7172148418491787,-1.8644093387150433,0.40373868041749494
1.263940834890953,-0.9207877325985089,-1.4267243437158112
0.17117781559253933,0.4210219768858279,-0.020542448298023284
-0.3642856939138326,1.3366809855825987,1.5072663649239972
-1.4479804784520576,-0.8005617675911261,0.889712078636722
-0.14172135253570992,-1.0671774455865646,-0.15434279852166596
-0.46821039441220386,-0.5724743643262301,-2.343757230914268
0.7556216786550662,-0.15910587655891514,-0.9843949616326273
0.6129529155069035,0.2000200215736457,-0.41831118039350895
-1.4481725275492559,-0.7263051952682459,-0.6870229732031258
0.2668865410139162,-2.026088018568393,-0.257610458692408
-0.2864289213522124,1.428644158734573,0.505912547073857
1.8670765064172337,-0.33556198859299374,0.5101100687108311
-0.5557444140815856,-0.471683711734393,-1.1803571092818468
0.12393110292870756,-0.04216869930150078,0.20810695310918914
-0.54457457735053,-0.292108957163982,-1.3332321561436864
0.8748271837163705,0.4750985201598702,0.5725094292589659
-0.7105759995789057,0.3523787886667208,0.5258551759618924
-1.147217443939631,1.6039018586416862,-1.2006911499698987
-1.419833881867624,-0.05174430929431932,-0.13338585031899114
0.8933451048224087,-1.3613245006873018,-0.47952298000089216
0.5115943979579808,1.2818185700320293,-0.9926215379690776
-0.6959651358012121,-0.5256538750031083,-0.8647360091319943
-0.4971093200528165,0.7023609540889328,-1.3490228273490892
-0.6177622663283345,0.41944615359061943,-0.8394324325321475
-2.1622867501737733,1.6908995472421708,-1.1030358810885177
-0.9014666350208589,0.27167851081106725,-0.8419183679751792
-1.8073049604745777,-0.4941194788167875,0.4259873274442975
1.7597906350747121,0.4181892112410148,0.6407243898823617
-0.21899202424671868,-1.2422402131604888,-1.376259076584236
-1.5587881250618905,-1.7503280048808647,1.5309001676153704
0.0328215182821343,-0.08760230675261708,-2.6450914773086738
0.5595029160620579,1.064952520191253,-0.8254533738519044
-0.6940235894738388,2.0401457979380058,-1.4390452647210534
-0.06093677122798176,-0.35133103127966137,-1.5942067272069833
0.7317681445153377,-0.49525290545747186,-0.8937082694360086
0.08133141957582014,-1.009763343269223,-1.243710994150296
-0.6398478627412555,1.2583535624035287,-0.051940041494585795
0.009216233714369432,0.058130785183125484,-1.6841696365707657
-0.9793686634046657,-0.20230489551227493,-0.8267734135359025
0.0369749079475301,-0.21913089555063187,-0.5283053584772601
1.7254932707679889,0.9061516549894635,-1.5638241618579838
0.4289389128516761,1.0892698732149402,-1.5659995985781374
-0.4965994181680987,-0.43381940244708034,0.5958328058271662
0.4130613700588044,0.34373066673391534,-0.1871318118662862
-0.7719672512047265,-1.2086651630187304,1.4117949210170342
0.2519400556079647,-0.8195989994949988,-0.6566513190849063
-0.7393097173597041,-0.31702756135660165,0.7784669200683971
-1.1061696048487062,-0.07514267005407413,-2.341825773189582
0.019112933119898017,-1.717729674217727,-0.47018586450394695
1.6095187952910888,1.9416329442062203,-0.11108972266616515
-1.797933824403276,0.6696417654125588,0.04243474962012697
-0.6565884058525211,1.90832466410518,-0.24974240934660627
-1.5916925549364533,0.816741837139641,-0.18163049489336053
2.3565292488940317,0.31598720774130973,0.12059898034103533
1.4620635919845526,0.9297530766559051,1.0290608233995364
-0.3102149035097155,-0.4335001997257463,-0.10787972193124637
0.6107343194696944,-1.7893079191170942,0.08796320597461685
-2.512695761664153,1.2491316936568877,0.43981716846364804
-0.12480084059530262,-0.6466519546238054,1.1732461717503986
-0.9089594803014344,-0.5673318170129739,-0.39250079502642343
-0.16895855033979865,-0.5941648308971208,-0.24278361946135416
-0.16395574532570076,0.20676054399746938,-0.20371597528308683
-1.0164003171997962,-0.5704340942053007,0.03449417547364929
-1.9695655176728708,0.20354811230482403,-0.8034020450592964
1.403168175927864,0.36290502924305623,-0.3670501241271666
0.6893017494132828,0.4379928810643464,-1.0250288137082573
1.5791564078134286,-1.1751291669966175,-0.3412790158509593
-1.40069602112587,0.9811850473836506,-0.4784160263174564
-1.20879185616153,2.266925225417992,0.12703137280460555
-0.014758451463077667,1.9868991843754087,0.5665133919428859
1.9593261075261719,0.00966847674899788,-0.44671957705769194
-1.3259244359952056,-0.15756459961700328,1.0818219374709628
-1.0675849873195191,0.5672541934119937,0.206277312515763
0.6300275909977829,-1.493644817492963,0.7494671002108607
2.405312566667502,0.16736467435285718,0.9345176963722767
-1.2754530650739515,-0.3550173148706699,-0.6622690169401425
1.6631326501773303,1.0959899677074345,-1.9071489886369821
0.9017368677574095,-0.8889940638637936,0.3438954348708774
0.5972138364176329,-0.6825387812764502,0.48236796821479816
-1.4352293087956438,-0.43927629690750714,0.016805652610219306
0.3906783028030346,0.015388668874366643,-1.3372390766808933
-0.1346132788550318,-1.1179951775815418,-0.31433035145086513
-0.3624510229674178,-1.089212908990592,-1.0859586354232584
0.5759605302071895,0.15807128337736756,1.391729886163513
-0.3468671330723377,-0.8207237564203202,-0.6027718537744031
0.08796267533465077,-2.17990816469243,-0.43590746698401145
1.5929907663005076,-0.47751228613728464,0.5750949061159527
-0.9959179020703482,-0.9931066495238733,0.499070627752447
-0.5371869000040916,0.977713205293477,0.4012718279484634
-1.0859469515468785,0.6813920478628214,-1.0935284590687617
-0.05753710307655028,1.1295924938619777,0.3325395680853839
0.5976342217653482,0.6607129585715258,-1.4266882479687566
0.5436110483228581,1.16943339891911,1.4159004806395608
1.518223296574605,-1.9488204590652367,-0.6533445201139844
-0.0545019513898419,0.8704540285323753,-0.7247438984286803
-0.29352887380308895,-0.5602743533952423,0.14615931705546029
0.27890615060257734,0.2353720771199158,0.10746599901641203
-1.2592412407448341,0.5251836539273164,0.21636036945450293
0.46000861185450886,-0.14735704168131425,-1.0771997353273992
-2.0986908898190118,1.557909163845689,0.08428227457914991
0.3011469410230917,0.877840086942162,-1.3065828902619947
0.09308803983257753,-0.8957919108967862,-1.425716592153082
0.679286779698641,0.06792395930361604,0.40158319424365546
-0.6330466529366503,-0.6565703688801865,0.991404134922456
-1.6337616240828767,-0.5223887098595443,-0.10674572294942128
-0.28629118519125896,-1.728138310582106,1.5496533722663017
-0.5293370950204918,-0.7913120589413648,-0.46879980944578326
-0.3845864932513075,-0.38736446018248805,1.8202481749728021
-0.06893836791207814,-0.07164964371212512,-0.18847533997560206
-0.0970522030621284,0.3243789296816751,0.8836415096102362
-0.4094815475505142,-0.32648405505896094,-0.17197792845741716
-0.5561435475797296,-0.5132571345030051,1.110449553428894
-0.5265528777202941,0.9974569631022634,0.6125514109208229
-1.1525252594752888,-0.9101149405189167,0.275992949722093
-0.4480446766016909,-1.6502421957997406,-1.5911344503736884
1.0435312148649298,-1.9924957800964178,-0.9220248172511682
-0.28376912510527913,-2.140041840245068,-0.37205688769336187
-0.19492849234637796,-1.5162781602194122,-0.1578121122285253
0.002554160579657227,-0.6658676787303303,1.037311041367985
-1.4339101467879931,0.9248641515726819,-1.0882546755221556
-0.26284304749835974,-2.0293479851255047,2.8514586813772484
-0.38656122597479686,-0.020326803632002097,1.42788575895693
1.578414357712345,-0.5303461764299667,0.9392806434324468
1.1036466688083821,-1.1397803092495644,-0.877484906037349
-0.052343655427059904,-1.2810491074158457,-0.7604536867713352
1.1471410651613068,0.5344558275425729,1.1040037107579936
-1.1670977664720827,-1.004378276234997,-2.5839697236604744
0.34600306038803785,-0.6559821283867914,-1.3683108232761574
-0.517139474059748,-0.32044183006084953,-0.5640200760199773
-0.9710003746465504,-1.5427266758090419,-1.9689658649116777
1.7756197416398098,0.730350608806078,0.32412563700872776
-0.6205231637445345,1.420217316566515,-0.2108639718454564
1.015316675278575,1.6150942742913348,1.0464938261019245
0.29639754275504443,0.11918230782395418,-1.8599784067232517
2.053507825215786,1.0520418818434716,0.5228773649989227
1.0921280238104007,-0.08054117637820483,0.3243251303001431
-1.0046062344053792,1.0481033624520286,-0.019119434803626958
0.47542156681309355,-0.3154154748026767,-1.2361218853059783
1.4246411148370672,-0.5222338839447681,-1.1650486445494774
0.3383435963587021,1.816969395532904,0.8489293351505582
0.19835852407129734,-0.4794179791264331,1.5221108476412513
-0.14884070229664317,1.68424681196717,-0.11010548840332719
-0.12330766788458672,-0.8661717818068714,0.0775837198661479
0.35884443100701996,0.0911177407131932,0.5567953616584234
-0.8927028921397845,-0.2861962084990153,0.16716358192359923
-1.6550476996868806,-0.7967287828349852,-0.8059134746799401
-0.022743850622981,-0.558225750403126,-0.13403474941951027
-1.2105407057435904,-0.9827308244897334,0.4662658856765406
-0.42413750319706783,1.459906819694015,1.215040773952678
-0.21762288437727764,0.2623982942583458,-2.028961591923705
1.6889222769065837,0.20821648781278992,0.08625871117182511
-0.12825848649789337,0.3734863034175168,-0.8262371890230821
0.9646714761520446,-1.3989165850898257,0.06911218384547828
-0.630911052955087,-0.9495144894692107,-0.5645289386576446
1.220055905538121,-0.5678418299205702,0.9192507347759873
1.1641499695037612,-2.0813646520064615,-0.5115320579571352
-1.3157485600114398,-0.26642862401253686,1.575262049832369
-0.3139048124088445,1.0542293146360584,1.7144312695489243
-0.05801382247501565,0.17957712650947844,-0.9707568490981433
-0.0771109114610763,0.6324243791722562,2.1221886927203175
0.4401104029040571,-2.562354112184285,-0.2765677542219147
1.4178082614668603,1.08742514530169,0.06848528284174636
1.251137797154751,0.9052980558719022,0.8699284294262204
-1.1593032884226853,-0.6313543039311463,-0.3259807459375085
-1.4073331421788415,1.7446388214704684,0.16917604019669424
-0.20399219475915029,-0.9142066672947734,-0.34540681080044194
-0.30748202625961735,0.5365979322760818,2.03857662390572
0.12626529806660552,0.6100902649268509,-0.8568446513820961
0.0008887734238572349,1.980571237844258,0.242996236745377
-0.11946431843707155,-0.02500287364554601,-0.2183980460472482
1.3874383941359523,-0.42649555548017887,-0.9424100913667691
0.09189573398617193,-0.8071530665640152,0.7206951308502267
-1.507701835729172,-0.2853044886561807,-0.5085555915831279
-1.0136067718934467,-0.04497353982844108,0.9151336711518172
-0.29761430918530923,-0.06667893737708604,0.2768986369461867
-2.07180822138149,-0.24037259034294117,-0.01588922158903673
0.3651918342890444,1.5202262035390655,-1.0438592578833201
-1.310582917448833,1.871367024290271,-1.2264519524451902
1.6021114944418224,1.1502138550034264,0.6899440753695114
-0.20110964522365962,-0.22965027059645116,-0.1754027238798109
1.0761662338611564,-0.8982228039122192,-0.9043248198410503
0.9183325329182401,-0.4214956038017156,0.9926523529014925
1.091947706595445,-0.8039486454077567,1.106673694976964
-1.9296085797624174,0.9023035920290186,-0.43984930079838164
-0.8812424535303749,0.04303842757252442,-0.02981957313867181
1.9228940451888206,1.187025956866936,1.904591309999082
1.5612195586683972,0.8162389608723901,-0.7655310897676637
0.8628083036150936,1.147061615894966,1.5765609445731992
1.0980356809633005,0.9010390991606517,-1.6377872768695192
1.380692850488789,-0.1379113945952804,-0.9075846283914026
-0.27832975467499854,-0.18143234509884648,-0.007576873383261928
-0.017726524033369915,0.5902991690465336,-1.9028730376703995
0.8143952769695124,0.2431228997657414,-0.20520204567174952
-0.9893160802740694,-0.5281382166584172,-1.633395323390545
0.6194632160787857,1.130900274819454,-0.2867902835500879
1.9765994583623971,0.38265103377077364,1.989619782694422
0.36880873117021495,-0.9408364382357599,0.3874733322631375
-0.25736695002009147,-0.19349916737363337,0.6748799472385263
1.7492513776575502,-0.08249189162780753,-0.10047934618249615
-0.4199654279500474,1.4755271993247772,1.6740002848610376
0.7924187264476654,-1.2198778609911065,0.3197927800078472
0.23780768904073787,-0.34400391251281476,-0.9378404821943229
-1.2327029235847473,-0.10136741731180443,0.07439129795584488
0.019879073573203128,-0.19880086518114654,-0.40626703452576357
-0.05565896150850259,0.5125430730787374,-1.5657121790810984
-0.11754270353607163,0.4536296529435974,-0.7847569418082844
0.5944649927920911,0.04678123798266931,-1.8664783161074159
0.8587038827346359,1.1375257224062647,-0.19436285008812199
-0.3955763565471689,-0.5607793992724233,1.2210779028712169
1.081062830295948,-1.513544856396121,0.4406108909399775
-0.08459615210690268,1.1217662029521467,0.45175196432110326
-0.9498513919010039,1.5000208084906677,-0.24588502575205307
1.4521018537928538,-1.6365178870712775,-0.14406042425511073
-0.18098570570355593,-0.30557053873513446,1.978302912113874
-1.2144043225126742,-1.3427900624119125,-0.9648723486918541
-0.07907983399600758,0.2461812414713892,0.06505068776555492
0.3718192928000094,-0.4643302868752271,1.0077880413169626
-0.3305630209448232,-0.16052163471591965,0.2468584961495462
1.1183800171613585,0.9793097279873626,1.2091741469506456
-0.08274788724755883,-2.6104794131115034,1.8391186840005065
2.838808518817909,1.4283677420256804,-0.41966820499657903
-1.3320465444421743,-0.6890806751077504,0.8878214256028235
-0.3277798471253168,-1.4550071558204087,1.5781050669399599
1.6722559161093082,0.6769998613832338,0.3544751616651915
-1.1327370739525924,-0.005859919308093489,-0.15941580450998347
-0.444231841803958,-0.8293557106159951,0.13048267864666444
1.636428529566422,-1.1689446764031879,-1.0011833009390902
0.7437739225725488,0.2860908968171801,-0.9824981743174418
-0.4905384494550077,1.250292247166287,0.8570373426088602
0.21968751414153218,-0.7435478077830802,0.36934769976702225
-1.6633844311470452,-0.9021811417537774,-1.2352771418504198
-0.7492538337341638,1.0867041528307337,-0.24957961834595788
0.6328403746347352,0.28752170808463845,-0.18122020506293435
0.5921377573969271,-1.1263717104415578,1.9031744054673092
-0.8846130734897373,-0.5914740957411004,1.7969471974784152
2.441502688541101,-0.2890885530135756,1.7627247806783004
0.3389300424425044,0.2826482528392031,0.3719475005487698
0.7084244161299701,-0.46039274429997507,0.8758763542572685
-0.8880591186348795,1.442397620809145,0.3915676964269247
0.0018824889846508171,-1.1417289136150341,-2.2928156705384715
-0.04228824858130252,-0.0392280803231652,-1.4763612580441265
0.345843888232071,0.170430186611652,1.0551589213392976
0.6280437364959269,1.1274345623036426,-1.2844652648865336
-1.0181334153942527,-1.3904183692634215,0.5452768245839256
-0.11866854607858067,-1.2148468356808126,1.5851534341788482
0.24672844270784158,-2.073667503753109,2.263120513506873
0.5793704448951401,0.05169149859767482,0.04695927108094521
-0.6036464752159343,0.3914119561378323,1.3888424077831834
-1.533298633092691,-1.0259136405027292,0.9898428551571732
0.6771395542668445,1.434509785842697,-0.03733304244996724
0.9761513562549459,-0.16332279257289276,-1.1958786048734493
0.9055828813858796,0.2130587953858915,0.6751457630261626
-1.5099398000634603,-1.2511912532499925,0.0885350778540094
-0.020288463003550503,0.8134667667386692,-1.2388943530522742
-1.0944110978735409,0.8134415540629482,0.13034455711825627
-0.9112910991887999,0.863347154305917,0.671475848392659
2.6722756154916114,-0.21696909359874506,0.5188132314257087
-0.06122510916319111,0.9527383925361965,-1.988060340966889
0.8712608208635003,-1.3890047446187648,1.1054883910688336
0.054532605414673585,1.098490511371859,-0.5853025626058991
-0.35647966328958514,-2.079999991840549,-0.6840909163961105
0.29003010502484666,1.1121081074511083,0.688518370627721
0.42763296085919245,-0.20266417585266538,-0.921859711578646
0.11588876735926376,1.2009099868535618,1.282295790110078
0.6144526707515219,-0.5941910908318339,-0.5393410459360298
-0.17307952387546058,1.631155088002195,1.4431165400252628
0.991663083960009,0.3104285576577214,-1.2992431136844096
2.5985134046420995,0.49422873675558177,1.8604731155759464
-0.28818957052175725,1.9069054370719345,-0.04904063780682261
-0.2865544649188753,0.4447168605332663,-0.04091067951339046
-0.6995384955585359,1.7987655090172607,0.507265471882348
-1.5472594719025172,-1.5464292518602454,0.7474354122709262
-1.2406231924986368,0.24936905654674751,0.2787193835786047
0.21168899887948406,-0.21296610506692332,1.83811556863673
-1.2626396450774393,-1.2832603851103423,1.7317734379071565
-1.9364015998232236,-0.12202501410816574,-0.342334295628999
1.069916080190263,-0.5747646159190427,0.2812297256512124
0.12561493645753286,1.426979663208505,1.4711134818572134
0.48015371705200705,-0.4463196714063983,1.9575468168645072
0.7133330597203258,-0.23727796146853833,-1.4361312614464323
-0.024612936051780054,-1.7422387277626883,0.6206074589632284
1.31929557928937,-1.5022498926434218,0.15615707247749452
0.512578394067328,0.11572294230256133,0.2766133861804077
0.2371010407434697,0.9549633400960855,-0.371171133868407
-0.2353752931817984,-1.723493545018563,-0.07546966265312635
-1.1028421287098618,1.3179934870007253,-0.4304134182084983
0.3803922287701326,1.0190341889395906,-0.4248547293908871
1.41251377242694,-0.22120211715618104,2.5770257786122808
0.5587693842634407,0.29338188446534813,0.6379773216189331
0.22884721229109473,-0.1799352129272746,-0.5101070957186744
0.9405348841379929,0.14405866849786672,1.1715615316436174
-0.24765220210803585,-1.3063698629580256,-0.15345419073037403
-0.4433610145074634,0.13656119173490078,0.3453889080281679
1.14694127478884,0.8905868544723048,-0.5299605247636969
-1.451436019662227,-0.14643533758626745,0.8870192242003959
-0.651602382495165,-1.674562752404098,1.2269406638601525
1.0860609597496136,0.5578729576023864,1.5154953989228166
-0.40817251473105515,-1.0037678110468644,-2.4038513117244324
0.8073738211704369,0.2024363280351953,-1.182510942596369
-1.374664157551988,0.7623837968225533,-1.2141420876204554
-0.2415611126556604,-0.4372027703914129,-1.34748664153365
-0.8029787592448309,0.596390963350252,-0.5671708895796251
0.22146202244638638,0.3350044219426115,0.4239587596572775
-0.2795063144913876,-1.5804468005066405,-0.2486681907150615
-1.9579038137140041,0.4025719965346559,0.14595556187687103
-2.344859617508887,-1.268202252438404,-0.3984119761567475
0.8671520851892498,-0.9300926824284526,0.6201396789079396
0.6687849874976904,1.3717962002812005,0.5993621654778369
0.0053156267211369275,0.6407275623162433,-1.913222902436752
-1.1117294855804254,-0.9355121065509825,0.7916385886198486
0.06235662691778104,-0.11241165304150959,0.6111386224420068
-0.984012368588967,-0.15428662288669343,-1.4688503078278765
-0.41084763756719817,-0.7066702820977668,-0.3450283231222892
-0.5092263353722488,-1.5133541670141935,-1.3180073244144308
-1.5261122488723504,-0.9748223152376465,0.3847766809922961
0.4984058820487292,-0.3931180265721301,-0.03609200837170782
0.18963265100315227,0.14751357266346932,-0.2965944352164311
0.4350480794139866,0.5959332914013565,-0.874794424289636
0.24940100070542273,1.258254209160967,1.044958517698058
-0.42542816944006756,1.65203822479559,0.9742573246384034
0.09109288403199409,0.22176584925012932,-0.03078299953413924
-1.1221534434194542,0.6139023704165016,0.8269381464168064
2.1948337073025073,1.276155906235446,-1.3188295473623808
0.8402207797036988,-1.7080467262511885,-0.6583991882153433
-0.05516983707181402,0.09568903894156743,0.2153245655817353
-0.6253302555925214,0.11730748261904252,0.18008926550885526
-0.47623561994329333,0.8036887148257578,-0.478818150175192
0.49548368517894514,-1.4562605612378845,-0.8628359660299659
-1.658333714002093,-0.0976111074474671,-0.25798605164028077
-0.4561434283996259,0.06875433350682919,1.3316317324424118
-1.4668148049626748,-0.2769972240940455,0.5630261689214445
-1.6597180502102609,-1.8157964309605812,-1.0115119969830733
1.3047165002163974,0.06912737995464383,-1.4396351191338177
0.07148013040055172,-1.0825463162227684,2.403873343810481
-0.15561751032443613,0.47758459496553457,-0.5896548705225669
0.7622064399253368,-0.5466256404750807,-0.22034680959073993
-0.039400456690275414,0.7858326623118327,-0.5719805143749979
0.6530576532848998,-0.84915228324687,-0.7497946442353327
-1.0170427616070083,1.5752242376355203,0.09689731016921044
-0.7430858201155016,0.4667276840349326,0.496746606426736
1.2508769478267894,-0.2777498410386638,-0.35655667691190823
-1.5480105995872022,-0.07878265237736651,-0.33446654754591565
-0.8352644191195288,1.3091075645984722,0.7143946246816032
1.2316714765123693,-0.6326811047110198,-0.5089137985667862
0.16753399261949062,0.9194857094279274,-0.5242913035554452
-0.030472296243472585,-0.12566193661692615,-0.678756322037244
0.8338897752967386,-0.8388202828701392,0.22118670844672542
-1.4013225862662326,0.350162806190761,1.085524732813773
1.9795859959288598,0.1722084148811168,0.4318904587756739
-0.09825247235140055,0.10996934261723258,-0.4215200255991327
0.4425227910688893,-0.9278814001030354,0.3558418609381011
-0.6769016982762326,1.1645473428095685,-0.6292540874613107
1.2920933875495297,1.7425496718101459,0.6107579814023841
2.0172624200952676,-1.1076742551952794,-0.5915535533642722
-0.7390170005621708,0.3785536096802007,-0.06110550113228105
-1.5336350270962675,-0.33396348142189375,-0.4772072754167461
-0.6998279494876716,-0.891554018260292,0.013342895145175206
-1.2871639940612718,-0.07609128279448642,0.5917144561772344
-0.6198111739381573,0.6510295008169773,0.8068736584491746
0.4112486193553727,-0.5679837246687197,-0.5332039862945727
-0.16437970870966698,-0.7858193812703066,-2.785988146245092
1.9904697629416839,1.075573781892508,-0.078950958978761
1.0713206836799625,-0.7123791938229624,0.14462564539993042
1.6763579151323893,0.012625621350107063,-0.2932553470182784
0.2721514747704049,0.4346391294982287,-0.9667930191377617
-1.0025338635367151,0.6068761541555086,0.4849583164402959
1.7719200172477825,0.8134678078583695,-1.4295426479106959
-0.26413379493381733,-1.0952886133270239,-0.6752264935997015
0.32367383753949514,1.1163974137153139,-0.8621485692177279
-2.4022578229280214,0.3897759328540502,0.33383775449404174
1.424329711410854,0.906883054184375,0.38878877793905825
0.0946979349940249,1.1528107234547604,-0.49546910655930687
0.8724551820968822,-1.8236880256692902,1.0712495973811484
1.2749384779294899,1.333628374686441,-0.003962212345768429
1.6682135021886921,-0.5764569857787094,-0.621224526415854
0.16828168605023797,0.571447270233766,0.5027404566531533
0.3718438320828649,1.2952514929327683,-2.1861892859141507
-0.20385259240688205,0.8001695068872697,0.4963340845123314
0.1614985159624166,1.346755548485705,-0.2636156507630249
-1.2549595539186817,1.415235436982394,1.3129629043513127
0.3010614250330889,0.10067835064194623,1.5913789419666755
-0.5343189572615707,1.792185614423344,0.39538959522385947
0.7701022794512052,-1.9166330323731056,1.1007546630068599
-1.5831059186715233,0.13517662328471572,0.5124052891715221
0.5028395062635095,-1.8536781806592464,1.2760569757570086
-1.3986647612728726,0.31332465784863067,-0.1520460898854797
-0.771625927123727,0.7971118760115347,0.17271718304365838
0.31706965339337867,0.4184971503303718,-0.13172996131882284
0.7207844568210957,-1.3196147786522048,-1.190946379999798
0.6400477763672333,-0.7718269547001994,0.9403205882498158
0.5900383686414423,-0.9993285214927008,1.3693246370761742
-1.3561371914061497,0.8154438306462138,1.3547836267567495
0.3446209942977902,-0.55836188819269,0.36326316496869593
1.6879119160406706,0.08073064340392265,-0.4097904790934019
0.2198894646490406,1.203363306338159,-0.6423305589252674
1.5738169905478645,0.5261862220256563,-1.1107129678308725
-0.344218621960438,0.8173307531271694,2.0060975044898193
-0.7751631051556734,0.38560853715906285,0.7920720893939001
-0.20647998038613266,1.6254132801172447,-0.1535271458120403
2.018881679646701,0.0889578448774415,-0.5015112008910291
0.7132756386059799,0.09642637622831983,0.5505132506681684
-0.27322705938789316,-1.123373236047021,-0.22490496504190657
-0.5213743332525983,1.1098026127798126,0.8679494286378833
1.3332757516412208,-1.7083000912948674,-1.546392448481678
-0.15545044808318784,-0.3061340667301086,-0.7088185994954328
0.3363965060368594,1.065074574368295,0.14532171638296718
-0.8595522855823163,2.310966340175714,1.1831477176104128
0.3122205978546834,-1.8610975856463423,0.9201253691452728
-0.39900591944069924,-0.7777093170713244,-1.8156008290413124
0.032694923983835944,0.21905171636874438,-0.055471421383418505
-0.24954126656053158,0.47066409832526923,1.0198071097722192
-0.8024965375118607,-0.012999981367357069,-0.18682191696950276
-0.7962067070064562,-0.2944942893220501,0.274426329895366
-0.5760713576452579,1.1170297403925327,0.03308007997147678
0.17296700111422733,-0.4584047331327604,0.4727184792678514
1.4559968266888317,1.2926087004034077,-0.6004901883284414
0.3108483881871258,0.8787295965185408,-0.5586217213511924
-0.753689184307972,-1.0588269211090569,-0.9685448915828968
-0.8510790860807943,-1.5135780131702128,-1.9171147134024877
2.0699994409023397,-0.716203871135877,0.35340921626871136
1.0399976616412878,-0.5831803777605844,-0.29568916877767665
0.20801681024916044,-2.0324081132732763,-1.9431528711749975
-1.0911988130918895,-1.090885872209759,0.648521665066532
0.06268835974220255,-0.14292795196395658,-2.168841738736694
0.998432535332222,0.5225907110175733,-2.348265573373638
0.8935697672540525,0.5539327684628708,0.34977800275009097
-0.007846211700921795,0.24367290886320503,1.137215258136351
0.09244765142829318,-0.2892148960817647,2.20993516433742
1.0925221409847359,-1.5452074158739746,-1.2075042696530789
0.8145884410343084,-2.247723305697512,0.12215566257629333
-0.5870020009083097,1.0648556688448207,-2.1526141700453176
-1.389939240476255,0.5039788585714374,1.014019066859074
-0.6813339787158378,1.9651322420760837,0.3165589966540748
-0.2788362167061818,-0.8405216197554998,0.25262245602239974
-0.6973810784297038,0.16293609202527942,1.9918858371844772
-0.3386257813952281,-1.120588870335044,0.5068300689709494
-1.7885465221704617,0.8093724530391143,0.43426413061746394
-1.390874451533647,-0.23528270888382252,-0.5982568614947078
1.1300338758042952,0.11689215842681783,-0.10041414181410632
-0.03541052267200337,-1.1482828287804532,-2.4847138415204375
-1.7995872707476515,-0.19451652494101584,-0.765131553181379
1.3987492758948046,-0.2754369068151542,-1.9092128355837277
0.2832269763464154,-0.9982702088407527,1.9113337935195331
1.0731194693374828,-0.1138717274894261,-1.3609226506718963
0.7917725905665312,0.9093970910055187,-1.4666430780597088
1.3902173000971059,1.3185182387118464,1.202426549494948
2.1625635810683566,0.3125689849680147,-0.46516587596273
-0.9541036885952144,1.0606161882345022,-0.6149069349828762
1.4383334391581992,0.7893993281949956,-0.8486079303135534
0.1292000993525459,-2.192850348862087,0.25361555760611276
1.0321932108886596,-0.5475694784832466,-0.5084097808775273
0.5951145067557816,0.4899571992740509,1.1746931774201617
-0.9840186404045261,-1.3657152977674778,-0.32305610036333426
0.10703349495088671,-1.0413325630723256,0.4964951340153338
1.4177744800495855,1.0072460456376766,1.3402934215646836
-1.572794503625588,-0.5640552983968543,-0.38835812726910685
-1.5298813946683323,0.0944781540381255,1.9750363413191245
1.7543873074550018,1.6673660000934991,0.2235264062429403
-1.3593179472635568,0.4243623434030493,-1.2054034071992779
0.7559670413838551,0.07488560064005802,0.6568184027120818
-0.23529430370175736,1.097309133170027,-1.0818462147135917
-1.171097506115952,0.3379320953805657,-0.07636491124978337
-0.4277603040964551,0.13299921384423505,1.7706867479814588
0.423486421756955,0.8093564172517735,1.392179917195928
-0.4459737704271853,0.6339844301873483,-0.880219730714727
-0.06466055985142978,0.7635717192784839,0.5810934543895996
-1.7533020236466592,1.077791853298747,-0.4518747498600293
0.6134186136835511,-0.00575885835843896,-1.3557782123366064
-0.21617283130081974,0.7113904351573161,0.39788837388545595
0.8526816910153086,-0.16953184608358376,1.151057814962554
1.171573506721314,1.341551028301227,1.8422266962002753
-1.704451557092992,-2.4899758122842965,0.009856285979956999
1.1181588203921926,-0.7818006762476258,-1.6714774898421618
-0.4642666640229286,-0.41504674539442166,0.599744948873979
0.11329161014061696,0.9579216247366904,1.8471086617171284
-0.11285110751370012,1.5065663395992843,-0.2699076875356418
-0.4942275968597317,-0.06537554344144121,-1.3930639647291247
-0.3964133527381695,-0.13577104929669212,0.262497990405305
0.37423702197946135,-0.2723463857091181,2.0750766750357426
-0.4061196768490983,-0.12353332983929484,-0.36448614736312757
-0.15599702253526482,1.4730540789629942,1.2039989667144868
-1.3669823480702064,1.1504036452161568,0.2546885867405503
-0.3791258858375008,1.0449972783414936,-1.7540277329238296
0.12267018314129777,-0.8703793187182862,-0.14660379583431832
1.1937419754685825,2.48455058650374,0.5805635087922909
0.4123644402853311,-0.8218959973821734,0.2653156669475301
0.30378908018986805,-0.8198340712446758,0.7015606307006493
-0.16962677260905312,-0.25995365784681285,-1.995492198189894
0.22288721532633302,1.6447778916692188,-1.113073419151605
0.5720388185213853,-0.7729550679053965,-1.7113770173359228
-0.1585137239745394,-0.495307750579496,0.20176758044203089
1.3470559194956397,0.6076566163836981,-0.6609712137902577
-0.8187904550588412,0.9078385836249863,-1.4029081610078336
-0.931052003761892,-0.5096847354742401,0.4762305141828478
-0.5488196676062779,0.6646684806582149,-1.4118291747915195
-1.7823405029324078,-0.24025630237254703,0.4823507419518848
0.5577010537540988,1.8840205803400953,0.5661240816965666
0.02288400552719534,-0.7589158261094456,-0.6402160250549095
0.6475185154270927,0.07927814290534557,-2.2751369969962085
-1.605242388077139,-0.8159106859846419,0.0925023353973105
-0.9847739932377044,1.3602122854911005,1.7042353190686113
0.1231281655531434,1.975713151393235,-1.9187434958358047
0.19412290785404926,-1.1539153091843248,-1.612300489442312
-0.014581394084746423,0.09110803708724761,-0.3442577938502988
1.0367292654828004,-1.389792161874796,-0.4773676324548079
-1.7364509412090385,0.28119473878791995,0.19054611672472185
-1.2417241034504451,-1.2577598937903398,0.8222613733976424
-0.36867904860551154,1.5463705450598162,0.4828200584557403
-1.1964248028181197,1.0214240750476875,-0.8915640384456857
0.04935623396109938,0.7806424306420442,-1.4450738294483267
-0.523823342041517,0.33670693396421375,-0.6659088744244713
-0.37587787451573146,1.9326875204760363,-0.6455350861887085
-0.5707227013170031,1.6698062308956394,0.3787638722798494
2.9570187960946193,-0.7728526622248374,-0.0326811612326333
1.4841399287385981,-0.596799650105848,0.29083981773908696
0.5704861014621944,1.5163938554098615,-0.052450059338670176
0.06278097961876317,0.3918943022065666,-1.5169049371187542
0.6449751672411712,1.7837419083432502,-1.266534672882346
-0.4420339787026763,0.13598953746990905,-0.8284218001201228
-0.38196692139261706,0.7136938062468524,-0.08255614833130913
-0.8168214998968798,0.19444272109625585,-1.575924059412526
1.023808520899543,-1.4150109950015313,0.5051330737273959
-0.12528838634968617,-1.3900487238751649,-1.0669816466834012
1.87159524709479,-0.0037149867623819544,0.3132303241093166
-0.9599580671619374,-1.0461943667192564,-0.018440192696763686
-0.06279508230653699,0.6200569108295296,-1.4340488546385448
0.10553164662511226,0.6905539096841747,0.8800682623073189
-1.6080063540379692,1.2821445239281486,-0.28934785352626874
-1.0392725603043562,0.7290048552464934,-0.1500192126465508
1.934663471986785,0.4325037550609316,-0.9595223134560071
-0.2800348028590336,-0.6197333015708174,-1.4823473953484592
0.033987928049387696,1.2858266002372791,-1.0692187512617353
0.722925250353003,-1.5176667330386946,0.2911620825268857
0.3878369834371154,-0.2687311237139696,1.776036152229366
0.1143830070373536,1.0513713706156773,1.9494323777774725
-0.5120037635591596,1.555706117617513,-0.33252685755360306
-0.8649691968235944,-0.31622350261244886,-1.2615729026624758
0.6862583833114986,-0.26340499854882965,-0.026823406045026445
-0.2262730944948986,0.9055003604903167,0.6659709134336519
0.6556630181985658,0.06247346109535727,-0.15949700826643493
0.45469323461848227,-0.9140786613981269,-1.3063523414518807
-0.3360424184816349,0.9886131827539686,-0.8259285682951127
-0.8067563234140298,-0.0791618023023637,0.6430518027335016
-1.2695440534582443,-0.20103686167731422,0.6183715935296341
0.8366253281265683,-0.3821335193299258,2.405833327527147
0.32676893147119934,0.1323108138726259,1.4948351179177495
1.6163202144830382,0.7511589781617416,-1.6766519118797996
0.20708683028385202,-0.2262504736439408,1.0517860293086996
0.32914582087016975,2.72939773493054,-0.15492617207055884
-1.5500222675990611,0.7164050361873404,0.5173571237929058
-0.6973003535308108,-0.7957323729158754,0.2067518357686642
-2.779173515531222,0.5401855309821084,0.44314184720877897
0.9768544975948141,0.500023591838485,-0.25510385533450325
0.5054725067222174,-0.09854282276540173,-0.2612084539327881
-0.15261471915549696,1.1458231325355774,-1.117691999681953
-0.31320141354036146,1.3908180979860931,-0.18617745424539348
-0.23596682108645226,0.36164834557016057,-1.296131850271682
-0.33439652272722065,-0.34196389979661723,0.8184139961091295
-0.7510199312115584,0.6798500672705626,-0.6688225254046836
0.5586714763122593,-0.05423221999829045,-1.6067135170542113
0.6740006157531957,1.0240739269382089,0.3958728279922312
0.7177830564096382,0.23930479409477565,-0.7083070284055601
0.7872046247953018,0.4210049694988084,-0.8030796054606311
-1.666112045860953,0.13794745559176108,-0.029900596678714874
-0.20474601469574455,0.8311603503983462,2.5590074610315936
-0.6421515646193368,0.7746061341582247,-0.5914135810338604
-1.226045912226127,-1.1761983369372886,-0.7393067946579432
-0.5468649409122546,0.08426446009069309,-1.1751498739882114
1.7659825485971494,-0.37663464590700446,0.483439686149725
1.400803309895197,-0.1005169177118078,-0.2837278754341725
0.5671956721629046,-0.5972611497688659,0.01668745405993433
0.20342582210587798,-0.9073324009952797,0.15192075451476952
1.4118578445064474,-0.270718516349419,-0.8452614906170158
-1.60770164677124,1.1677701700854586,-1.11263609284754
0.2547146092959826,-0.8470555996983027,-1.0360587390508829
0.8134769064678353,0.8829810538696006,2.0423084390008017
-0.2724001010428991,-0.7554256135760264,0.8865940896161806
0.1068465975972138,0.564393566573339,-0.26578615952858764
-0.6340782402272233,0.3925571452721292,-0.1468162954767037
-0.19781339997554623,0.9117582371731674,0.07221952976217892
1.9915527873161607,1.5060068923598504,-1.9342357322909713
-0.9183461653228893,0.5800105665260203,-2.2114591589116968
-0.9463201372073679,0.5571146800436173,0.7716228387566718
0.4577675239450693,0.47072055107692845,-3.013612833706309
1.9190234309176135,-0.2929856411150765,-0.853701356421991
0.5304417509898907,-1.3469260437041417,-0.6307138077463736
0.11761302896250367,-0.4113815889071519,-1.3238807812003024
1.951401515033034,0.3677051197039678,-0.5848767174631488
1.8656627216137074,0.6356503651792601,1.0802356823980623
0.4122613398361343,0.8356041085750737,-1.8697575250211214
1.544461711672716,1.2855603686323114,-0.1272953562884226
0.5629716651460074,-1.3700650676139488,-0.6720360116667308
0.5408498713842188,0.22376022715273805,-0.743144800089137
0.8019033680169325,-0.8207198912750232,-0.32293462088361125
0.6130120495009329,-0.7582359681957395,-1.5911240361225967
-1.6565355948468778,-0.4520239082059095,-1.0703584272807216
0.2542963142093116,0.8853818962948129,0.43772248297575234
0.7873742025415527,1.493180097413273,-0.7856281658599866
-0.038073285483807104,-0.46973605699881626,0.6258009933566927
0.7865492440121136,0.4826833859900869,-1.7434081945365016
1.3710783896229761,0.14464956646408875,-1.8953726061397382
0.26030736622163264,1.099160958997771,-1.405358243121992
0.5843443014585779,-0.11307850706815814,-0.6292795086513939
-1.650388883115801,1.1579433185740484,0.38107553619298623
0.3423292388328681,-0.8453577364109137,0.6918588724883217
-1.6608238682397034,-1.0809200961766654,1.0801904660986035
-1.8508396032488215,-0.3277534423545046,-1.0286184508606495
1.4199449733802534,-1.0327066720215128,0.9526244682617195
-0.048267210395352894,1.5362082449165422,-0.3742761909673846
-1.2747520791669642,0.5267542778010239,-1.0455635742625706
0.8264693745485793,0.8203205996992614,-0.6060343703803682
2.8706674310205775,0.23581790732531674,0.167981811978363
0.11106873965365972,-0.6043358963878304,1.594096835855476
-0.6449415661578256,0.7471402037611319,0.674647841382948
-0.08158877608060887,0.34251234180154644,0.7695610135472133
0.6299974951416576,-1.9507450103677388,-0.18136441290133928
-0.528574234041789,1.784676452179975,-0.7607546643265742
-1.1828922496866003,-1.0137351049586907,1.0034951407932755
-1.4591486827264561,-1.4712645818174255,-0.35081730916770587
-1.816295500685056,-1.5608217339573762,-0.9116183331512075
0.729091726723089,0.16391236236388668,-0.03432870566432415
0.8446559015978676,-0.7721155966124598,1.3694309304779764
-1.1921178151474008,1.3660768900104632,-1.2991753597830977
-1.081040618399655,-0.6808935299670873,-0.040491188886969384
0.31491914713751695,1.7306872423616262,-1.731783792477641
1.1492819045194438,-0.29473146630042407,-1.1802427233976556
2.2889964760039776,-1.508204354231057,-0.4714749825448494
0.754192564741853,1.3526634296432543,-0.8008839678514639
-0.6802213689548263,-0.5770919843733953,-0.17863045961261895
0.6549566080691006,0.6506190703828523,-0.24796560394976655
-0.11785571185306798,2.6958716793511055,0.19803732141853275
1.6386051885756066,0.9805017362054069,0.6796975005790381
0.28933198686670275,-0.8716496558374702,-0.7690965905935455
0.22249360519311442,0.19633732620511746,-0.08270505527960248
-1.679352868322278,-0.9865466815773078,-0.10088601646731
-1.4053773567649024,-0.554171503173564,-0.12269328432281194
2.259282438503381,0.15846712178192116,1.0288546403776822
-1.0899389727745046,-1.366217257177986,0.4029213015044195
-1.1360861241827043,-0.5772836257106504,-0.7731359485488176
-0.710211971888996,0.06518124373420085,-1.6997743387617377
0.7563613964881866,-0.7026467240403591,-1.028587698614789
-0.0686220326577757,-0.6536302857032517,-1.1495586774923892
1.332843119522437,-2.412084094954354,-0.3595616046582263
-0.6974879909268348,-0.3809039255492094,0.692242713550611
-0.09909748624596676,1.7970565982258977,-0.317372407829459
-0.49878539985040105,1.3324820429778177,-0.9494290064198806
-0.6596744673972273,-0.4915615662028216,1.4749416166083174
-0.3123038967875576,1.8905474955032895,-0.35031434095804087
-0.039139595380654944,1.2500985391710295,-1.217714752522224
0.025010303822402855,1.4358786754053705,-0.5738392339323629
1.8401347411429316,0.23016679032582815,-0.5332632303183643
1.7456352890413958,1.3092476257075343,-0.7445924957870872
0.09742227683551045,0.4221520544712794,-1.3258715781984987
-1.7105521357635887,-0.8055394850517155,-0.43961152180056734
1.6434544773307354,-1.1039412120578063,-1.3793440964892518
0.5934915410824001,-0.725578288529573,-1.1029420946577715
0.3912016981454867,-1.817305386098638,-1.1601349331016393
1.77810674355362,-0.04180408177626078,0.44958844382022695
-0.07321068428453421,-0.02231262742136741,1.3381503135126995
1.7221329725244325,-0.22902608495917218,0.44812611401047375
1.4466557535183107,-0.46901932084169323,-0.40442418718426765
-0.9998309416972943,-1.1016316715591827,-0.4552887867840536
0.11285565544848852,-0.7484412003121922,0.19684646660697916
0.41658386985531,-0.0198804015654955,1.2027770734069294
-0.9462456266564953,1.2517207670712287,-0.20916095238810853
1.6340639527821155,-0.05231415071527694,0.9896060145683786
0.24020823345084572,-0.995491428031936,-1.3730595632802782
0.8279550740965089,0.2403643267365081,-1.9425581452837168
-0.02514016690607825,1.7586643097059134,0.8648474519368363
0.5722599405989522,0.24059294050152605,-0.8509021821291228
-0.08997839138844077,2.0085968540575623,-1.6412935420514916
1.1356541031157947,-0.32753790000295263,-0.7483683514758989
-0.018467210054553568,0.9634357451461202,1.5710064348087427
-0.167556928358837,-1.2501285043625916,-0.6409740305800604
-1.3887571431950922,0.5256134925913655,-0.37181026619096547
1.3598486124876137,-0.5700664729319318,-0.18046315195814702
0.38916208524817497,-1.2787193785403579,2.1268931083790936
1.4998726233800241,-1.5334219710937864,-0.5965947977783017
0.03297430612251558,0.7693662047479078,-1.8113759962127207
0.21786660020426907,-0.005759632968610299,-0.44073326813130587
0.5736033665052047,0.6141963273312316,0.31956312819265636
-1.1961876227807544,0.14451157967325223,-0.6375118512551954
0.7171727221759129,-0.026827814206004195,0.9200909218405083
1.524566280464153,0.011296363518272508,-0.9230320841553818
0.4572886375031993,-2.2253340960288703,0.1823866172753265
-1.1829891754972952,-0.12289451752613975,-0.14387178265868936
0.9126036057334168,0.2684930949028085,0.6087725043847907
-0.273490705844354,0.06384682733813056,-1.055923720325624
-0.14029830177457392,0.11656715042815845,-0.07455871261611022
-0.6397904099507713,1.3543938630311994,1.9740762428175354
-0.7817077514714748,1.9970493373107974,-1.7844625221958725
-1.1179606964173074,-0.7718699376658477,-0.4302164296240547
0.6815764271038803,2.935783657772509,-0.229785771017611
-1.3118964926518124,0.618017388296193,-0.6271810391772983
-0.5919425914248997,0.8739874851163085,0.1248586468729531
-0.31467362835920426,-0.5073266001608714,-0.3011110869479091
0.4032258837040958,0.9229771390941359,0.7961789944194021
0.22930823944220297,-1.6543887574538372,-0.5896850498591248
-1.3463532860216596,-0.08268395262763077,1.2974450222383094
0.5091330260445642,0.1431715420324567,0.5566952509134254
0.740565931115686,0.6204001331893051,-1.145160890492164
1.6302765304397715,0.21448275493875488,-0.014772074858266274
1.1834102178997798,2.6301645844062245,-1.0147806363727792
0.4207768690426802,1.5342519289413847,-1.6536623145788234
-0.5416026429935804,-0.522229717103804,0.4380205515685705
1.5047853229463029,1.6555938250639173,0.4490964399700331
-0.6948272437694941,2.1619835169470774,-0.5840625832862207
0.11219777930051925,-0.7346933947891116,-2.994558820340378
1.0264148470892374,-0.8476861226122541,1.0866068673626812
0.8982575009644844,1.243489604989763,-0.9190791280557735
0.34038080451927616,0.6799788502034543,1.8103441567277645
2.005395651709172,-0.5038903086645935,-0.20310804357238268
0.3568351250097539,0.7491219528077213,-1.2752009522012042
-0.34114454748746803,1.608168030246647,-2.2912903593324976
-0.20096392413967876,1.4052198317627906,0.4434491204722134
2.1036065595917792,-0.6683293896868451,-0.8584149385760024
1.251955262633362,0.08443060580827878,0.0018794940387201115
1.5924489183782957,-1.7886399832509823,0.06004127012599241
-0.7560719361144302,-0.2564390524348469,-2.0788618866328124
1.068241348330383,0.41940212136350935,0.12798324782322548
0.6699147733801452,-1.0005802740956018,-0.8777068999655899
1.2367693252206284,-2.138099645615898,-0.5801056098700694
-0.12695450621825496,-0.7007499900734913,0.9708493221201616
0.1927362762938933,0.2117961196323464,-1.1908824343994837
0.5577697196709777,-0.9503092691242148,0.924693926884694
-2.099758604284513,0.9725060794496461,0.4586300110144054
-0.85221996784352,-0.9151567363601808,1.3156294333113965
1.3221205930535265,0.13512897789070893,1.0771758347201101
-0.729659633239025,-0.7794921298418286,1.5680820881323125
-1.074096157531273,-0.6312399880825822,-0.8005693349824216
-0.05478321238593632,1.088692214037366,0.11617330068359952
-0.2552593395330989,-0.7469701813594781,2.750408578206324
-0.776350091834295,-1.2748377616892066,1.770770161402021
-0.005647403011157406,2.2463283927658755,0.7201462091733587
-0.5792699255737738,-1.5624832608734807,-0.35902814086788776
1.3823438353126265,2.0544530935676577,-0.1831930892264693
0.49424226067331734,0.3230086986473083,0.014371341528568908
0.3442820591511236,-1.320428443379245,-0.3907596561306747
0.7641948119012586,-0.36786573873537504,1.8865793812428178
0.8314866676966469,0.24232896577078306,0.03360438560183003
0.4738015506328204,0.1944428916666029,0.37601847333370275
1.5821789046096821,1.3706494853576632,-0.01539834133670259
-0.41523636732971475,-0.005420596130850991,-0.6658563213116461
-0.21225043667662113,0.9431591983207591,-0.12198059144845803
-1.022912443721263,0.6383644429980153,-0.7355270042068606
1.0597784635404228,-1.0445245664433926,-0.6111589313406439
-1.4490849538604305,0.21406722573583825,0.0363016516167149
-0.7624539843941238,1.2189847489381906,-0.6457225598041185
1.857222981699455,-0.06526837220009184,-1.1520278688538428
-3.2570785787950394,-0.1943215948764909,-0.04802026162434831
-0.23612580268135253,-0.8866427950496888,0.5841285163849669
-0.8809946052267336,0.24016366153963983,-0.5372083058676056
0.23940599137427612,-0.34664514625387793,-0.4536825118071998
-2.2326795027777195,-0.6342663934410527,0.9903822371702401
-0.7686054383658554,-0.5637045838716653,-0.7167650569399105
-1.071427195628958,-0.8107233464617595,-0.07454712827716879
0.9656297153953889,-0.4150565079219621,-0.9113528515420065
-0.14363296013077928,-0.9895096350196512,1.1516030493852385
-1.4148286007647561,0.1918545635381801,-0.25269145618120376
-1.0758957045786202,0.2134455011154738,0.5834098363902583
0.18692592936915395,-0.44403684506639723,-0.8814076008175868
-0.7644327135760994,0.47167282185994003,0.09956952890125458
0.3340621972792917,0.02454554202738825,0.6427457128071482
-1.350448137717936,1.5667858507221777,-0.35375835099194436
-0.38386013030833716,-0.5279993559260446,0.2081219532283314
-1.3023334635112893,-1.449516417061806,-0.45079941090966325
-1.2981160213987257,0.5253434313925845,0.6866429471734169
0.8259562630993204,-0.5755629615641291,-0.4153550827881069
-0.25977613892304086,0.5396843617970799,-1.138110159974621
0.20716366493094507,0.3250747289329213,0.6863416643788919
0.5082842904588709,1.1731879328890502,-0.4222180535209304
0.8367629290811199,1.442173821735102,0.5751356765135281
1.3727634151124068,-1.4253764195751584,1.0215636663336032
-1.7189851298812182,1.1236005527126067,0.6742120738179668
-0.21835377698685715,1.4725485530687203,-1.1103489477298087
0.7895625091654501,-0.5515816682985005,-0.468948754942437
-1.8383410330098808,0.38652097047465594,1.0559115095435117
-0.36771706675886684,0.2981646518441161,-0.2428246107846085
-1.0615179538800947,0.020620581465758153,-0.42916616520108036
-1.0510182281688902,-0.3623479586975719,-0.1960491848895961
-0.7289795742491487,0.8833824951832207,0.5973139296972116
1.106655107545772,-0.8210873002932255,1.569233363845788
-0.42527846965238025,-0.8237819911155273,-1.1223994559641677
0.9180600606641528,-0.11415349204558478,-1.306074302970349
-0.3048821617067334,1.1598114209341557,-0.09339809689909336
-1.0325312200445569,0.6279515814893194,-0.012229271620747571
0.36623993805407534,0.9593348696267201,-0.3363238504158711
0.6838277431026059,0.5017665904099313,0.6827182552329581
1.0709970145740346,0.5815884601637124,0.8542648510043186
0.18929021613451505,-0.5517326801603093,0.6960085161816247
0.48887522784268334,1.505356266008156,1.0754742308987517
1.226313656640661,-0.602826529947253,0.7546900895374757
0.9707331504463638,-0.402571831174706,-0.1536577592652825
0.8885739283422593,0.4499074169302606,-0.38001323265984116
1.0614295974511896,-1.1866538325846392,1.2856114870720923
0.406898357167609,2.073964004073109,-1.7994279453661186
0.21073850987706655,0.5455007723332538,0.14474683621071624
-0.0769549535366816,-1.0723983670848098,-0.1667109315723656
-1.89687886778657,1.5581036965965231,0.2395760649147621
-1.2494076173934219,0.21164201866118534,0.7405813616969704
-1.066546245197111,-0.4937549426878002,0.8740802002045607
1.4263232850849077,0.24588693610572013,1.3334484011566001
-0.7233603802151621,-0.5211274904611258,-1.5101283604579445
1.0912806154868715,0.25555848586570973,-0.6297211565219462
1.1905610152342616,0.8581938489419709,-1.1377682208401492
1.5473240567773963,-1.485019206905059,1.2791849817591177
-0.13802622078429433,0.2306187029227142,0.16335009103537979
-0.27645055490463216,0.5884230173777336,0.04067804800440765
1.173859078443512,0.11190378778252294,0.31131127162758027
2.1121076685148927,-0.731264791348637,-0.5922328935837712
0.5057453829177476,0.5135609668653343,-0.7061893435584051
-0.6694916124485215,-0.4465744062810895,0.7105625653354659
-2.0078692923165935,-0.5585368585472881,0.44781253779470775
0.6624391090803453,-0.35053837726962594,-0.35272802584040114
1.0577316909717105,0.13754483028603914,-0.41781844843342786
-0.6549974170268591,1.3120602642636678,0.18931728606694548
-1.8047452424949677,-0.8318315277342726,1.10443031341014
-1.2082555942471347,1.5280629849295004,0.666384298030365
0.7364164610868499,0.8463332737459489,0.4931979937866038
0.3758808901641194,-0.931070172484743,-1.0111082268826916
0.27456896721184343,0.10375683052204265,0.891425531304198
-0.2588744733517714,0.7405831929197723,-1.7930213771012182
0.17766620033189395,-0.8992166265466524,0.6717612630814449
0.7023929140906103,-0.5918421105510646,-0.4636503550633595
-1.6407202610363596,-0.6993790015254518,0.8034039918273126
-0.7841793280946169,-0.5898747729705122,1.592144795615216
-1.234412423422933,1.3680942925036224,-1.5587308752048787
1.1891803467943645,0.8300958444939305,-1.011864564413703
1.0575729055599281,1.5181896134126132,1.3612619244351984
-1.2589383299890828,-0.8548851027944369,-0.10256400234185757
0.6117402682707588,1.9597812393787835,-0.21171077954548861
2.3371424529040836,0.5240944935148467,0.2317234533938894
0.3996725300994833,1.9713569442778858,1.7829647835500861
0.8970145600827526,-0.12182733291679858,1.5011550002468748
-2.059457574648829,0.39561312909946666,1.6806949238432267
-1.2035191366490252,-0.0268783775291557,-0.2363826344402769
0.627677313547431,-0.1962696097203197,2.573886169619355
-0.4921536364719477,0.7697426210678763,1.5601986589807992
-0.4179545508722914,-1.0716776979425144,-0.5859388264909094
-1.075038489792814,1.463496966777308,1.4655175377491858
-0.1494070385136664,0.5288924364296627,0.8544966843814402
0.13439231890934508,0.6852822266697556,-0.919756265265093
-0.3263019596088485,-0.5572271068834347,0.991877544462806
-1.2409969117627422,-2.166273298551728,-1.7865646774494646
0.9506831636405939,-0.8187229790078806,-0.6551453102673749
-0.3281281705162504,2.0336393235701085,-0.12622411764624022
0.5552311474148032,-1.144875075011262,0.1738800669685663
-1.5361005779190933,1.1073842380903336,0.8919725848922696
-1.1161096701507331,-1.043224706768194,-0.03964265772018992
0.3737889267568613,-2.0908437580934605,-0.6013857431727869
-0.31558418924064763,0.19779520224674946,-1.439847799824062
1.7005603497026178,0.036817570445355684,0.5983032959309564
0.2118255422955371,-0.1784917237330003,-2.150598039907353
-1.089276069642786,-0.08766743018112329,-1.1788107746409637
1.306992011189703,-0.23508697208861612,1.0242764813821579
-0.748056809649714,0.37450801094555575,-0.1405542347204853
-2.199783817527066,-1.7093105730258376,1.2998547282576514
-0.9273053312047458,-1.1217446035328307,1.173255885269718
-0.7677694485127035,0.5577413851661319,1.0377758792945058
-1.5181704826265072,0.4132145917013448,-0.16321612732201507
0.6002306684748265,1.0029063801021154,-0.0644064242744464
-0.15796029904800057,0.5827245978577503,0.5937280754832261
-0.7778081232787101,1.7662175627865662,0.8141784249535658
-0.7567094813560012,-0.6145241584668403,-0.2432481965736378
-0.423473444995492,0.5041621444678854,0.5644381903261542
-1.6257736990086533,-1.4856452251715402,-1.0797118543178301
1.7495553810325817,-0.404429728438792,-1.5148254916358777
0.3954707496396992,0.6364935529375956,-0.4085240503346984
-0.5429113807955254,-0.04998427363286557,0.4698781995424412
-1.5595310667139133,0.6405344001180493,0.9192579652899293
-1.7789866189165544,-0.9355918780350767,0.12680978886597516
0.8879870314053906,-0.8486297656757381,0.719276982607552
-0.5701164779886722,0.026139747288548468,1.1920490975863116
-1.108879519171535,-1.0315248349226696,-0.1535156330535797
-0.1306949907194495,-0.6195128067922259,0.0321830611044943
-0.6059866948513852,0.7462187781476067,1.2773374563186124
-0.04362952768278602,0.3960461609540615,-1.3821700292298846
-0.5621760894044338,-0.5891437344726189,-0.6962603894347696
2.513027892617969,-1.1337766633696784,-0.2352982747292477
-0.7874056354662842,-0.9008245316851787,-0.7154380933126254
0.6331452746454244,-0.30724365878516,1.5629135122300535
0.6134355109394491,-0.5815999299160582,1.9083525196948172
0.4215039518595487,-1.4405236843837745,0.1728659318480796
1.815615082425966,0.252817530063366,1.5750505677938542
0.14195907986822615,-0.24120005607384035,0.3729212419567233
-0.21225308826357658,-0.3664234495923377,0.7597813694601477
0.3826811951360688,1.5877972867963328,1.321375816019725
-1.2094544373958604,-0.9862066701057892,0.10320425872875946
0.1978068529492749,-0.2595712256869713,-0.9274271178935501
-0.7103307274571282,0.9121863913590664,-1.5705290459402192
-1.9801265971115525,1.217901181221735,-1.2437719781328924
-0.3676250569351232,0.03426253561653214,-1.3810227415598277
1.0445097946103938,-0.4958562314000156,-1.045129896605939
-1.2998339415201046,0.08672976018097231,-1.3798370140596803
0.4243320843680439,-2.211405264635988,-0.7014122896703952
0.4734536218050284,-0.07130898187972759,-0.08151897979856035
-1.07742282216828,1.5949992305971026,-0.5112664538084236
-0.41404978697704387,1.1488534011444054,1.4120834727646492
0.8407019620231939,1.250182107200328,-0.924901305398671
-0.9517258701380004,0.16718222667316168,-0.27963266041527823
-1.8707250761507952,-2.0476786768242587,0.12143211383704686
1.2296660101173067,-2.0870116883343477,1.0008125810691963
-0.286812865686727,1.1547708286272507,-0.6344343027364557
1.4387995779751142,-1.2905455186881978,0.4812275283241175
-0.7663651164481069,-1.5528672707280662,0.6704601932481326
-0.8248303295079955,1.0297815279950406,-1.137477934491158
-1.2529508159714153,-1.2268002866889418,-0.41877360387243434
-0.46147698993311786,-0.3594360390670269,-0.3228057179714886
0.6977296644145944,-1.4061237617970748,-0.71368218971662
1.0467175863983522,2.481235046560281,-0.6066652759184153
-0.12008522697292663,-0.22742876464402645,-0.9647653506854271
-1.4349388244125645,-0.7979639276210099,-0.6160704689086413
-0.4917710563745516,-0.3298768294359488,-0.4502556925376045
2.5895232361883536,0.3913243131528013,-0.044444738042459866
-0.3355183022220412,1.1650468096958593,-0.8320844647074049
1.3795643185010902,-1.36105157684122,1.2858334711875687
-0.3692808691002807,-0.7200383948887122,0.41552913966643723
0.9337399958059973,-0.09969091220618945,-0.587932105936096
-0.23319096487581253,-1.1506428411402312,0.6194253361320811
-0.9172002291135102,-0.2815325184319263,-0.2969842590093514
0.5344718323291908,-0.45462391363752735,-1.299077102060227
-0.5450143927849879,-0.09165552360598712,1.1011367406064758
1.248653970473537,-0.8714139989899735,-1.883537553595616
1.3845280464020238,1.3091097781954992,1.0160783842088374
-1.0943899653666018,1.8208398343243428,1.0208102519177211
-0.549981854942937,-0.9028363122344814,0.35930125088720366
2.249327979365539,-0.7360644115594345,-0.825241107944861
0.8597238257506596,-1.2901084348788912,0.5398117267762103
1.1711723411877166,-0.3345786203396752,1.6254260650999344
0.8667486390690035,-0.603142232045593,-0.756705564079815
-0.4386193020373817,-0.5348905746789439,0.11197468363698669
-1.6719271768223936,0.8445843314377283,-0.06962670947859262
-1.2964913075962923,-0.41738537603325315,0.46332006880370613
-0.010858719342565729,-0.2564635299206515,-1.3331597735052994
-0.10924966346993872,-0.6012852708400287,1.3220059886979711
-1.085114026857014,1.8970362055356573,-0.9166303327013753
-2.088172729072709,0.19567564441091778,1.6757956976997335
-0.15003837907241102,-1.0313661671601253,-1.3472953578365823
-2.248139432261251,-0.4651042842442422,1.5818926224995171
0.9629845400302343,-0.7001900302166824,0.046399442334806466
-0.5217126087315569,-1.1713256949433053,-1.602557063987653
0.5553402888360478,1.371595135750743,0.8404923000820274
-1.0883806963638356,-0.0399920839800499,-0.8723679539186264
-0.2047041929084316,0.7119996314131442,-1.582805063880184
1.3829803090823864,0.12917493940161362,0.11728796354169586
1.0386045928361045,-1.410473558759141,1.0765918088215962
0.9219087227388831,-0.6818437897260822,-1.1165393933237835
1.053799018572424,-0.311220521702903,-2.0982541381076683
0.004768599027812647,-1.5185441254826582,-0.3990725210558388
0.5430198850757489,-2.4321737283193956,-0.37926609689099244
-0.945487656218591,-0.0758940670341047,-1.0202730919219676
0.8078731691392397,0.13520868011197212,-0.0358946770196823
0.9615042662383791,-0.7100167670495132,-2.251670129479253
-0.07031861598755347,-1.038682324269755,-1.177011383672759
0.9374754189854997,-0.9825739553180255,0.7756599363517893
0.5239030833354628,-0.7290008598351863,-1.7371431214937099
0.14418145446211036,1.2270371471822856,-0.33182915473441715
-0.6879103954261818,-0.35019592886316897,-1.5614253689157633
0.5271356753023605,0.041787175685725875,-1.4170597406383136
-0.2871112184812351,0.714639720844342,-0.23151258879908548
-0.22015142071538363,1.8039850388719643,0.04811181834947998
-1.8783998624473384,-0.010560571847855357,-0.08018199070041462
-1.322112393529136,-0.5168001855058126,-3.3278216737332356
2.3044588041441485,-1.7199508433791242,0.5166260816881313
1.0241665498937191,0.30531495667486436,1.6676975871415036
-2.7054323148800252,-0.8494018859498946,0.8456481731965548
-1.9793435445553318,1.4280396085290565,0.012646561021865694
0.09307016409824016,-0.6958084348670243,-0.31749173180521517
-0.6287232704245176,0.21318831331272092,1.0252019795333809
-0.6070066627673545,-0.5012644469872561,2.560451039825464
-0.9467914251278465,0.3623512950336534,-1.0691968233041103
0.45160503063478336,-0.2615799254273237,0.450844477227308
-0.6016834210002169,1.0961766575071177,-0.6661995407093947
-0.4716127066518556,1.4921144590110798,0.5126575360992259
-0.9161936324771449,2.292330284231175,-1.5152484083172273
0.05263944653663198,-1.50424671975528,-1.1432016329665808
0.2283665446823123,1.9220456514691613,0.4926910111832041
-0.22204522162909776,1.8970941104151129,0.7966398587467884
1.5875402435158705,1.5397347506031058,1.301289607211245
1.4938394701221995,-0.29463988153049975,-1.2392751519433551
-1.7116989303853332,-1.3648745803431002,-0.6121212914198466
0.7418307028206105,-0.4901195788962104,0.013102180165600415
-0.1127585940600405,-1.0853506347418436,1.8516460068091498
0.31602135281161237,-0.4857338579979022,-0.968856310828748
1.4867666482118909,1.2779193107192341,-0.10674585505348164
-1.1635417697873878,-0.2744346152668153,-0.7423231752413587
1.3938884078461382,-0.6815863435228344,0.06944986787379645
1.4483842425809923,0.27241722533060997,-1.8234607564048564
0.05925669474843274,0.41340464294731544,-0.6328866629965352
-0.8168535945632381,0.22560010858232915,2.1395153337850448
-0.32129702088498613,-0.7446551091158429,-0.49482314877426603
0.1729996957262712,-0.6569908528332673,-0.3744348935196367
-0.7575141471696214,-0.04676388376166395,-1.57846742586003
0.6214338630423407,-0.7887429524811067,-0.09509320034851304
-0.08136874920927198,1.153704182334007,0.6425300373177101
0.4378559768942899,1.1341547266310275,0.6792297357065953
1.1641314241981113,-1.6219727256501095,0.07439826755520221
-1.2254380920998966,0.3648762337711772,-1.7974790504149942
-0.31254876365835743,-1.1473127224788844,-1.3653638902472993
0.08843591757708277,-1.4864218604629515,1.1716716035824142
0.040176552396511724,-0.9983217631724548,-1.4952574894653725
-0.21048854909332992,0.22432733055379483,-0.7219622238974973
-0.8430707069015623,0.3139159678127153,-1.3517425203181237
-0.5827675605603313,0.917052763398243,0.18815314620189535
0.14497745989882319,0.009143013489947494,-0.4200691193094135
-0.2802815747035768,-0.6712024822365096,-0.06314224938352285
0.6402696411602755,0.11310596993885205,-0.3068724662404481
0.03197673389421871,-0.5551170672816174,-0.4338133852391568
-0.0016465329047290515,0.4931962092560589,-0.8035254876418085
0.6065381298549583,-0.6069825712634858,0.23175576242569432
-1.7325937878911515,-0.5959670332209558,0.12276374327306012
0.9389091063007793,-0.9669664835944789,-0.03709795128229236
-0.8874743901543631,-0.9619756705207815,0.44574845628419396
1.0887820972555167,0.5413845364659757,-1.735846679926811
0.18947071346683397,1.0476512097287822,1.1333713282747273
-0.09055492300166554,0.7919323520789795,0.26937659432333727
0.9331930932101815,0.9297851881850242,-0.444285254665442
-0.8168492780738698,0.3046280002929945,-1.5236669285977726
1.5036335061298964,0.7250313987705912,-0.9591927719328418
0.7029840434495811,0.608315908152213,0.9629433099311783
1.5022159712770138,0.9202277421878744,0.39946334649116294
-1.8601495387015972,1.4797136186850084,-0.561125748300378
1.0891885786508784,-0.48708995034899366,-0.02392822859541221
-1.1460759964946483,0.9733411876138527,-0.5614030006229875
-0.12746691774549562,1.6608963952887335,-0.6811700886016165
1.251904118162552,0.8139471694918805,-1.1628051481952266
-1.3492563856580138,0.8977198127363167,1.523568994326828
0.9282191576724428,-2.532661201099289,-0.16308568869707674
-0.20101464306062172,-0.6685917507952959,0.5742849934127002
0.10277530393009347,0.3109342063988817,-1.525265007323823
1.002314343577192,0.007435274692413664,-0.9259101517991437
2.36590802930361,0.9776673096734887,1.8260685832366177
0.3737612473596908,-0.06677001228925787,0.9607505993478601
-0.8062261844249063,-1.2069207575485625,-0.05759607316027941
-0.36875008483495075,-2.6212087112573412,0.4307202178356717
-0.5470824799884046,-2.0945549287662293,0.41058279905659983
0.45090619597052245,2.018652614167132,1.5388152558403747
0.5549776165834758,1.2419414199816123,-0.33165909891176826
1.631693397193373,-0.30690608888858467,-0.08083195255973441
-0.28940841157588826,-1.2198999680161715,-0.14869615342974604
-1.1734179990590874,-0.40325066139633603,-1.827197051913385
0.0599763373928709,-0.8495096502347749,1.5556404969288558
-1.1902453396497998,0.6638575223712576,0.3918470013612649
0.2277335309573616,-0.6654022710043654,1.5502716131953536
0.42042888846623067,0.3454581219875623,1.1971111569545947
-0.4805303563444514,0.6768809919946979,0.8474252315224239
2.1436263384100123,1.804931726984649,-0.3750090054146397
-0.33130862366957625,0.472845107822608,1.3981178382359127
1.2888844929228134,-0.13394753974295182,0.8190352416112107
1.406846852952363,-0.3555679633212721,-0.555295402918816
-1.371329682216782,0.3572202021894714,-1.0190514510685011
-1.8069828034377238,0.30987122449773774,-0.6179100160193801
-1.0136457722935457,-0.7599559089079392,0.560017627385929
0.4631899433658404,1.2466871516149842,0.1871548819881905
-1.398448697164091,0.5210315877704407,-0.7830678170119298
0.30596140947232264,-1.2120305006862366,-0.4494969510539042
0.8179467820170467,2.265374570617021,0.5851351096380804
-1.1098471109261738,0.8951456029163833,-0.8483326973837557
0.07598443980641141,1.8995875069842496,-0.035780979524221504
0.3075527941821386,-0.635986750215276,1.1233447868005435
-0.13493861393037707,-0.23341564958125421,-1.6987503480969908
-0.5712442255397762,-0.2506154951675691,-0.7619691593656083
0.3138701083506548,0.2899134853615411,-2.056382437935344
0.7819310774044987,0.4209860778982992,0.034119262679774845
-0.0898401667125118,-1.146343466182306,1.5866230666917909
0.22264869418807973,1.7506142273061558,-0.7134205699877438
0.8895850370811453,1.3656370720573405,-1.5919069375284867
-0.7641292364803158,0.6050500709280612,0.9445485389031253
-0.24750380608998607,-1.3220243931663487,-1.1415334687279834
1.3026136941337303,-0.4189957196988318,-0.5132391354648688
0.5847074669011657,1.0587670706965853,-0.5137667988919431
-0.7046364866610613,0.12955132799849758,-0.8822601438860141
0.7530095166183121,-1.6101524238600073,1.1729832920875474
-1.1254269945313875,-1.8241474051941768,-0.12974936243723084
0.5863797391107077,0.4989986817492542,-1.1810374067049927
0.7736710835611169,-0.5542601467396499,-0.7549820280504785
-1.1832023903938502,-1.6721437253834486,0.10842856608569203
-1.3342772010744213,-1.0502117506524276,0.5043809285976758
0.7845537092643878,0.36357418331885616,1.6745772867497164
-0.22718850452832273,-1.9332760793271138,-0.7796869232084098
-0.1392778048492873,-0.7683859665253008,-0.295930752819873
0.775919368887982,2.1246039766848277,-1.118349351877988
2.717841839361108,0.7053195439141235,-0.24546157926907078
-0.5998381501253366,0.8504253836478057,0.44651369113204353
0.9120373360810753,0.5315508892352634,-0.36535122795654307
0.8335258784095676,-2.5897917318165624,-0.7371503211728677
0.24404958225347154,-1.3010192754595284,0.3363961527147133
-2.198021982755457,-0.20721446693448295,-0.09218376359856692
-0.5063536902118955,-0.20893802853473417,0.7287265996802927
1.2569884046766593,1.9314777097085076,-0.18952435175693114
-0.784450701485907,-0.8913377478383758,2.1063358117641835
0.39710497587951205,-1.044671939480092,0.5548327547991608
0.6538758228002879,0.24905577628330328,1.5035329689454613
-0.5453795624755702,-1.6497776065604381,-1.4419073586809361
-1.0659460131028573,-3.565393311401084,-0.5352663996997666
-0.9909114349814592,0.7254298402147896,0.9046492089617604
0.13725862965747218,0.08938141379884151,0.44028023251265797
-1.3715005884670546,2.4105024093233265,-0.2532894740356357
-0.27437293783176103,0.5269354034538353,1.1759972500239155
-0.34633383934298523,2.2229206871954723,-0.7792504661779563
-1.0132615680981885,1.2418748758657425,-0.6935938259537705
0.49843791324811804,1.57728145309127,0.05834121088289962
-0.46905863519819374,-0.8358169429610182,0.8648337027798073
-2.078755558120604,0.41417365086995706,0.3263427822482468
-1.589638102845306,1.020866889013734,-0.9819114843541225
0.13662571957210715,1.8578599307926065,0.13231241708180122
1.0467776357427974,-0.6356874512454269,0.6805169488261156
2.0177902407707933,1.9147163153810771,-0.08716582578007794
1.4172267043168632,-0.6391761285246996,1.4899087706594234
-0.04916688454582507,0.48959133365248025,-1.6729776603509823
0.3665576920226804,-0.22129755231173043,2.2102256568004415
-0.4578580463003002,-1.1940103575145118,-0.9818662194363361
-1.6944013783157406,0.7209861889858611,-0.41570135924721363
-0.35513208868302193,-0.5460157164411452,0.4268179715450363
-0.42691101797086545,2.0513212953010105,-0.7610056643907711
0.5118508665905637,0.7305468989091488,-0.8054997719817895
0.5713512443987246,1.0873726815927471,0.9371313273752849
0.3695719376472451,-0.02881596014448293,-0.01681881698007802
-0.851711635130906,1.4111025361531695,-0.5740728474290934
0.9305963845016745,1.7792393046499901,1.4090386342595635
-0.5114101673736939,-0.7211211132582735,1.5360327296622067
-0.24761771997074483,-0.4857410136510714,-0.4618843115232975
0.22060331422646104,1.4231735882310466,1.1002620953297115
-1.222634946761864,-0.16656268065791296,0.45444199530294593
-1.4844613954973003,0.2265127424438242,-2.217601375351419
-0.7321556126313854,0.20635659351402214,0.7389625818239827
0.9541623627445925,-0.3760827858531346,0.9746953142544573
-1.466519149768042,-0.7904177982795363,0.19626375713740965
0.8495050545641836,0.7424527349515206,-1.0043677428626665
-0.590236320052523,-1.1208019282820123,1.1122303852676956
-0.5557426338396849,1.225688796400816,0.5111986413829172
0.4833573943723524,0.2396525469792375,-1.5805208485605298
0.1118545633302675,-2.4049349980969446,-1.3339529700889148
0.3423329951604309,0.7062621319351886,0.11899367791406933
0.15434496332965997,-0.29551273575759013,-1.6278626822225963
1.5337991888952645,0.5146713936313707,-0.3432424928361223
1.1784374872640695,-1.7566415347521367,-0.5641406359692034
1.021749392521028,-0.3857424068716059,0.08437373549435481
0.00799785655522202,-1.513977504816573,0.5052254831957593
-0.5544929679286861,0.6321476728588629,0.45609084339867684
-0.180502868967092,0.5507528819819134,0.06983329690318066
1.0230572539994203,-1.1194888068609714,0.5358790566892194
0.875034317917771,-1.0365819587825353,1.0573207393553912
-0.643149593624888,-0.8044112479820018,-0.3254775874659328
-0.23631550603562254,-0.42132508196789714,-0.9450944726850373
2.435901010437854,-0.43840367232010263,-0.8525557291097902
-0.3048134913764113,-0.7286317917215277,1.4374538984814471
0.8725131077774689,0.22850916415515302,-2.798969096658031
1.219232703690794,1.4566992532940055,2.0265321136409518
-0.9187849562592909,-0.9914983157138146,-0.2676273100957249
1.6632675332699907,-0.6612571158679863,0.9188894512388207
0.012992310941930981,-0.5933474186947929,0.606784175458447
-1.8170569544565414,0.8172464137201734,0.0049005845708772755
1.5881041811783851,2.016542644718606,0.7279761953958774
-2.0475410990820344,0.21291827424800008,-0.7181108467514539
0.7339822062306759,-3.114084937211566,0.1577397028994867
-0.5699115718059503,-1.4733495358067064,-2.0787597743616306
-0.8818118121054951,1.6393590650564953,-0.696334792844403
1.1819473783146928,1.1634613958460214,0.6583417202579213
-1.4864267505456075,-1.1784616928792753,-1.1835441825039918
1.2008935143675425,-0.5707016137346688,0.03125107849276466
1.9228087315766538,-0.15321320862684917,-0.48906035295594313
-0.29397506605589746,-0.28342450989257956,-0.773944218138354
-0.047384183029624286,1.3121404650920145,1.1280676233347053
-0.031718448670471175,1.4060905459811195,-0.4408483858813888
0.538577506172666,-0.6169923639572998,0.984343499441921
0.39511834502982546,-0.8776357037424422,-0.5174507009597977
-1.616791258600181,-0.3945353720356705,-1.2064896131416822
0.6032053333552159,1.8981741981831732,0.22846900747868987
-2.433180508679813,1.2096176915978236,0.6246336269991294
-0.06851150878977032,-2.21940151915653,0.38941961918625123
-0.4151456630865301,0.24659606573423276,-0.8924381990998261
-0.19860720261095308,-2.029430681162928,1.2567303008601776
0.6147322014505283,0.14311658170445546,2.0923583076840306
0.9311018202205751,-0.9608457057145205,-0.24202877578211168
-1.448511792084904,1.3004120001542203,-1.2189852665036551
-2.0939219850236523,-0.42518143279227866,0.3978063547376595
1.3222700228233364,-1.1185336274586295,1.477598098190021
-2.1423085518977314,0.3302555223247935,0.5947439589723411
0.3021088612111966,-0.23830902945990748,0.15733603611028188
0.5874161895679887,-0.39412114526451036,0.5104133471925218
0.8834195587489035,-0.39419874988477965,0.6164719282009375
0.9362181300886859,-0.04171455089176466,0.2380295729803895
1.2489831596481622,1.4641252147010315,-1.9033202232750421
0.6601639813115979,-1.5237262363779802,0.31798584495026977
-0.7778311785686102,1.6184953460867686,-0.782741096800634
1.3196001531198238,1.6110747821539948,0.6233132925400794
0.8637433776174404,-0.04932515005260296,0.8175564820983727
-0.2906580825216246,-0.7344067354355479,-0.1686701942452282
0.42758906614198244,-1.0400936208409002,-0.11738105765047806
-0.06407848027341735,-0.03134329371713991,1.4464562528946683
-1.2480723739394135,-0.9235391796606228,-0.4156857712165675
0.5730060687837419,1.4330287372601895,0.7668503348683181
0.5782322208063471,0.9021463783627777,1.09562919320426
-0.2555681316653485,0.3301978768801077,1.273615322764788
0.25229157251330925,-1.0993096623038983,1.0157515343177532
0.7798472727498559,0.23530384867202794,-1.2003139944458614
0.6769864197218834,1.4510534470842529,0.09748846634677097
-0.5365039463467202,2.09986857960687,0.4045021000577335
-0.14308357817402206,0.3263737928157803,1.1893878567151803
-0.8303223222668898,-0.1935055441742233,0.9479221552198841
-0.3440753458668762,1.6082892665882031,0.07329575145991571
0.36547140505427533,-0.29932088888124364,2.24606796395984
0.20395030662378322,1.0392882776849184,-1.486793852840399
1.0268437522028961,-0.20417707502141724,-1.4387229631934841
-0.4193448110704572,1.498029538315653,0.6882116430882139
-0.7555091391081548,0.2883585737840986,-1.8344633365514242
-0.5554161027806406,-1.8762235232879028,0.3645900602326804
1.50476352749465,-1.3960917547703293,-0.6907881069357357
1.097201112443423,1.4800486382177414,-0.3207614644779891
-0.06132205288870202,-1.1364982109813027,0.2101518363047863
0.24627948943050282,-0.05763235346294171,-0.8899717287143234
0.4276458403365382,0.7984684832052502,-0.6277462269687342
-1.1122168746099559,-0.15805187815294008,1.6760212082896362
-1.3426074316314083,0.008033106835158406,-0.7653430054155581
-1.2025229456084734,-0.08305018941465878,1.546836881215555
0.7177847281640901,-0.8780946756049546,-1.8268718713050591
0.759780881500861,-0.34037503453445556,0.6859770468151782
1.8257121993068457,-0.7447970276493322,1.8935356132298546
0.41383688951020314,-1.2685799125332657,1.313358766604723
-0.08991028009300586,-2.108012491211313,0.06347015922937552
0.11041513330708752,-0.4996877065270976,0.6558756525246049
-0.12954461033812031,0.8797400067191713,0.8213726896130624
-1.0133640278447813,0.7003376624553038,-0.4695185839388068
1.2745855139501652,0.6327380362192161,0.9350994536249263
0.5227275614249851,-2.139075145975517,-0.7887862468801905
0.13129352664335806,-2.0552617717357293,0.5838515913014433
0.451454197954767,1.3991976477264325,0.5443815391277554
-0.03392897572186554,-0.7628259756854886,1.9613645608663246
-0.5242877216083555,1.0227567302058531,0.43172097301195195
-0.037361618434031414,-1.5852984077067356,0.14350989011241397
-1.7515355133798616,0.9780725482352502,-0.18020229333231189
-0.28300665847017964,1.688965271149745,0.7744717405283067
-1.2176572793511358,-1.4966485822985167,0.8380781612881744
-0.1904096725130787,-0.6503450473243751,0.8602330437483653
-0.44980653559827277,-0.12361673497097796,1.2698086770665273
0.0009186268834290335,-1.3511666685603632,0.22022034291643325
-1.4028240966282544,-0.5129272988483228,0.817382094342766
0.16530319194125545,-0.5491589898935574,-0.4587554640749904
0.058307423576995095,-1.7523179743069779,1.248733303641315
0.6126916379919591,1.1481408448711805,-0.4335639990148171
0.043286197213870475,0.2912901423472556,-1.5992858321098335
0.3963433260802761,0.02680829720531766,-0.797729589590293
-0.9841142838096737,0.1741955540380833,0.08595149334459354
0.2653109346608551,-0.25950686406507456,-0.44796617126103233
0.6379022981287629,-0.9071757223250526,2.361939970102997
0.23218217637133162,1.2907190296772155,1.0179953656335647
0.10422132447765697,-1.9385217148944838,0.09784248498170571
1.2401965708979308,-0.7008819733197463,-0.9833563547492421
0.876731974092253,1.63781003696395,0.15002700467574726
-2.5663101143656006,0.02334731399422407,0.5987316564988749
-1.0233308050781593,0.09421122843873293,1.6363037008553019
-1.3237105357614054,1.0305620469166548,0.20634535191176093
-0.20741171682096743,0.057725264263052654,-0.7253670091684532
-0.11874241645235628,2.1126739647790056,0.18672567539436205
-0.7903868754990119,-0.48350944830351444,0.43662647636569357
0.5399949819589566,0.9098778887795798,1.8974817767639964
-2.779093538223211,0.7972083257362017,0.7146676963127967
-1.301037286838714,-0.5381450650820151,-0.16323315756678738
-0.04434485021679406,0.29273353207808517,0.2713503904929275
1.0069484284601593,0.8123111803235653,0.4277151300208897
-0.8648900142729763,-0.7146363556561663,0.30192687886428543
0.153100156199961,-0.9158426988036273,-1.0458954231330688
-0.6842714637757608,0.001558890324255705,0.25445170491036784
-0.9393952197029257,-1.0670184028805612,-1.551497565282142
0.96780384192316,0.7746116604283937,1.4855948048007483
-0.970306997996465,0.6175479218250415,0.0881940087647354
-0.5776359678225997,-2.064167900165107,0.8156360681083313
0.9441932592608587,1.7970140662832204,-0.15118061880902486
-1.7675347507094006,-0.04075880061703164,1.332717768119245
1.3926985086312256,-0.8673372621006096,-0.8799806173074207
-1.2546080897526855,-1.5184407422638106,-0.7295716955411229
-0.24322409438919348,-0.9011695753731256,0.65637010842435
-0.7660853141842023,0.12242374485223323,-0.5628534773579016
-2.111235332661731,-0.5970312091027367,-0.22211463147141494
-1.1745380512137422,0.8801952188016327,1.3112242084470689
0.0031042873216704267,-0.6666073060198574,1.2558979846278215
1.738359490547305,1.4926881296030485,1.3868462464796667
-0.8591889511795778,1.6866264440195038,1.030241010416402
-1.4067216831571103,-1.0620568476148515,-0.11459680177390401
-0.4317121738997376,-0.738225112460087,-0.37395877100438624
1.0534187726414606,-1.4813373326344565,-1.5416413665128434
-0.17213463830190426,-0.6091136650307599,0.7615230973831341
0.20610733379886134,-0.8245937626480666,-2.2371594481837995
-1.2139194463827176,0.6579304766659272,-1.5758637295948694
-0.7863488567232642,1.2107361392452785,-0.4227776201629372
1.9603754747398203,0.7325352220206337,0.4505866451553101
-0.7984527983126732,0.052639435388916384,1.6254463293508457
-0.7887751242232321,-1.2251090131150761,1.4918673965693037
-0.16566705719304883,-2.1698072222563307,0.27099696342894775
1.0584076939882199,-0.634144882367766,0.9182962058194165
0.23252670608728562,0.6774979505648682,-0.11820491391232965
0.512302986739916,0.8894193082485975,-0.6623241032294221
2.27749846518504,1.3277699012912743,1.2577975885069632
0.4479050293489423,0.6674056096282319,0.7259582934792487
1.0998416502493333,-1.7352262821739173,-1.1653851916736682
0.3276114332256487,0.8873436473266583,0.11150986998215288
-0.24875840748121628,-1.2969586626638592,-0.9341089796538541
1.8109273852979415,1.0604450552582994,0.2504561957296313
-0.9277907195382564,-0.48517817344458364,0.8379499193303322
1.118909253683577,-0.6746060940659618,0.13833520894317142
-1.0498970652387019,-0.5080949937581211,-0.8816840077115209
-1.5956631978461278,-1.9654087176836244,0.6081343667466483
-0.8386853303082339,-0.3232765108535126,-0.12215772291694674
-1.4015585030925624,0.5077781999073521,0.40819818678641306
-0.73859622667123,-0.29781301438423935,0.21710129561819239
-0.6653326678682866,-1.1498725055859735,-2.145139563820638
-0.4875260658713651,1.5626085019625835,0.2532925549620579
0.7628857854206554,1.0645469889191292,0.33725660244568134
-1.2495670718550538,1.242121708973442,0.3928855072169486
-0.6931538473798161,0.39370643551913337,-0.24789918873266142
-1.1992463812799325,-0.24956299674915697,-1.7993165729345195
0.34284600879633353,-0.9582259421199715,-0.10123040757052724
0.5958259127863046,-2.367182346325037,0.4153363820894469
-0.7357873794883922,-0.7224939720597163,0.22950598033658212
-1.1473431215285566,0.29700378746717093,-1.9934630504394988
0.6563622812894275,0.6304589435527066,-0.699788261569475
0.15789238548041507,1.1753111616293008,-0.2439364683238266
1.4217775202581353,1.0341747926790317,1.2039332293232805
0.3527090051641161,1.2675618248598415,-2.113062779445525
-0.14384073208885526,-0.30100443080606554,0.24057092429768748
-1.3604279676385485,-0.13381954168014001,-1.0883235891994536
0.5763912291803281,1.180814278261354,-0.3209489123747905
1.8180405163628364,0.37789866538192846,2.2234987492875713
-0.883109332982233,-0.21668878352611193,0.7291953991726343
-1.8853958696412716,0.6892224178819214,1.1895684581430117
-0.9717199859865949,0.6944770019908341,0.7386634706326727
-0.24410777832780417,-1.9843046573734313,0.26284985718597803
0.7654233898691563,0.04581025157008137,-1.1076975888511644
-0.2820129359962229,0.21494429570982446,-0.8148002846527175
0.9312612304763117,-0.6273837706927966,-0.1449393017921856
0.7806543188984517,-0.6998677263437667,1.1553926147352547
0.04084554351452363,0.32022604879752614,0.963046151054643
-0.15947236758875982,-0.08006951287190979,0.37122938719899357
-1.1381851814593513,1.0453716688320418,-1.467723171365135
1.3587866110062348,1.6174879793088297,-0.026928498336014142
-3.002002118078379,-0.3889935017466752,0.5386019694923384
-1.4660346148487708,-2.8482596989279867,0.3044365219967779
1.1248116560045982,-1.2945222570583528,0.14341319524511317
-0.3890059467887655,2.2382523036304223,-1.8950586861470509
-0.11398334305177193,-0.2446246466570381,-1.510484757903805
-0.015925307443239167,-1.9014130881685933,0.7566897654666286
0.3653920219178115,-0.4810390819207929,1.0612197280968136
0.3829252934242164,-0.7607222831420359,-0.8075490424915227
1.4952518947924516,0.11192529957930279,2.92244884902676
-1.2244244583103914,0.33748728844716924,-0.09504852418998948
-0.3810909261166935,1.4510231270896496,-0.13366994908458843
-0.35961725143601264,-0.9306279802053129,1.4293124722939838
0.5659523314200685,-0.6684063937686492,-1.249865787319166
-1.8715681605190007,-0.4586915421849102,0.694715039643767
-0.32739046811259737,-0.7066455062748063,2.522679645859963
-1.7832558043158828,-1.5431957333390431,0.9896404663292531
0.6262674872203656,-1.4709470686577237,-1.5201229404770542
-0.32719726328714377,-0.8313449132695371,-0.860870453653945
-1.312236992920742,0.21948206094055192,-1.0525292516123268
0.2977197511269272,1.9273719860517435,0.612326929873935
-0.9511577475989319,-0.2859109802521591,-1.2626238404364374
0.41149300197518013,-0.6997608082970901,-0.7587592004628417
-0.3077306921078452,0.9981861907241583,0.5094991670375956
0.35087765946235505,1.677035640374908,1.9821529695366353
1.8944241559468509,-1.7326011613075514,-0.023225053324619896
0.35726622211511677,1.8130640397182491,1.2753146415471412
-1.2080095820880241,0.2992239054009237,1.2523028037888515
-1.8807114810924206,1.829394450531827,1.1882470216580674
-0.24160644448151092,-0.3334604323546212,0.3808889700780676
-0.4670728951964703,-2.14811605091955,-0.4286071219418549
1.6273630633044012,-0.12725388160702822,-0.09522453448289443
0.9996675896947297,-0.08804372262549943,1.0060456796896182
0.3548422784120866,1.1365966723981118,-0.0418039622950461
-0.1526807238776312,1.3381983763597112,2.4027466564587034
0.879229244024725,1.342690233399846,1.0682429724576914
-0.3517179808954865,1.007926626502491,-1.2204165163972118
0.5265301663979783,-0.1310289628231402,-1.3994062820262219
0.40691008266674666,-0.28653852306626315,0.8845217872947827
0.687229779851885,0.7010217126809631,-0.15344068732565527
-0.4665024212614805,2.5925591484927852,-0.01726369602391311
-0.9915537100193034,-1.2895545894990657,0.14271948651860292
0.2586745209412941,0.5422062570767704,1.5059123753043224
0.3245241336288285,0.46958630272039087,-0.2635217638040531
0.040712047553759304,0.27766445570681864,-0.14150354803427906
-1.4463905793062792,-0.27024344627963853,0.8423882646986027
-0.6710376780616489,0.8475459245211064,-2.7645081316516844
-0.637438759166667,0.3249010928211749,1.7662509955384615
-1.9499905441091911,-1.3549331424598132,-0.10100173266166099
-1.645338103522146,-0.6240103710466658,0.32381506614646116
0.10552489033912793,-1.5563557999238968,0.9405932702973586
-0.4476016196035667,0.7251474124161753,-0.6768340108717461
1.6661334865816886,-0.6633706421883482,-1.0950367233759373
0.6448226313990071,-1.1110723696783928,-0.7270561565304494
0.14087071505975757,0.11624044339431322,-1.317502160041451
0.8516059321829036,1.0338000767609752,0.53268559509107
-1.8805005660620169,-0.30150593470208725,-0.46974424686671445
1.0115772779763044,-0.15131724427032522,-0.0920936372913049
1.4882592806368797,1.360189598898107,-0.7199852982970294
-1.9029049172098458,0.944070377457413,-0.09809552488856163
1.7827790146129756,0.4801660294255999,-0.746643549485844
-0.20637226576044113,-0.8129701226351016,-0.8860523638790693
0.7991777797128697,-0.5365870750259238,1.3915136296126738
-0.600402537974702,-1.6145445340944904,0.09272642146971448
1.2249883319887802,0.5546458236023567,-1.851278177317373
-0.96622490410591,2.27652263512698,0.6478675535504226
0.09596873169396823,1.129000291440962,-0.3465576409058413
-0.511832393278126,-0.08447389465014571,0.6470431712226505
-1.7222063500789562,-0.046975639547509704,1.277485983076006
1.1906745797581717,-0.35896238214055665,-1.1400143778369163
-0.38489001113384896,0.5650616247371707,-0.6842178729293728
-0.7630265908238941,-0.2604627760375822,3.084169540944465
-1.1865201278491002,0.5514097255282965,1.1670611401358995
0.49931492641197034,0.8495908532940362,0.9301455076547516
-0.33435310103635096,1.9551914986183223,1.7577294408538955
-0.9095707932399021,1.1478381756667975,-0.7051114296424016
-1.2825329080410999,0.6926294377800034,0.6310743215330971
0.704796866661918,-1.7725011611923083,0.12749886258703444
1.010817905713996,-0.277055797082779,1.010690265636532
0.8325035433253061,0.28435405063743285,-0.36482644816892446
-0.01494859797897193,-3.2762075939074538,0.3530636816978418
-0.4204755661093066,1.6710041796191806,-0.8859229658524642
-0.6960792566692852,-1.5578993194384072,-0.4409892077674122
0.5157986552694122,-0.8649960617820986,1.191650305780756
0.6338760397659857,1.6643113890226704,-1.7397029930661827
0.5270681683072591,1.3925467737934167,-2.7300698244452484
-0.8819643169194353,-0.2914175906305376,1.0546833524606314
1.1682061276080111,0.29935498468784527,0.17959598049987027
0.43794584703463824,0.7247581702296338,0.904120286860107
-0.6593131894054823,-0.22044779485498545,-0.8660036473233509
0.8196582918388072,-1.0204148986450432,1.664766972135543
-0.6520332026991008,0.7899441831027318,-0.2749831316051364
0.1608793451615472,-0.7979314163375036,-1.2660094368423216
2.032769512060208,-0.5536453864139792,-0.496478105543291
-0.16037258484330064,0.5356515633316581,1.4018850988668208
0.15743674835533053,-0.7408665626761113,0.31926546564340025
0.3704914592942592,1.7366435595555625,-0.2495518135697976
-1.9665890535928094,1.0208215663243443,-0.8209746862916387
-0.09078690055958748,-0.5014150674189991,1.010937171759949
0.22408091507412758,-0.43430708869100304,-0.7852573154526259
-0.8356877901745368,2.2064080272996915,0.1595456449044992
-0.4373429117166024,0.03847309247083058,0.37037882515304726
0.12880621868772385,0.17837104524635727,2.2178067934942387
-0.3657648009732877,-0.2816228301460542,0.3403575305353067
0.8544666879622452,0.2780206667831351,-0.5626225874107081
0.7502892254142383,0.8810338991543052,0.47977428280164836
-1.6262769200508984,-1.518652472649062,-0.7807669615842083
-0.4446298220490887,-1.6714743200426234,-0.6709233617077538
1.1369437408630012,0.19148638372797036,0.4660082374810678
-0.49812351617400263,-1.2675216529350217,-0.46854986701564905
0.611029698928554,0.04469596473322988,-0.846355924357945
0.7989396225036809,-0.6574306248985644,-2.7945285523808137
0.775577513841811,-1.0845165039959277,-0.013511089258464776
-0.33648256493879536,-1.3380293908012717,-0.35144607382115517
1.2558264587949837,0.9978996449093326,0.3989760024885817
1.3112437949399651,0.6288599100262702,-0.6927133595714776
-0.6158330363264618,-0.38932760300978914,0.5000641846006447
-0.3411259358162787,-0.9070732778341705,-0.8083892370225843
-0.8211159147195198,0.4821126572088472,-1.5421446130913452
0.12101290799077746,0.2048434887077435,1.0299481224777631
-0.1245474434772891,0.3702637819716943,-0.29295793347949595
1.6541519988743154,-1.6044333357530491,0.021755773817021613
-0.7287946100364351,-1.409184970850711,-0.27866463860453955
-1.219466270491177,0.45559300687652105,-0.7583378434340127
0.8555287395570097,-0.9443600216986994,-0.8980332242153316
0.41471142143778583,1.0426356956693053,2.637104888005687
-0.5359380692474791,-0.8437289878903426,-1.064095955850546
-0.3572099418862559,0.7274155440169469,0.6193434572498229
-0.35058897240810494,-1.2886283478064373,-1.0613952738516756
-0.36362206210282855,0.9258477335510314,-0.13501440594996075
0.9738288879669494,-0.473669210970817,0.8151750041677919
-0.2221967326223654,0.05794208932974027,0.03263741378785563
-0.13857416289001148,-0.8607406228651997,-1.92317539140766
-0.5623826135099134,0.05588209171735692,-0.15687378806846666
0.011831320868074858,-0.17943186955681897,1.7989405977203088
0.9229780422429373,1.2329958192132786,-0.25853060292679814
0.46359307776867986,-0.7672311047381807,1.6120140092848376
0.5723427788106927,-0.3501862400059199,-1.0381809467218355
-0.3708382771062587,1.9773368416099604,1.1068083422350454
-1.5427972663158833,-1.9322845279324443,0.4832260702532395
-0.15776007311257245,-0.46722853666776776,1.5937999687091307
-1.8573238212342154,0.8705639364102947,-0.2330538841929204
-0.5495687930672175,0.787796391811034,1.2887280751652188
1.7068744573800643,0.6712780321515213,-0.20001132830442458
-0.47031193049632275,-1.6673945098597818,0.9513436188730628
1.5169612971190745,-1.2779371030836497,0.4740524277043105
-0.7361025746727898,-2.028354328327611,0.2719915520615723
0.1040979536990997,0.6554095601148391,-0.16719537287153827
-0.14093872430161783,-1.2180084427023028,0.45640586742934125
1.6002758134395862,0.07377611862524074,-2.1774638432901567
-0.6601061076465142,0.2343892447229816,2.763391900488441
-0.44205256923952096,1.6943147995782764,-0.7167927456439708
0.493026215551272,-0.9463258453271951,-0.8974383762799374
0.2991218912227139,0.009845511384014748,-2.115787991441291
0.5094247528773898,-1.1331249181505723,-0.37484798023205945
-0.03258953442245209,1.0108098322020895,1.7875635758922197
-1.3462671966726907,1.1985953897607433,0.1367291755478881
1.346300447771299,-1.9645101149730453,0.33759832469495704
-0.27574888502765244,-0.9280608215588622,-1.3292450680644436
0.19104586182723668,-1.627797858821624,0.09468910811611089
0.008755766815541863,-0.988809607093278,0.6993376719469528
-0.06349809216979992,1.5337713405773021,1.5384961634287446
1.0000069323525866,0.9503635538309488,0.6443336345559908
-0.8147880038564527,-1.1839454355083188,-0.3877907013938624
-0.6137905991155633,1.0050161549965548,-1.1848191125769465
0.8793171854660766,-0.538299440646754,-0.44679377929164527
2.4966132344054683,-0.12978818103563644,0.7321775126734555
1.6004020477523797,0.5551792624033104,-1.203789808404512
-0.13009787993870486,-1.104662221308481,0.037890488561468275
0.7921836866050004,0.707594455269231,1.0887339835060519
-1.808102124604989,0.022002217161610153,-0.5275117157181036
0.37400892230358657,0.5502313941630997,-0.5262415062569908
0.8754719025927794,2.4128805336448598,-1.3889576776106733
-0.7533714646412932,-1.1488902092069417,-0.013011169599544115
-1.1556192038188473,0.031821037919080024,-0.8585128770441444
-0.9415577612140771,-0.41064756794668683,2.1335654744543575
-0.5027068502681942,-0.18734822426666314,-0.0314639098551713
-0.5021144398462101,-1.0069771409347132,0.16685029545062438
-0.22351328755931008,0.6186056141849664,2.1156785867758687
0.020096162444015363,0.6673776304516056,0.45305786459825487
-0.1441200522267144,-0.4272007479540188,-1.9950560772437453
-1.2063426918354103,0.7110472477063796,-0.23030538154732005
0.24792160677796193,-0.8415156723945618,0.6103745796763679
-1.3199904779609979,-0.38259507901639245,0.9024210321057458
2.5941754339913055,-1.1654396361076147,1.0589091333442582
0.5761762398772363,0.49947260520099956,-0.1817334123913504
0.2034512808015204,-0.2628721233003657,-2.408932662986135
0.67724268840994,-0.2114158308224797,0.713470737535353
-0.4737987252243665,0.5679622053513149,1.0044366643235123
0.10978191413929725,-0.6458313112650269,-0.5053021866924493
-0.2458758470727416,0.280293140797273,0.31467568885986386
-1.6047077128399498,0.8154413632068394,1.2753762731158653
0.49632161418788334,-2.1641503221944904,0.7987334223435958
-1.5459669198732298,-0.32887737716512616,-2.4137271416157806
-0.8315682731289904,0.8334240546715457,0.11863001869940286
-1.158074584599328,1.4293970332842103,0.8872693562272878
0.2643046704599532,-0.005093902619542653,2.4294693956143156
-0.11965048239609877,1.0044510317796955,0.13121234128863193
-1.0811171634356576,0.3508411325698538,-0.523275672579624
-1.1662602914762465,-0.3040558880668136,-0.13544338809878181
0.7567532033295898,-0.475026965445702,2.787812880902129
-1.024697844789987,-1.1371466273257902,-1.58246597151401
0.33444057936472793,-1.3757992668714185,0.3020123171575211
0.9027962775473849,0.9792659461932326,-1.3008902930813717
1.2988998942273569,-1.6426109008170218,1.1533040728937758
-0.1863768873883286,-0.14439152903829208,-1.3587966866475356
0.6325141967500488,-0.8524269189838065,2.024339625925501
0.5535094930234602,0.5535212376172578,-2.1855286474099263
-0.6789014870945982,-0.4103627456874214,-0.46654442513136324
-0.7684641299012763,-0.8530625431673785,1.275638752324564
-2.6855774165130986,0.18133606104496244,-0.8603775471741981
0.4242391382638479,-0.3779521118542359,-0.5514972302898914
1.6537174675501127,0.3453198885071893,0.2246982091656579
-1.5451579273742992,1.3853346205916786,0.39535003417794784
-1.6937548174934276,-0.3614248245591347,1.2600965831506505
2.078576193355468,0.579487477947162,-1.3161058832514736
-0.3233457838677122,-2.017850236456426,0.865979813523433
0.8584989934011334,0.3711925306919471,-0.44775387001802375
1.9231360215472424,-0.4835394451945751,-1.5198972811636335
-0.5208835005119054,0.40713835825952854,-0.9597124972526105
0.6639794284597056,-1.4868253872369726,-0.2534410277643253
0.20205260111477358,-0.9864005546134403,-1.0061134996290995
1.315754612562052,0.02586714404262158,-0.5523108967027232
0.8186742941588824,1.4712137758454449,-1.4214720999503327
-2.326937197397995,-1.4407894180815328,0.5419570575834258
-0.4439100239803965,-0.05041501440545269,0.6786909923253187
-0.40673629114214205,-1.3554063503569322,-1.2127284017850406
0.6453322918396917,-0.9795229717884303,0.595406825717855
0.28875221248856153,0.54922286491786,0.4566515358266077
-0.19181642745073116,-0.37335731303231473,-0.23468703810358912
0.3523038072308132,0.979225732742998,-0.6497095445004523
0.5543842690189652,2.5026286060443446,0.9125387718712042
-1.16857992240217,-1.6124968912208837,0.3695902542938027
1.6415084397521031,-0.8816302336121404,-1.0309218215709652
0.37427352126624824,-2.251724323480076,-0.987859677438932
0.671155182330523,0.4620275278018174,-0.8149018170600276
-1.7898820608650252,-1.4185680752874072,1.5995262002817772
1.3236820999800751,-1.4755838083453168,1.1294691381215802
0.7082607358724723,-1.4527471948863753,0.709538704010745
-2.2767455586691003,0.3430183822631606,-1.136710949659742
-0.16492654447833602,-1.6155790724120072,-0.4872390422997697
0.2648885714116709,0.23578018665854367,-0.5534992270488854
-1.6397542388309565,1.0174467290084825,-0.6471526010930762
-0.3480704982979538,-0.6526275375634929,0.7743177340361586
-0.4636343230795643,0.08103129600475897,1.6109169215673924
-2.1311375069857497,0.4883049026434312,0.28647448421724736
-0.4345334586537462,0.6795804917786451,-1.4692297064665374
0.36661651667496464,-1.5278700360521065,0.5137023710108878
-1.4780931628407732,-1.6630460290154898,1.1294868193858536
0.24193119340310942,-1.4093032831685288,0.49318272156348353
0.0493590931910676,1.957099718019207,-0.3055547488238339
0.8207876518365889,-0.3534035579853077,-0.9375191572224653
-0.2146005938811048,-2.6831020861367603,-0.3140528224976111
-0.6335367161777863,1.3468141623148748,0.3427164312158647
-0.6418001064728439,-0.12012941300774543,0.6525403242040981
1.4855535589639766,-0.9715897558683454,-0.7154730579584723
0.26196485598521096,-1.5914568816973862,1.4681930521183844
-0.653186138421921,1.9478870362872307,0.49264816382279253
-1.2249309030703712,0.2464239912903599,-1.052381629623821
0.18746518681106406,1.3752743583003522,-0.827643909972133
0.3834855651095099,0.5848607819667273,-0.7122297927816644
2.3834737580434893,0.9420627922426973,0.7646414193555809
-0.11622342208193179,1.7052770079057542,0.3858125595893749
0.2449153311968134,1.3445271546731437,-0.15725443458916935
0.28720281293057653,-0.6573608846111437,-1.5405979657817814
-0.7978271394698597,-1.429553748857018,-1.7500966717559305
1.1606922947353904,0.037421012617708194,-0.9205108838868089
0.37032261358332225,0.8234007738834914,1.1577642461323643
-0.10715810902056254,-0.4365003908331492,0.1466514199500441
0.49987074964915956,1.010450035809394,-0.01145247600728218
1.0405454743409708,0.25837469313975225,-2.508234261670861
0.12282293117633239,0.36799684123662735,-0.9374221107830878
-1.5487831200989048,-0.7179129194027182,-0.11979435632498002
-0.32143647890221366,-0.6695098937399087,-0.8116850694586338
-1.5720931365763624,-0.2530660475896617,-1.7328734632027072
0.4642908167350077,-1.198999476355355,2.027029010118412
-1.3799410256503872,0.41267026001248935,0.6455156805478347
0.9763235851045612,0.2945334671632882,0.6499935543909984
-0.4781391899743161,1.1887661823136393,-0.4108325831670298
-0.6946127628888649,-1.9519978281420354,-0.37726628171755533
2.2409895074851787,0.736481045223583,0.3044682079004827
-0.6437261977692988,1.3011770498815232,0.7901805260252842
0.5222864436634646,0.055083088838489225,-0.10195477053099745
0.7117516450348967,-0.6159297006380483,-1.3744057339618634
-0.4378634071744577,-0.8849066975694133,-0.02725668502646724
-1.1203725042349526,-0.23384540797998732,-0.3827618295721597
0.6366716175531485,0.25679540574174015,-0.24554048692431238
1.0828556525980366,1.5903412359517048,1.2723121329828966
1.5385241177412672,0.9163725084528949,0.6144837480210833
-0.7109121510951713,-0.20600056128758965,-1.965337585228894
-0.49096276610331163,-0.24742738996482916,0.16477865992964122
1.647698225086768,0.9821538585169558,0.6572198777207194
0.9654145495731733,0.6837374401170035,0.053212210893489965
0.713864920627087,0.2842150576443697,0.2513420990485178
-0.19455159250513196,-0.46863019425439095,0.08170344950050054
-0.872108190972729,-0.802959243559881,0.49760644267145066
0.3476812281452209,-1.4618848559130126,1.194153293386808
-0.02585202094538259,-0.8919256357685384,1.3227989626633347
-0.8406629673578329,-0.8949899978649767,0.5411302566818743
-0.5447772465420997,-1.2176780153039493,1.7112307240664015
0.826367902327744,0.6547182752748946,-0.046326510336682995
0.4281261636080676,1.242316716104866,0.4481592680728788
-0.7219154840088526,-0.7149960948066654,0.21654400485511233
1.3320068410363057,0.8012150858968535,0.3288938472540306
0.39804914408436576,0.8216490390953356,0.007819873978535796
-1.1696892695862162,-0.04138176193414608,-0.26260817936765146
1.102421068740637,-1.126110139715237,0.1399596274468174
-0.7915658665577414,-1.3505191036523896,0.02476006371176153
0.1569441558131169,-0.5506480918295406,0.909484708179883
-1.1563157435053033,0.34144863909037537,-0.10946042376623087
-0.6916777778427949,2.847757277111297,-0.749208141473568
0.3191682511574037,1.393829225602574,1.1618449044448975
-0.42198464962361193,1.1592219296089994,-0.4795940350447284
0.183630453167367,2.0169345389094464,-1.3055971855565165
0.503515026570652,-1.146955243508843,-1.4014910133818195
-2.8358181728676874,-0.268216314550277,-0.39149940808195816
1.0753365748586636,0.8749136106500288,0.6942127677654432
-1.0753366019770914,0.40086401614912687,0.8443182004022342
0.9263238828673208,-0.5234887458093295,-1.1215875233569539
-0.4176579882882231,-0.48856497085707645,-0.3717015320136542
0.4061711222188436,-0.9564384377920161,0.31843341098805533
-1.2745109862087467,0.9332151972505437,-0.441407833578362
0.16176867679757814,0.10533709735412715,0.18978295493397654
-1.5072554091303791,1.8049090265700405,0.4498144822749408
-0.9135810099622736,-1.0828234230409626,-0.5289519316205925
-0.9447874170714133,-0.061985911994496816,0.4678847976699544
-0.6295083730378959,0.9379229663031871,0.5856595403269573
0.795739628804491,0.384276952838152,-0.3143147929495758
-0.06239013176612526,0.32183111662527103,-0.2133904691153307
0.9616279176607664,1.323384142669387,1.6065623999693197
1.0707512611749552,1.7705627934450847,0.8207305337252834
-1.807998070147604,-0.34420582923145043,-1.5123601571602756
0.8044615218432347,0.08983223982457399,0.026625142617154113
-0.6523921866238367,-1.5053971233761991,-0.08267611041254595
0.9484127801221541,0.32705737491297254,1.8009916172133258
-0.645872023712381,-0.9997573277004265,-0.6983035696084687
-0.8739598736486126,-0.5806145653136171,1.1239063362803392
0.07532202099966488,1.142077649590884,-0.35396491387018353
-1.187342081097006,-0.5606002274396491,-2.822167842091369
-2.0211804437630287,1.140409431212011,-0.2753921764995557
-1.5844410441435026,-1.9025909332964241,0.4951319433121061
3.322507427308706,0.43888155281566954,-0.06507276816096394
-0.5547840978094762,-0.7839668293171425,-1.2430859058738022
2.191135932471062,-1.2985383397936812,0.4099418398957672
1.2607541472250359,-0.6837891490513326,-0.22963801380184662
-0.7562824112736488,-1.4864432572035258,1.3329332864950882
-2.1492101683291773,-0.7871675106004359,-1.1148878793431134
-0.3560408174070968,1.1049993909770557,-1.1584119095450263
0.5754180997200902,0.8997402463052516,-0.7306307252378638
0.1046646130402746,-0.43276584211831653,-0.0695525655342345
0.05929427858631995,1.4229489140335834,-0.3862312550083346
0.38520591643749746,1.364540401356101,1.2566611324301795
-0.7225896739620435,-1.2783594439321573,-2.157110091434788
-1.4431152152137736,-0.2767213391651453,-0.41396248856989026
-1.2372993162776749,0.35874464456113114,-0.6844877488556059
-0.949946909570941,1.5556255840400486,-0.2982555674011442
0.7806952738985773,-1.25688266496235,-1.078121741256419
1.4732116639343598,-0.2534880859018108,-0.7597125706784877
-0.461338846564505,-0.7119601117038415,1.1650242084538642
0.8136092897316219,-1.64272533867624,-0.902312137864696
1.159378692490736,-0.08608535570507571,0.25570885120939363
0.4988315854311803,1.2757084778664802,-0.7176422289533736
-0.2505870097394596,-0.5659474383402159,-0.6578609722576897
0.8445058777699261,0.7776356126844838,-0.4913939682999165
-0.3908011438461076,-0.7768259103597945,1.701154498288189
1.2727443321927687,-1.4881860510444542,0.6355172265300288
-0.007803264278836236,0.4170518601576971,0.16398947222312885
-1.1455770831508885,0.2976556127865898,-2.2149253355324396
-1.2703037290463672,-0.04936750843141802,1.1883677313851486
0.3848417026166376,1.3251889495753841,1.876502987323347
-1.6526065655224915,0.4858144042283285,1.1001543949256065
-1.4141668284666116,-0.09961507514570211,-0.17170626973798317
1.126504841414656,-0.025179687581535878,0.7107016054074735
-0.06744908935443462,0.30531490183395465,0.4313897654653201
0.5053338214490543,-0.5896598869749142,-0.9045156897434607
2.284941003141631,-0.7878061445279388,0.8893587816611668
0.8333125478399788,0.11518206149028609,-1.1751667352557948
-0.1905810263474292,1.1263249619175881,0.41786136112089894
0.43944760532590194,-0.24886912230096167,-1.6406736375955275
1.0503619756480704,0.453933946906755,0.8917678440908356
-1.2512262157234384,0.7442338091241618,0.6847773908056608
-1.1018710010329589,-1.5826874499596177,0.08698798297013967
0.6997704455448477,1.2461998028816472,-0.3037620399328462
-0.21508782019981593,0.30231254425166354,1.6190980768642702
0.2893764970263523,1.5255005511628061,0.8924608624233752
1.8914786959378822,-0.7281003249714295,0.7130321253731642
-0.3236195641358633,-0.650727295172247,2.312431021520752
-1.0033409267977216,0.6561153447739438,0.3051419235872745
-1.1343390218320766,-0.5512733506899345,0.5154638731158938
-0.2688286135486284,0.056107476495531744,-0.11392114459138075
2.3670771167900773,-0.4341221250444946,-1.196444478474642
0.16070181909883915,0.990367513767614,-2.109497728742676
0.48799979070132277,-0.13939239320526906,0.8291473854492075
-1.7219138137738086,0.3802957170029706,-1.2836974061995399
1.4246828451196218,0.6015327998259171,1.4312671953086635
-0.6485616099926773,0.08528600542619953,0.7954944720525107
-0.13127592365116822,0.2720743035247008,-1.0786772445303927
1.3223566446636865,1.5191535215062801,0.39977481131903797
-1.4001866740929447,0.44828458545596706,1.0754002206663862
0.6553053584851014,-0.23597559177272082,-1.517243169434525
-0.7244607198447699,-1.1972226061563693,0.9001052043702977
-0.5187438770384154,-0.6451767455659936,0.4681374401593007
-1.6184163677463703,1.8624501470524506,-0.7583652619433062
-0.30672796274720565,1.570672162322455,0.5344177894951344
-0.4089764983331763,1.1119182729689319,0.4359530550305201
-1.457134284469489,-1.8750496726083883,-0.3384812700158582
-2.133167526397097,-0.25856023968625097,0.9209307320383189
0.08093176556958682,-0.4943749633373422,0.4315189591206738
-0.6201633595689281,-1.2204764754873945,-1.0616176562671913
0.5934440789009618,1.8920416655811128,0.30877540436812445
1.2499468341837545,0.5770661671047895,0.8830974364270521
-0.2151915557942076,-1.5315805181901114,1.1656340539268861
-0.8687488003854754,1.0058366004206907,-0.34908679028777934
-0.8293423197832195,-0.01156250609460708,0.1816894366266303
0.0691625420978089,-0.028090823679951103,-1.9692770013022658
-0.4655915709045155,0.1120273101272322,-0.6697963641535646
-0.43949054615067124,0.0059862300025404,-0.033408455509057064
-1.156029189595525,1.8636176471160393,-1.829934812854388
-0.4215245169815954,-0.06133369116957124,0.23054730051077496
0.22069510995292682,0.4265726011666267,2.14947982661036
-1.5415637753369766,-1.0643241979992513,-0.6961528083767494
-1.5070087231107552,-1.6916494705478329,0.9709901788319557
0.2902740879544159,-0.09257232388463399,0.28051436682452247
0.8731532809680548,0.11076213135447581,1.1320449545335982
-1.3435574567267243,0.40860358975201355,0.5626602267257461
-1.9172434157032223,-0.038714979624892475,1.655171328391036
0.11698820214972762,0.30427004073035135,-0.0075263622413018535
0.35740726776067794,2.806827836839302,-0.2636013471934583
-0.5244138883378883,0.27400415133053,1.1299935834376136
1.145716877302407,0.03437067725879029,-1.4943924936135664
-0.07751192647391536,-0.45077670593935765,-0.8276325393363014
0.18194972462883688,-0.6685384333322492,-2.5462033669611133
0.2054258441903408,1.077040037852568,0.20882291331979083
-1.4329278477017244,0.24623864757855848,-0.8510259342459268
-0.1714647389359058,1.4943832129216272,-0.5679320246872684
-1.1941770595765,-0.22543691454057618,0.05318953987889589
-0.39694801991473155,-1.2473365341287337,-0.20782666268395752
0.35654161106703386,1.359974758815014,-0.48242630926445645
1.2694604963826972,-0.5561355662747037,1.3870730603434538
0.9256303805699022,-1.0008775868486346,-0.4283136600273064
0.08548225729659129,0.8535238841551323,0.5347642655098807
-0.26150595097368445,0.4955595221868496,-1.0737608247605974
-0.6216010761381902,0.17685901758862238,0.09044434823309509
0.4320518564035894,-1.8815490376882897,-0.10790537221510624
1.0403717885660086,-1.2215897305373793,-0.7331293316306242
0.5515584190806203,2.094381154256264,0.5711784521477465
0.6117748311256199,-0.1602913730872347,-0.8656190289359105
-1.1482501192646446,1.3967451157315045,-0.7181296034175161
-2.015616873408544,-2.018017441591619,-0.6802904196288366
1.58597310153068,-0.365098881446737,-0.7882176322274311
-0.08657108105570291,1.8133382955281359,-0.0789964889051084
-1.379256520087908,1.2751172421326293,-0.7428075291830432
0.24021253106759008,0.5718492139104477,-2.074755865177012
-1.005258585019577,-0.21267538571179856,1.2197164422237932
-0.821546950729283,0.1110176014947467,0.3745758789854225
0.654310265719015,0.6993455430071617,0.468184757819891
0.16928474699063126,-1.771795576599681,-0.18396781413116295
1.0670325432363423,0.1787764874529748,-1.6334946740013745
-0.5232794047371824,-0.20015817284638024,0.36131293244306056
0.22979004599312808,0.7481077451165992,2.7005857087198453
-0.8287787945022795,-1.09235221618624,-1.421168794198133
0.6334289337587039,-2.4995671998434474,-0.33613341829159393
-0.9718207609098735,-1.4822359883781282,-0.8693607917914465
-0.9389793906867738,-0.29189944540869417,1.3050457955382662
-1.1141881279162529,0.5358536670614297,1.2574473835167412
-0.24580989681936066,-0.9959121478251013,-0.0016792912999345985
-0.46048134571548066,-0.037139046659394624,0.252398087235888
0.35366529605580566,-0.26306721661154164,-0.8098880017299969
-0.9811284645860208,1.5044349787029019,-0.2354034545286838
1.8967194052534722,1.6516899796836646,0.5756267256523686
-0.66042164858238,0.07354116624749923,-1.4252994343585266
0.33627110811488875,-0.5016009450457011,1.9011833422108997
0.9754429038054263,-0.21971432240125244,0.23390434288540315
-0.32318078906420655,1.1327932855350253,0.36386847482799517
0.5388740024574239,-2.186826678057715,-0.13755301958601235
-0.3385303997607732,2.0481899554946206,-1.193394124227178
-1.3995377783337695,-1.3294718132582155,-0.5624120792936828
-0.7619337280993009,0.29225555632986383,-0.12674601107778638
0.9818385588449207,-0.16793899827425307,1.054230452213933
-0.2706594802990062,0.3895063109681052,2.575917204444642
-0.12360967558780014,0.8552586900438465,0.18911653171122794
0.27373071492844,-0.7141210512920936,-0.01786780332288659
-0.05763661817240842,1.9608505709262052,-0.3521223824141972
-0.6124138059309848,-0.6908209081161741,-1.466294412292696
-0.5633722604167863,0.5399592549624981,0.37813073673219544
-0.14545258387193147,0.09342728230060818,1.8116926244893092
-1.448887047426376,0.5464660576881233,0.7990429923966044
-2.1068340544505952,-0.023088822785271242,0.4743050306617507
-0.5749912276067053,0.6701193924937939,-1.127989806862035
0.47504688066131245,0.7703909716970704,-0.05790228097538645
-0.439038274460555,2.061655372358104,-1.661056798571008
-0.36642138716409656,-0.8576482955428889,0.6605448850941864
-0.5622277350329478,0.9834717084118975,-0.8918437591034594
0.28627066915848054,-0.48228113818060614,-0.24276901535576778
-0.22487709590287538,-1.0553792619370388,-0.1741234314123368
0.9833207350822526,-1.3745469474257095,0.5445338105310444
1.4450851244166947,-1.012631046947238,1.8388635046036157
0.22925139994206883,-1.816508551735806,-0.962558111647228
-0.298994672480209,1.7048677793420406,-0.034051692906698315
-1.3052770652070198,0.08775413042579498,-0.4393584472057691
0.7271595171862535,0.5463169559132839,-1.005899993250851
0.2297611873560556,-0.7153246190718575,0.30769386826781464
-0.38281794798384255,-1.14146196317685,-0.7605498696078825
-0.4430643843830736,-0.16266718668770203,-2.0627085420723645
0.4083480077328466,-1.3512473421949673,-0.005053553289881696
1.3624523538961801,1.8188360407298847,0.9619329733213217
-0.4728416950022893,-0.43312657989795733,1.0357217324195518
1.218639442303558,1.664867330351932,-0.5051698546289939
-0.11495361963208568,-1.8913149296012652,-0.4475320434482374
-0.9459057129106768,0.6501785732211594,0.5054290071492935
-0.8208280025427072,0.5876999796749804,-0.5490187777743083
0.2821132366630313,0.4776769997509971,-1.9490643602718971
1.4597086390851661,1.270776707876208,0.21993054069103118
-0.756510353781648,0.5360207243895458,-0.7312289744756115
0.8224332439153533,-0.7721733883348912,-0.4653355600371754
-0.679487664713326,-0.5514768884379635,-2.269713055411034
0.1588368565050421,0.041645405336620075,0.35645462879604267
-0.31240847610912226,0.960055723801138,0.8514903029008047
2.5254283841947207,-0.02709254890628039,-0.3763100803117496
-0.9093273753512955,-0.25259735822054835,-0.49875360572434824
-0.25230910999187545,-0.842853164428696,0.6200777375083355
-0.7058457671146152,0.5396179711731061,0.9704236757157522
-0.4489204582196859,1.0330255404448572,0.7304113984169128
-0.5323358541754568,0.48419545950214415,0.3963816127977436
-1.6907123022417867,0.20405418934062178,-0.17753458579633002
0.6900942918468033,0.3362333410081229,0.7978530556770363
-0.8443169708087148,-1.1160459235003037,-0.5974116501773334
0.21610997280392857,0.473123363006834,0.5187530403919125
-0.3865062578715824,-0.584798267189537,0.7242885844677297
0.18478150811343394,0.3252171369936394,0.42261558491736634
1.1151389674933971,-0.5240993831950617,-0.830452015923788
1.139201420004381,-0.544801927906048,-0.5505936148730529
-0.5410461779100593,1.8730310219482886,-0.6894936998024258
-1.1161569814218233,-0.8517988274294304,-0.5294785504981309
-1.7473218141756448,0.13632805990647126,-1.0812343563937228
-0.45136923102589727,-0.3397942081998559,-1.0151847149553848
-0.5654541766863105,-0.49476663962603984,-0.33796830916815473
0.41936190957315017,-0.453801376650433,-1.961796767200358
-0.13281404147425596,0.13533021401880763,-1.241230856253156
0.024041491587851252,-1.7528204343364606,-1.5488985152782762
-0.674988535824518,0.11386731736314659,-0.25426723417841196
-0.7131200712571872,-0.5888887715349209,-2.441363924071648
-0.05764458313554443,0.8293533657137172,1.1164988925154573
-0.8780584632894921,0.09783050246012154,0.7763265184466629
-0.8615796462177341,0.448114573740495,-1.4591204466451007
-0.19418474985616407,-0.35254365948035604,-1.8109157921149026
1.3661842384307554,-0.13988141691500494,-0.8000890342156165
0.34881116873966894,0.4380902100013431,0.6500848041557022
-1.6850877800174155,0.324156064296955,0.31154261749949375
-0.8357153948364135,-0.5379240081407561,0.8636681207732673
-1.3411937785570947,0.0480680492609905,-0.02284448156658073
-0.955912211860999,-0.25275878755744396,0.19815871697319384
-0.36819445665242684,-0.5569242589700434,0.18541797235062246
0.21982010356335335,0.323400378260685,0.4814596079779703
-1.6029689789414345,-0.251545096789698,-0.5937845703637487
-0.9486088565502916,1.1610490631526156,-1.1665346002657617
-0.44797957958571216,-0.09583830002097117,-0.9579465070470321
-0.13871965086399005,-0.7924785407276096,-1.3367951107327287
-0.10660594662946864,0.8426745495661866,1.6279469057492233
0.5164823754342007,1.535714288797633,1.0641676592465656
-0.06836475070173466,0.2849945595695215,0.942979786811373
0.9306584104460609,0.5094313368550264,-0.15973839391036582
-0.13462031219833992,-2.2928654356065303,-0.7991314534887239
1.0245876624881547,-0.8917937802656217,-1.0222206040983672
-0.29209373599743227,-0.23807271270021235,-0.8323988327307704
-1.6889809180910345,-1.0627832093598506,1.3823085590016144
-0.9765952948589478,1.244446781466146,-1.2521281639323225
0.6700928190763926,-2.2075971350401247,1.3173521125768441
0.3203559495093949,0.17967534356558199,0.15629882256381183
1.4687415053210597,0.46542980579846543,-0.6255988646895997
-0.9850933115507711,0.40520939800349853,-0.25823452651081535
-1.1969876753739224,-1.6488355394702128,0.23762191169584804
-0.5649816395340501,0.43502322882834804,-0.3951874270723192
-2.3761826073535377,-0.649190393801804,0.276475674073449
0.19538292845063632,0.9158432192836641,0.07376425759283164
0.12941890240176362,-0.28435976471239344,-1.1792457584578464
-1.3230502437013765,-0.12074656983506647,0.12136691777676818
-0.10787205966363185,0.8879915923756935,0.47251652796921134
1.6396066233486206,-0.16656882882696367,-0.7249457312504481
-1.0298376059952006,-0.006547063015459552,0.48057628810040903
1.863787600168528,1.0475576012208316,-0.25910253668223915
0.021361354408857065,-0.1839918354781242,-1.202166194523535
0.04618401455878809,-0.15943950050147818,0.8425080290208269
-0.2243616623323709,1.8222797631126118,-1.04270953151009
-0.8022807646833567,0.35852134500403976,-0.9244583762076738
-1.3081613537410721,-0.8195089709530557,1.1822954235751346
1.1665232906416105,-1.5737967634059105,1.0762184447123708
-0.6257025860951014,-0.27813101576320015,0.27866514465232783
0.4642140654194861,1.7384320739240948,1.1142765509617956
0.9743583993304388,-0.4168291594170706,1.3890777437715698
1.1782421582163787,-0.70032071791087,2.5025684762753073
-0.1796396300074025,0.3987668773045414,0.18856017211658194
1.241535030392499,-0.5724314305230064,-1.451466775693631
-1.3278357571297577,1.499436158882251,0.6088167880986282
-0.7497775674015859,0.015523570245607484,-0.4515880400465754
0.18632878579007958,1.5527178143725169,-1.857984483223135
-1.4841876439059511,-0.5636957041597925,-0.7527951438011793
-0.7717686737912738,-0.3118424082123321,-1.696765641905557
0.9579037490833578,-0.8623727048820903,-1.056661415097857
1.4247841445939906,0.021829785999632693,-2.1789207229593
1.8238439787339582,0.24606508339295421,0.15888047110322878
0.5408405828621253,-0.36241363504913027,0.2949807240893691
0.8962691254570879,-0.4974350367896487,-0.2556514327601294
-0.0012034392456948958,-0.7295912845661758,1.4465128318662563
1.2753398637482913,-0.451033260576529,0.7177504709974099
-0.8821006306996408,-2.6782337571180337,1.3824487849810962
-0.8308694012384049,-1.8310816823654779,1.2468197760014856
0.2608344539073225,0.3742252950734298,0.013378084623092392
-0.31532942259756847,-1.2838308840498236,1.1211554407971285
-0.6039433003747796,0.315171360635678,1.012252386094612
0.4873502717046563,-0.7951951572274267,-0.681318694444393
-0.6044187235500358,1.4937908430662186,0.7676289571780581
-1.5961102540933962,-0.4782794684715645,0.7636616222400884
-1.124075293264119,1.1262386947661616,0.14035356508692093
-2.9169852512616545,-0.891304607838328,0.5105936827948018
0.464221418588124,0.6906110278541939,-1.104678383497345
1.268612566568021,-0.6037877967979844,-0.3705851694534846
-0.19033315718904167,0.7454756746719445,1.1879183882745599
-0.7381433165712735,-1.0134307615026807,-0.852331493002133
0.6118870323295462,-0.42356923819642484,-1.0478496111955287
0.687970609902955,-1.7933345807202665,0.5190254399581538
0.7750274243212044,1.2516654008884185,2.2160453535379787
-0.19500259752507684,-2.21740570022081,2.3889338740455877
0.5938694733199669,-1.664830451717243,-0.04432098920457235
1.5305808331637674,-0.07314507043809335,1.2497041037219618
0.7971148631502751,1.9917021793018495,-1.9865989663311974
-1.010116561262753,-0.44131717149865884,0.01893855053910282
-0.42111371033150363,1.8874830882028837,0.13360526688179178
-0.0006658698278678815,1.5543266105009552,0.926756745951298
0.5423016079820111,0.8879655332407098,0.13806939171937263
-0.5062914538486538,-0.5972637719704252,0.14437613902440766
0.3996146846051879,0.0742599550262544,0.07243470924227062
-0.13116358952820956,-0.5822828078766965,1.179086585818186
-0.750738069306551,0.7541841866952551,-0.2433087868317931
-2.2937774686924834,-1.1462549086437712,1.0572498353053512
0.4562016832187141,-0.28597480370682066,-0.49618046890395856
0.2119013488543783,-0.4353594654676264,0.37100640518595324
1.6245312689898332,1.3546928433795358,0.7096443484896209
2.012384845350984,1.2182806593710842,0.35770724700537776
-0.09784756002126936,-0.7263233763307876,1.0238589835924212
0.9938356833592152,-0.8831471177815752,2.566279968426954
2.0974919782755284,-1.1439359320744962,-0.731645996104975
-1.0802058015677773,1.370528067670402,-0.20945690163920042
0.3639395174536859,-0.3096902669139939,0.7930524864186708
1.7852055781657261,0.4931084936361744,1.0456630557422106
1.5916072392171228,-0.5797251140006383,1.5526844993567888
-0.7041775395475208,0.01064712799035033,0.2750242390059048
-0.08891746913883843,-0.0559773856643294,0.4509893463994988
-1.3816430907304134,1.4643812344495164,-1.160315137583766
0.4794419955840578,0.7064878453060789,0.6690666983877651
-0.4918178989511505,0.1045636057516613,0.08875233622146542
0.7422928448553295,1.0562426584717923,1.9789163318943568
-0.3295896673882974,0.17985544692812416,-0.7774852110704206
0.6975519376910385,1.443798340774208,-1.374365883293914
-0.5685480867152468,1.945833952562043,-1.37588765493685
1.6779147091801148,-0.1606517793924612,0.588708022080062
-1.271735317841686,1.6019766494011747,0.08998756112450733
-2.047225314286388,-1.9826132660326015,0.565785613425163
0.39508696561612566,1.888472513189869,0.4879316916385387
1.5212989745870555,-0.2747215190062739,-0.3653823647477199
0.01968327621656032,0.5296984462581804,-0.09200881961089835
1.5033423200982106,-1.0315755405715437,-1.3531252312953945
0.3228622463304111,1.3985552963177925,-0.6434169472077395
0.6597217693650814,-0.6370024534640085,-0.11711172506603644
-0.10322426500736981,0.08784296226198707,-0.5308512277401938
-1.3183651862378318,1.1220148721093386,1.2816659781925979
-0.7635278084235674,-0.6957329741345686,-0.6518250476741213
0.12136452700209138,-2.0111634187827594,1.2813265649587458
0.5206125273393805,0.405507929353837,0.0010489825584917962
0.4665875198083331,0.7089495882284143,1.6992415412373065
0.17370405028645736,-1.1520266534133081,0.17335561116057172
1.8467630034722142,1.3159920116044022,1.3658586785220195
-1.2003558010092306,-1.6982933405669858,-0.6448808836922715
-1.1547063722323265,0.4738882465848114,0.35000068661999195
0.2585474771417675,-0.347170215880462,-0.22034816126007015
1.598834944851261,0.8766866624547607,-1.761258530694663
1.0885524765603154,-0.4944653154705598,0.22201188739735345
-0.42938051510145747,-1.032585610349683,-0.46364866645199243
1.5020131498569698,1.032504507199132,-0.20247188035798758
1.5322790753642557,-0.5214709270870135,0.2890875632741107
-0.4740976973962896,-1.1082379945524288,1.7443129049869504
-0.2995807279297687,0.0759287174897514,0.3684445886300856
-0.2727329609509037,-0.3909285254444871,0.4203742669443847
1.2513445635957752,-0.27562720904930826,1.5121688784002758
0.6331621195911555,1.4769371742740456,1.4923648906676998
-1.5085934441297546,0.17142766295224793,-1.3280654523986817
-0.8599799223597107,-1.2575799486622719,1.0935781855990965
0.22355646007672716,0.7413290676589978,0.7138877369992583
-0.8141825504419256,1.237088790044698,-0.6521303293822678
1.3621083671521983,-0.5153045058628998,1.1737446028616967
-1.4734589032259402,-0.7451545836618145,-1.1182887368048793
-1.2890276589612757,0.20009585341927463,0.5514974574652555
0.09254110237025506,-0.2747812506539912,-0.47923999882409996
-1.2397905986091895,-1.907904177162169,-0.159186132286353
0.10678955723462442,-0.9862114126683836,1.7520529290066176
-0.010045084495319772,0.017028836446791422,-1.9091798814180356
1.3795021776554965,0.5955058346690274,0.8699289733906216
-0.25675508264253927,-2.375573385551954,0.423692171015865
-0.4746721680799455,0.9556976421462469,0.6665278450427449
0.1544580174962553,-0.06704777353664876,-1.552478100805857
1.6900048993410846,1.2702114330872363,-0.05205265283323522
-0.8074181017982336,1.896443153186214,-0.007102389585958569
-0.32213375300956687,0.8851913713967903,-1.445708088519005
-0.4445515322443411,-1.9142651529172037,1.0257556490391189
-1.7590728667899738,1.6718616831482271,1.334076311848495
0.6671005974489812,1.3282800584223926,-0.4335932939061539
-1.3110755178965545,0.740067965531383,-0.13640580003884425
-0.19206804404069647,-1.1017723108390634,-0.5011756703833811
-0.546442646337181,0.6380913988426677,0.04294677513896365
0.9874736457502173,-1.468755033676551,1.020868594886873
0.06657925885049036,1.3250001613598574,1.2583222083324488
0.36596429857334106,0.6523392095970778,0.15073012986718243
-2.3837883740026924,-0.5631997728423285,1.956971201060583
-0.5781871514288833,0.18314656229457316,-1.304303840233554
1.168834790906677,0.9078541037448191,0.39507731528552437
-0.8957594926437671,-0.5809592561761887,0.6134201807494799
-0.6034947688609295,0.03527899139213475,-1.8844857109706705
0.1715846922438743,-0.4886449768611036,-1.085986036990253
-0.645275520203319,-0.08282976845065211,-0.09881507384741459
0.5335542788208318,1.302087222511646,1.0348884773337221
-0.6747770117600816,0.3746233616749238,-0.4287983741333089
-1.7035383201145888,0.16684904163943443,0.06769557644558544
-0.21528542466537176,-1.5323065415664416,-0.2069938945746519
-0.08941305661787405,-0.495299111198683,-1.2698807069384355
-0.012941729996561138,-1.2912464326968887,-0.7939445934698428
-1.7476541082591206,-0.11079341132799067,0.7722781656857828
0.4848064566178544,-0.1754704009369544,0.42489454540303434
0.2995410699450489,-1.1237064398118999,0.9474760025801167
0.22647263820820338,-1.384086917382821,-0.34537909590093857
-1.6770978178543854,1.9410030416955473,-1.4559324082729388
-0.10865893187647947,1.284854055805865,-1.0953169606835047
1.2545529869669165,-0.342911266234723,1.2482906451253764
0.5131179328803908,-2.047075231957144,-0.4718640237559011
-2.306893522811194,-0.13281905185710957,0.013866894344553198
0.2877610299112148,1.7942442928654319,-1.3542753360719082
-1.0204178671994886,0.2800678846719965,0.14201979038311718
0.489424967983,-0.5484165621088304,0.14792426464503391
1.0448459920062259,0.4845561137571703,-2.206104534584972
-0.5017318537404224,-0.7283561967535179,-0.6527635088835768
-0.4874000857321521,-0.06074599864630413,-1.5736084976142235
-1.8834882721590656,-0.04532475515437415,1.2457621091859241
-0.398071608801471,0.8686132446670002,0.825773133411565
2.7159063029101262,-0.06547235687971689,-0.2109760670165433
-1.7249634338548507,-0.07790353019441404,-0.2546848437136889
0.17697191422359418,-1.338240545114253,1.3596902007352623
1.7937307730919712,1.0003381863757927,0.7539624154179813
-0.21776042365028855,1.4521287117067372,1.354749183838444
0.69351261314716,-1.1648617838012656,1.0452017586774656
-1.896391792160558,1.9741707244352742,1.3929595383630917
0.41328246835574073,1.6052756673835664,-1.1033613782997866
-0.334630189036884,-1.1602778894017896,0.49508533574548313
1.0518226486517015,1.7210859534204923,-0.03842573281577507
0.07591071364727284,-0.5785008463822418,-1.6699930172622284
-1.58155410287714,-1.9242379380957595,0.5304098464535326
0.713250676215719,-1.3511770220158719,-0.682032984704962
-0.1737435097781693,-1.1530303879558346,0.8877977995680713
-0.044906252468550296,0.7309410012903763,-0.6460932618367008
1.2390535508525362,0.913995788191835,-2.930262813811021
-0.5338282145333272,1.1960309364750952,-1.0750612683338092
0.5439301513263449,0.5691455621087477,0.8890864982441835
-0.31698216131408297,1.0116086124703356,0.5113632121455944
0.0029509825064355385,0.4751948277731194,1.7351049719298046
-0.8550450392030319,-1.9497822507993925,0.21162311607375558
1.4286221917212563,-0.8931467055941719,0.4656336608243729
0.2885741786144573,-1.047308644153584,2.087237227643804
-1.764647081091892,1.7359075265719974,0.5914710571410112
0.9327123340600078,0.1809614386503144,1.0798554407639473
1.818659911939269,-0.12791852591839986,-0.10113189909998575
0.6925861798092127,-1.4376605303201886,0.32968973540984087
-0.4096909595058454,1.6858081316941491,0.047917743871333074
0.8745223370847944,-0.38869409847753,0.5779551850579788
0.07955579086781918,-0.21643235093973248,2.3870828663916352
-0.8508483644684073,-1.6353821357739629,1.6354578129920414
-0.03433475109876996,-0.8204294003729434,-1.6792122020730504
-1.16995117760399,-0.9852844553492548,0.9631595759307034
-0.5366722779739699,-0.9727353459778239,-1.7747207302258485
-0.1169693775849685,-0.3957627154815286,-0.5223375631851046
1.079544002139656,1.1106135387247205,0.17660274301272294
1.0494978514947395,0.6722342785538439,1.708354683841837
0.07973792744874475,-0.1510974926843179,0.6955602725635047
-0.2962696449051193,-0.294109402369267,0.13937412270765778
-3.2341710793956744,0.6436742298402012,-0.12817427807307927
0.4142345529408753,-0.6252359731944799,0.5935043443451675
0.02087127094291314,-0.16580300494503258,-0.6025351053859055
-0.2391916460855956,-2.273027756865149,-0.30454905768468593
-0.5110343042782336,-1.3369494397104622,-1.9337679780195742
-0.004775347326321992,0.6697799647011821,-0.7024350393578181
-0.7246651316017744,1.3937682514926986,-0.5320199561627444
-0.2588812363365636,-0.01724921158006587,-1.3264335230661506
0.6436239852265563,-0.21645491993965582,1.0042170147923568
-0.25923782589170535,0.4963887548536451,-1.3657320582628079
0.22356226140019658,0.17837353818647697,0.555981802413783
1.487705811175369,0.4386741608485867,0.6949922211750017
1.2302768370951922,2.2744513572618126,-0.5458813487070553
-0.5131805132595282,-1.205478757828224,0.03984299913309972
-0.3277384233349264,-1.7652255222325455,-1.0848717070472549
0.951637669192919,-0.9870919326742059,-0.4486031678884153
-0.021574970156714897,-0.219012674011682,1.2357551360465917
-0.047595580731571135,1.0969297844899222,0.04365928309235775
1.036629197757047,1.2014766094950307,0.2789997950094507
-0.3479741454220095,1.5228119761147136,-1.3003642569098928
0.2702759527308562,1.8738240807280255,-0.4445698358903762
0.650546678630358,0.7984524656688483,-0.29345034183714813
0.5045868205931113,0.43597458619816815,1.4056907450507188
-2.1115339429202087,-0.9572881259098595,0.6498960526753181
2.018785238315725,1.4263071753045993,0.6870636814830742
0.3688440354705679,0.051474970535256244,0.22389754438341308
1.863996751173954,-0.09069426127941678,0.04820061837185726
0.05873353678348404,0.8171751339010361,-0.48330316683719143
0.20572341450980178,-0.010198260280948114,-1.5002770140726298
0.9312285097153361,0.09197669770735961,-0.4923126079603582
-0.6372090686938489,1.481649484528802,1.3265222690405236
1.4657088567757643,-0.2564237749014853,1.3746230935987793
-2.5029619413000916,0.33588776281962157,0.4150224793765725
-0.37750940882957085,-0.25893056583815105,0.5210566877137142
-0.1743476521417018,-0.9543960876780643,-1.1236390878818314
-0.060888958905515926,1.4713798630741943,-0.1803566109694316
0.08932181918494474,0.4589249591716277,-2.2116708498193547
-0.10805254361186745,1.3422262107189624,2.045694276604773
0.359029694912886,1.3486968115750904,0.21397901840703562
0.00753325099314998,1.0494568828588733,1.6172487584158952
-0.7588555964053657,-0.8913415130894942,-1.3025946744566765
-1.0255866076116984,0.5210919047994024,1.9950210161411237
0.927083476820889,0.7450118081885957,-1.5255082530622637
-0.9020274761303485,-1.5187633597997674,-1.0665248506772536
0.26231824985258106,-1.1446710297648472,-0.15101608751276835
0.48993034312765116,-0.4555479222320912,0.49777384339050995
0.3048956596475924,0.40880974883557114,0.8299645052873637
-0.41786130028083474,0.6194056967983113,-0.7060234699418773
-0.24135821024883405,-0.45977369427756537,-1.8265871142009849
-0.8341470287360709,0.6875284055468862,2.109219275559324
-1.3824227741837853,1.3225924139023775,1.4137629676531485
0.2354313443283949,1.136592953142267,2.2556465391449128
-1.151215571452812,1.7593558014589583,-0.2335911463038897
0.12807418082623045,-0.6940407244401048,0.6810218845345414
-0.6102245314162024,-1.4360323136672979,0.22165989218070223
-0.20612424022865636,-1.2114960079667705,0.6733005932082383
-0.06542322593108975,-0.23859937270673656,-0.6384945308568075
-0.2709005969070977,0.7003600631198683,1.5876362995084303
1.8528484550618232,1.5365690330802209,-0.06711265068839019
-0.10761819239751172,1.203754002490014,-0.5358934877770853
0.8603471321213013,-0.06684461105923363,-1.1031432854308438
-1.5496601212843937,-0.8631140622251195,-1.0772997275998604
-1.0995944701737659,-0.04087841680534487,1.3860309234475598
0.4813250035988302,-1.3895205768065906,1.7395666285110474
-1.0800808645505913,1.2835269781055085,-0.08652195608734789
0.8294873386625701,1.1120409797280484,-0.6782343626123513
-0.5078304019398767,0.8807835993146299,-0.828788817646233
-0.991072438239411,1.6258552632456311,0.6223835874026608
0.058757228021842335,0.36421912837998627,-0.13553488499337277
0.040500399126203616,0.06788694518293692,-2.7422079263802424
-0.491535024601874,-1.1700799893520708,-0.25652887382677253
0.3660725482535357,0.6461381858461948,-0.06335916894570402
-0.8686259269831348,1.3679740016018709,1.118479480764648
-0.6900153683515172,-1.278672198871958,-0.09800530671146411
0.060287564412306684,-0.5710678649443286,0.2513031360102162
1.2560441332619796,-0.42698312903141283,-1.5629137664320754
-0.12766418276528743,-0.1573162156087792,-0.5719457332965595
0.004467303417988489,0.7075317269339341,-1.8835688021062402
0.024069152958345004,-0.963633045422793,1.5682205112147423
-0.30748583955438397,0.47947423096998126,-0.5699053551261667
-0.18655162966952163,-0.5235028088471345,-1.468477566487876
1.5115641716271042,-1.1267237754645503,1.0955659332050123
-1.1969658572470927,0.6634259738792314,2.1274682125876456
0.5723156817733751,-0.7830031070094651,-1.0010001185066204
-0.7133654406470722,0.12996068426761795,-0.9113041203561729
-0.7572993599524338,0.2983328956017247,0.06920771924778417
1.1793550720217767,0.9978507143435605,0.39366351391441307
-0.5681249494058475,-2.1043226635982704,0.09611954513000387
-2.000695170120867,-0.4564454990916498,0.45932155505039873
-0.2553144242547163,0.4245549025411697,-1.6328278522574726
-0.31916816713264495,0.6740293038146132,0.2718072164853736
-1.0919431483634494,0.2679430716040021,-0.4381785375848873
0.5073011572457444,1.0942595715537584,0.11311520564472059
-0.32354235140604315,0.4071933778029698,-0.8831743069348746
0.6594872555047601,-0.00943460474510793,1.1619272082269292
-1.3045491014680528,0.09855650778234065,-0.7367154490036653
0.379350853836926,-0.24476161799099472,-0.6324854395537582
1.4239918280963566,-0.5432459216183808,-0.19781828655511138
0.017850800164607127,-3.093370802411798,1.4418262319485036
-0.6107162845343158,-1.099208491756093,0.6789248315724914
-0.18974055657726355,0.4013967081285122,-1.8917157711334887
0.65939736421723,1.539110508692677,-0.8824838864503964
-0.3930615947458415,-1.1200858420921578,0.7422112705360517
-1.0683078553272307,-0.5986814044125612,-0.19924582185239764
-1.5749781234047797,-0.7949058251068798,0.284362082638279
0.13195144680032778,-0.0449155066571044,-1.575736786154447
-0.7748335757352629,-0.5173982969921046,-0.8617853313047084
1.168739837006024,-0.5601492007271189,0.612706932971297
2.0069127003127716,0.7609144539532806,-0.35351428048107025
-1.1029910424038554,-0.03693584196814011,-0.16692619231799874
0.3951862226185349,1.8268561055170645,1.4474496698156745
-0.5640215319519005,0.7196785289305297,-0.1585213880563373
-0.09412683076864306,0.37219501857769316,-2.1459912059676216
-0.12443269567340384,1.5064674871182433,0.7617274499631985
0.49251271145398745,-0.942600137869608,0.7187451135960817
0.6716293803642708,0.01090537924444162,0.781034575636795
0.4828663145810692,-0.24141815437467762,1.0245231407332607
-1.8686739666634786,0.13833452553681114,0.595582514137753
-0.6994278219636083,1.2675602731934408,-1.3661190292700431
0.2439108018139943,1.2255228886518355,1.3703424707363807
-1.3406993242314527,1.117447334056458,1.1992773954058074
-0.7729407448390648,0.18162818567026923,0.8317190792412908
-0.28587358104364835,0.8339161106759228,2.0485208094366736
-0.6547303970136243,-0.2667627493404436,0.6468954753814073
0.7503062034436108,-1.003736213221725,1.7983734433059169
-0.037895782349117745,-0.4892436200997789,-0.33190694247806346
-0.30263031020893083,0.3565169875695878,0.9762500126122596
-1.3055400156614068,1.7682449386169221,-0.024367620043656002
-0.8027805948012168,-0.03174077753133531,0.641520995517016
-0.30573331534074033,1.6782306599075725,-2.0155071557875566
-0.3386436315004393,-0.6176627076676287,-0.787218814762807
2.4506954266289864,-0.10432295998599815,-1.6019322726583942
-0.5389742981430469,-0.8144050493715197,0.05011518470269779
1.1602538838420324,-0.31436493231737556,-0.21905353852968748
-0.03370559814906442,-1.2030738219206865,-1.0473590116174443
0.8046080257398017,1.7431981867027841,0.8245351673622695
0.8786745035823725,-0.806944515983177,-1.156261625982446
0.9178159142076234,-0.2498273995090308,0.38852791835535955
-0.7701547868160888,-0.15187572393506785,0.4291217362543838
-0.6678850647473975,2.1051784004478145,-0.44651528784047684
-1.201596654648966,-0.5974231846132687,1.3132436376346674
-0.6261761039798922,-0.8748554128341374,0.08865628053648925
-1.068816212716324,-0.9829008883107866,1.2186174778848433
1.5823492125182372,-1.1116050070256567,-0.29955915133361827
0.7196231152594715,0.286587953322082,-0.04575876740000947
-0.7679707300897729,0.9402805854486171,-0.6607852977725333
-1.6418238797141484,1.179711411072601,-0.3569345946985198
0.37622903857054857,-1.0219066332159674,-0.3351663836159519
-0.9503786123335171,-0.191920884370847,0.11886756227730119
-0.6788291190229709,-0.9981777097655505,0.9311296459085873
-1.0455779785188402,1.0316529553585627,-0.048915924025146086
0.07233816839642812,-1.6306960852903074,-0.12133208772826562
-0.352213968305976,0.6234567858495184,-1.1688789679909999
-0.5310051684386391,-0.7845495170058971,0.16203441775815322
2.2258568188953713,-0.46007986684072116,-0.48884888953758515
-1.2240898541263188,-1.313633457735538,-0.3081680429170851
0.1311835990420032,-1.266234383837131,-0.40516157030008965
0.11076494437209046,-0.3949255317885087,1.5582674460061776
2.7370090549282597,0.2534197996441067,0.05865504149304194
-1.1067944002326309,-0.912648501069633,0.3907120566559959
0.09887663118012267,-0.4207007987934083,0.6733138491025906
-0.6427447142102951,0.5315984569443784,1.163572467167435
-1.3497255455090635,-0.5058272388546052,-0.6714662480541955
-0.4351824523393886,0.32728409753173543,2.161582835801341
0.13087325790547769,-2.7070136498845945,-0.32299468681062
0.09020572823307801,-0.4019434189640693,-1.0279882071173378
0.74260584535856,0.6034624916122727,-0.8021155290466062
0.8194160455494769,1.4927614456537996,0.7872417502923784
1.33408338050984,-1.1648058706692412,1.1137006677296586
0.8532549027675641,-0.7306445776537893,0.3094379577087874
1.0222570801635031,1.464202976482298,-0.21376596007417017
0.3160970941303969,0.23135720748635072,0.6107901496013098
-0.13606123814113474,1.1012201954244905,-0.8341336127768908
-0.8906072447658886,1.633110617142855,0.08529703688191204
2.230360174921151,0.5475564509695688,-0.39311657608804157
1.4931116032554381,-0.9169442834276997,-0.8333652614558863
-0.3348025315973396,-1.0624097209332855,0.2964335788259503
0.5407832905918714,1.5490499986385338,0.2410207550195265
0.8697751829287933,-0.37379327181498395,2.185203035965646
0.4299794810709565,-0.826187374461657,0.20270992763354292
0.3793429898925027,-1.1725154805974718,-0.8499445436968189
0.28059208401583996,1.2318982803522673,-0.5985403191525668
0.3865075250239423,1.209836692984508,0.8812404514855846
0.8062755686925979,0.8528961023431637,0.25700623622009466
-0.9691957694900648,0.44853863143934924,0.9671108941519778
-0.19100297538541583,-0.4625459726617199,-0.18578576977551545
1.0578525261476537,-0.15350428699768587,-1.4489794759142447
-0.9834708872262623,-1.400601805715635,-1.176121082461112
0.6161998751904187,-1.3800263908479833,1.8879982283703276
1.4014476853894722,1.802270688964793,0.644248959269427
0.3780613159678777,2.012283312392589,1.0720305944068569
-1.6426090304731449,-0.6001901008001911,0.40814847922022174
-0.2066310283308964,-1.26487847751343,-0.8713391015954142
0.6823098244003921,0.5057034062754019,0.5277968393328147
0.42673879196356196,0.36481635697662745,-0.19375389247561198
0.44119019427432626,-0.06935198722056037,-0.7400420960691916
0.8536629662575247,2.0834741659311096,-0.6798937900289269
-0.031352143569083245,-2.13465274948367,0.07971254379036753
0.40540767675760514,0.25942904126222344,-0.5520642964331394
-0.35477265933993096,1.1121438984668983,-0.40752879677013776
0.5565107296158325,-0.17586974609225806,-0.2626197278753945
2.2833362989594694,0.0993502585717792,0.03963616756764613
0.4700828493916703,0.3159172252170146,1.478838891217844
-0.7089120523325002,-0.9742069344205352,-2.2358016924507256
-0.8904263472131813,-0.006335406505680054,0.487199845005678
2.3679442215505575,0.6954781119571707,-0.19365050225337224
-0.9989360612833444,0.21579392864416827,-0.2811657615940711
1.1407159008943122,-0.9386548312315567,0.6027240242737584
-1.9416223750450166,-1.8920107845725405,-1.0339080067726047
-2.531469670633256,0.13965587468675894,0.30758658501152647
0.3219857053835811,-1.2672846000114777,1.8341687919573977
1.4398947259219348,1.5138950927040205,-0.82712660088039
2.034304372375149,0.3767163226353912,-1.9597906955811577
-0.00824213405159043,0.5235079129593484,-0.5323231423173884
-0.5391093628424877,1.5919626042614048,0.24517233682450648
0.1509623876060338,1.074112134210325,0.3884598594354723
0.6365574617592732,-1.3007535679305444,0.45340458867888983
0.040659008563988824,0.7005800141219324,-0.40239351739456436
-0.13404509803413897,0.38360482191624523,-0.6508361610146611
-1.3216810971602238,0.7411080915164378,-0.15303626193152514
-0.7941083850702993,-0.3615061675701109,-0.32411280572884915
0.38141736919061753,-0.5639705870961411,-0.07717853797874638
-0.49612184239890394,-0.32066567553870134,-0.014315858620240174
0.8537533911234251,-0.1976683942056103,-1.1000685211581933
0.023291176326550506,0.24863218501942774,0.06826264978378409
-0.6020527929048936,-0.8521752440045954,0.6967776660514549
1.1508773518993543,-0.9474232644739726,-0.7375525809766548
-0.36742992553654985,-0.4184795745351398,-1.7367967683163013
-1.9098984721159267,1.2511875812666102,-0.33991885881399614
0.28463055253403874,1.7541646923615744,0.5843621869077945
-0.29031639687353844,1.5608619410858457,-0.08416398308928226
1.045950800321502,-1.7321377311545172,-1.5354044572016834
1.7303323540583357,-0.7216113887498671,0.2372797495105403
-1.134092262224308,-0.1650801560547289,-1.4521948064758294
0.13697363424054296,-0.6795864370322021,-1.453326383997308
-1.5325208062177824,-1.3399229443629397,-0.5080747897477003
-0.1942341885384623,-0.7147345899159234,1.9598901287297246
-1.1976987410296989,0.6500215013046873,0.981302688881037
-0.3252508389123045,-0.2304740753229086,-0.003835489227089473
-0.9295473906110489,-0.5135516768633185,-0.5212748625972589
-0.10491277504545192,-1.0183439843596556,-0.05722365484728683
0.6004902546930746,1.9394759277788303,0.5668929024816605
-0.5864300337168701,-0.11132041442011056,1.9512523863214386
1.5203112583312202,0.32064022855685087,-0.9120266153532507
-1.0783268969422903,0.8551241364464647,0.9643437038399038
-0.5805810794104183,0.46153709044851,-0.5974462460220383
-1.183949602690068,0.22423440786496251,-0.4272004733944708
-0.05173166272215994,-1.3386393915231802,0.8781913122520014
0.6003512061487847,-0.07400911002936121,0.8549638726497393
-0.9041788470022113,-2.0650649712608367,-0.8662726407578631
0.6738410295550883,0.9001627110374556,-0.6802303225169282
1.3134168948392235,0.29036525781456635,0.9578786106696232
0.25346130573494075,0.7887882600875131,2.531300589440681
0.7955777790602149,-1.1435749690337962,0.2601365743548116
-1.3461401416120615,-1.3601988200426742,-0.018521324770837993
-0.8464480590277365,0.8477605428544425,0.39293993144516126
-0.013117618688883573,1.0587872367068043,0.8202457728217611
0.8980451651349741,-0.3945858394827624,0.19865633999123658
-1.6069544553779007,0.5340686275494577,-0.2625566374184183
-0.2774053971183055,0.8284381333133943,-0.8503124707970112
-0.6438458169764226,0.21035938629447426,0.9940191570247052
-0.7359664097900904,1.8073895033603236,0.0068454681241135905
0.5772789311505266,-0.30244523244971494,0.03527732277869059
1.250126979444129,0.6650237786879686,-0.6809984091622777
-0.3407421354220237,1.531574833780719,-0.49755467616645577
0.5078427614841856,-0.8964625020650188,1.234007503992176
2.0359858612198702,-0.053207268160717296,-0.004302514163610849
-1.2583691970516546,0.10082263775117128,1.401761206845941
-1.6632084651167682,0.2789391550986953,-0.6300752383588347
0.6937868290399453,1.2014603396634458,-0.11121576611178928
0.7670337693659459,1.3050510654597478,0.5282929115631645
-0.7275713363637093,-1.069902363772081,0.5246679587166984
-1.0541484390054987,1.5979722605701705,-0.6125853616746911
-0.27858155379183824,-1.1673679058577553,-0.12868062140809478
-0.3521817934224516,0.8790447500227402,-0.0385917598780451
0.4582058818304036,-0.14700604477787346,-1.2985417642037869
0.3328702182043732,-0.737780709282639,1.8925146587171113
-2.0564335184591496,-0.25281248873253664,-0.977409123745005
1.3911751897538935,-1.5421873411107274,-0.08327224259001999
-0.456213514647679,0.7321080165440769,-1.405025512271247
2.7049144127136886,0.39353870177321576,-0.32475268177657435
-0.4928579394786854,0.040008318377781425,-0.14297798950066185
-0.9640410969231079,1.452731590330487,-0.05217381138469076
0.6319576561276843,0.42959955116790705,-1.5795897521955586
0.9040014014257629,-2.1581727819054004,-0.4792542181111861
-0.02861157153987559,0.3848757813251106,1.5989860119488861
-0.36183048744998214,-0.8818288576475221,1.9812610510277482
-0.7850765753252241,0.5392339415531856,-0.5241846221345149
0.8021163025034381,0.39635847559523857,-1.1754189985909997
-1.3033640022179072,0.8696312685784019,-1.4407702601415142
1.7447888952059403,-0.4308235098134703,-0.8365637673295216
-0.3910511742363272,2.5175567570415636,-0.3735821943190624
1.5392572988724462,-0.06308823913783079,1.3263181303703522
-1.1229769647559031,0.3358240119156997,0.8780908692434725
1.6851501942039475,-1.0692708320569546,1.3999772230058938
0.37511854274194395,-2.9428674048520578,0.6059894522433529
0.44416790359245983,-0.1439122006493721,-0.8005100887129919
-0.9542870723668773,0.37945928278878266,0.2680949014815981
1.9367424315499633,0.30096958795876044,-0.5329957359485951
-0.5173898788126237,-2.1032751898559496,-1.649268257495704
0.35032101910801167,-0.24736856273855018,0.6766936242644008
-0.4813593693032039,0.02874109893377419,-0.48370071681236776
0.6595523756377069,0.5016813646739208,0.6448931421213168
-1.874164631800903,-0.6386959401587401,-0.8029591197074596
-0.5686709354220144,-0.3733126384528036,-1.165477838682162
-1.383705749917107,-2.108115738571512,0.659185362613156
-1.134069553050943,0.17413439956957388,-0.009174496757500839
-0.5155857088343682,0.129912487065143,-0.10982094357166175
0.12344938177734698,1.3389757376224773,-1.4217905884216877
0.4417612180400779,3.0127285760721243,0.3370807270645013
0.13918942444896276,-0.29700952560722316,0.29038276305684
-1.1214261681404987,0.889833658533988,0.6018031414621611
1.8122296894112195,1.5445300047186539,0.7444963507569694
-0.6223523455255069,-0.6947230349128566,0.730875721975277
-1.288748784098885,-0.8674430504047386,1.080362033603628
0.578312451480546,-0.6118114103668394,-0.14608965538053226
0.6423231629861705,0.3767114257297524,1.6391656352688957
-1.5450654585012358,-0.9137091129199131,0.7648001020972908
0.6919158195754102,0.15113028324038394,1.4314949776015382
-0.3793871493986076,1.961318357379303,0.575784041479081
-0.24070508273805863,-0.4551708925529794,-1.1845382093342536
-1.460891361061431,-0.7661456887474976,2.177063800854719
0.0008456302365948282,-1.8907685359835442,-0.6380333427466675
0.6517127631073726,-0.04187913288540044,1.2292683088253442
1.0548072583780455,1.257245245308141,0.5030368724486246
-0.8349803627514112,-0.5854406421640088,0.3701794535211705
1.8242621854587384,0.9014370687532,1.2791703030765085
1.6706938070896133,1.4166134410622786,0.5228650364411973
-0.5891819558646225,0.42685722057502107,-0.2872288677978556
1.116882362367405,0.6904908842319144,-0.6605106945905928
1.1198564589951387,1.624235866400598,-0.29113655034189084
0.9778042124374922,-0.13216018888362202,-0.726103236590722
-1.2803346506951823,0.09071477440769023,-0.17407629410426528
2.35808761703151,1.0030339062088045,-0.7703577772185607
-0.09865993125536415,-0.4957024487722392,0.6751010300710171
-0.34509408446973894,-0.7906877582015986,0.09316764919486506
0.7016138778487627,-1.3040222852868366,1.7203004633337835
0.8043853936225861,0.3171023982766995,-0.9854805515373926
1.0750728957356757,-2.745739055014578,0.4714763351836054
1.0396005128707713,0.015967245386344184,-0.3300904865354518
-0.8107121286702207,-0.8532256673435484,-0.2949125978861158
1.35877272585712,-0.16506292687392532,1.0623475977830845
-1.1547742672510333,-0.6581016235913996,-1.1687847147994883
0.6569892657225517,1.872933304548872,-0.1875138476458014
-0.9928965371409726,0.10180120201637974,1.3533575569955327
1.6864959881016564,-0.44467104033785443,-0.5022199550455092
-1.9855013990834076,1.6524109787835541,-0.1836623995341374
-1.6756969126797956,0.692801222286376,0.05040279032400544
-0.5394022612912645,0.9361543144972067,0.36580933389795817
-1.5428011039913234,0.5613135669825023,0.13221340281229044
-1.8179008193964834,0.17442169794697462,1.0597957962105302
-0.5544696800613503,0.8068409654905111,0.6600101191423308
0.9056083016172586,-1.3873807046811308,1.0157288030090657
-0.8209864693687539,0.24515571202667194,1.07953165895792
0.15718417726482503,-1.3000871903724704,0.42869729533959655
0.9976431385848243,1.253055705808433,-1.0045341427758678
-0.2969329944135573,-0.0571727704842785,-1.5180301495001032
-1.0278083173990893,0.1418202794282027,0.7931030486560701
-0.1391166499654511,1.316807064687798,1.2543418143346299
-0.12565626007311537,0.6049124961065176,-0.6972324282070185
0.28775466582015746,0.7018964995663747,1.9930204273262633
-0.09483552522229241,-0.8813686399963433,0.037399322460267226
0.4693190603301926,-0.36725997277879224,-1.0620014590604292
0.27841268810591185,0.994289601147058,0.6624565419706215
0.7817711430050192,0.4528533403668868,1.6056904423347478
1.238054310116814,0.518748781901613,-0.3241557721654892
-0.26729516117333096,0.5220873154741607,0.8323772882538706
-0.45433859162930895,-0.48525603328599914,-1.0110990401517912
0.18082379487331005,0.8599874398710934,-1.0988667005434087
-0.6781240552545147,-0.10723757728478987,-1.3286722586886304
-0.015123511466182748,-0.18429753627661632,-0.34359696120984917
-0.349534821778262,0.7683370607193711,1.6639164291391002
-0.3543296574594847,-1.5060872100447131,1.277647326639062
-1.84201681808573,0.5671709687763327,0.48774866006233714
-0.579865356624333,-1.460799755184613,-1.2898722186185148
0.15720196125944533,-1.4271024956605605,0.514085920248084
0.9192385925820615,-0.8737402024990469,0.2778769070226149
-0.14507294647897248,-0.04087661928594475,0.22323759210775865
-0.9764367650152713,-1.2727792204484234,-1.4291045777756204
1.4434211928202236,-0.5729470203431555,-0.1531294844275007
-0.14395888021502523,0.49089751154928224,1.099448115653891
-0.441785322265408,-0.23911339900113962,-0.43984137956826974
-0.7093410851455075,0.7158139758621934,-0.47666494656992126
-0.6057519414493038,-1.6298095307008167,0.06119918396480953
0.8548711753902272,-1.2467488957746518,-0.18459040147696612
-2.0575439493639167,0.025099965525743898,0.47662468911963735
-0.031466085393555256,0.5732139330041802,-0.2780715009441846
0.713987699296206,1.5538933154086374,0.1478670392149314
0.96007934125054,-1.561186175981934,-0.7472669472929688
-1.1358113856185987,0.13530625536212457,-0.06590002897086264
-0.2178194315660119,1.000036969654832,0.0970496707216966
0.875899800878373,-1.892674095781702,0.23046808678915462
0.2684505327130836,-0.392571200841864,-1.8700111245721835
0.2503343651336056,0.9583206180125523,-0.3730659897948573
-1.3148260571391281,-0.12718592580709068,-0.6946086927601468
0.34991319960742623,0.9758802591554089,0.8438440968973527
1.2596515575822942,1.5053239883362468,0.043128858800598274
-0.2516440086534168,-0.7054276879271817,2.437018421360586
1.38027780485276,0.3486642773386781,0.7495510896355899
-0.2996814599200844,0.6132835540142813,-1.670409528654799
-1.220024468546446,-1.4803702328112172,0.13337495840392413
1.3104613916254053,0.5777423368083148,-2.0594071699802217
-0.33976938136527013,0.3326945060411736,2.62547566812515
1.456243081418464,0.6822188058129549,2.0919550405565057
0.3817067721808488,-0.09157046508188023,0.38185194803081685
0.17212647712763626,0.37335583248158405,0.3676730429222452
0.5807641896895842,-0.6334966411437566,0.928742337957534
1.0065019691417059,0.024848536860387793,-1.4730315600424282
-1.1741597953391023,1.1233181859476644,0.8262134037031228
0.23898165811983743,-0.35327304353382005,-0.47220540314745396
0.8055297208424812,-0.6562299202222879,1.714995586730878
-0.3250800757580076,1.9601177641456486,0.9847175061379636
1.1104722612219855,1.3191719038169418,-0.4615208322577379
-0.5819050512451176,-1.486446153220571,-0.9477896384523212
-1.1200316209005654,-0.7757266493764919,-1.4575697940844659
-1.2592812502043478,0.42593184574917864,-0.37200518678810807
1.0026517239067392,0.33130731691497206,-2.0348471034323654
-1.3231618586504688,0.7239862102972722,1.042991178696612
-0.2264490885144697,-1.0442475610082347,-1.2666807962016848
0.6107309248420499,-0.40323932898272274,0.6714512562215786
-0.8810172578736986,-0.005285937382346921,-0.951629025110788
0.5336596018169782,1.351015289890369,1.5564203256886293
-1.9322079000865393,1.6763889662363007,-0.6917409398206255
-0.3366576328192719,0.5793137863345387,1.7403429043263392
1.207002360714124,-0.2710251009504902,-1.2532074460408211
-1.9965645970665842,0.38980209628782614,1.3424917230578701
-0.4160938704916897,-2.8721089975673677,-0.4258871651696609
-0.7462504928894363,0.7593195915880259,0.01884504964726289
1.2460016216841916,-0.05472091020126509,0.16971037893891452
-0.965038928868414,-0.602790062913309,-1.747235664497409
0.24578496483566706,-0.22370694054874635,-0.2133583779602292
-0.39098143062394164,-1.0591899365399855,-0.2387241229113983
-1.9977515828295682,-1.6202957782947145,0.9186972525248344
1.4663095126429488,0.24724760715870917,-0.36280102234812484
0.5519708241004745,0.3921698726014892,0.23249549564730307
1.144336450488097,-0.1614330443414663,1.251044592935948
-0.7693792586918778,-0.28474185914387584,1.039713154065906
0.6741118691328265,-1.1112628996107028,2.7871658611014833
-0.18830755143492475,1.4101360785363029,-0.48758931918905574
-0.6397654158099314,0.7182234160265647,-0.12788359704124055
0.6183682784692552,-0.4369780509310739,-1.5188575680031988
1.7582752219847162,-0.43587351623006004,-0.8670332977222994
1.4692061595622796,-0.7905854399111116,0.3550627376553747
-2.255134076561702,1.3790635931130042,-0.17966935785999924
1.1996744806836694,1.949685415280764,-0.24948478920017314
0.9054772274742396,0.174345767057758,-0.865237805961765
-0.17186485827741618,0.2442165444350224,2.0120570684442183
0.0019187657219618018,-0.3678251041124278,-2.1388918201759224
-1.1712762086537931,-0.8121930099906174,1.8127894326060123
0.754283485472584,-1.6654393112846053,0.29230547722046757
-0.10640986178416832,1.3616370740985504,0.1826981860461503
-1.4075637991326784,0.9279555424522395,0.5323749162364216
-0.5751276487486721,1.9951623094787436,-1.1953659882150691
-0.2669023155266832,-1.2506372366357414,-0.6248739111413633
0.5725530935199605,-0.7526685881847804,1.6343810946833952
-0.821755364104967,-0.21189422015457304,-1.708545682269243
0.16925507592412986,-0.5319439121405368,-2.0078041687851194
1.0950162475220027,0.5630691120305902,-0.8346384773493547
0.7506898917245493,-0.4600520522170684,-0.35241137584085386
0.4220537153800882,-0.6200715950578862,1.4802450974250658
-1.4244967988779593,0.2999188594930269,1.7074459552916854
-1.4063272826225104,0.336666629962372,-0.8400855424545234
0.00939271475968328,0.5950535405233361,-0.30099088630623794
0.752716996922081,0.22726955755600833,0.9237623121760079
0.28343970702963417,-0.8153360435363115,-2.138489149372453
-1.798558068221446,-0.23018186343747177,-0.7474721680799132
0.3561560629371306,0.9740257441456937,0.4780759884388531
-0.6367150584245347,-1.8004973543639706,0.16600525057306306
2.0388437237150363,0.1457706666954094,0.4526352958598138
-0.7029227446286838,-0.5222500374336247,-0.5195772658879076
1.8514152533114787,-0.5047476375283062,1.078893281561018
1.564204959843037,0.41135529888364686,-0.5396834597979595
0.4850255280769192,-0.43205848397762653,0.18008553950959189
2.5772791894852256,-0.9305762465299267,1.2536966379643941
1.8925966532225076,0.7018517811322428,-0.12698115487841774
-0.10557408170596459,-0.06352020658699939,-1.2968536619340367
-0.6566795846244725,-1.4312192835975783,-2.2961768047348388
-1.1829881049024653,-0.046701170001125586,0.7669418295862305
0.49460390836879436,0.4107739930434172,0.4802274126015443
0.372271580293558,-0.48769587107822093,-1.901914759312425
