Area,City,Restaurant Price,Avg Rating,Total Rating,Food Item,Food Type,Delivery Time,Review
5,0,600,4.2,6198,45,0,1,8
0,7,200,4.7,4865,35,3,3,8
5,1,600,4.7,2095,49,0,3,11
0,6,900,4.0,6639,45,5,3,4
6,6,200,4.7,6926,43,1,0,12
3,4,300,4.5,7088,42,1,1,4
6,1,100,3.0,503,32,0,0,2
5,0,900,5.0,3849,26,5,1,13
6,1,1000,4.2,1132,26,1,3,1
5,2,900,3.0,5820,5,5,3,20
3,2,500,4.7,2541,7,0,1,1
0,2,400,3.0,7358,3,4,3,7
2,4,500,4.7,3878,39,0,1,3
3,7,600,4.2,5280,23,0,0,3
4,2,1000,4.0,2461,22,2,2,24
6,2,600,3.0,5048,15,5,2,12
6,4,300,4.5,5663,16,2,0,7
3,7,700,5.0,8122,0,2,2,18
3,5,700,3.0,9494,5,4,2,7
3,7,900,5.0,7207,44,3,1,15
1,7,100,3.5,9436,25,4,0,25
2,5,400,5.0,805,40,2,1,8
6,4,800,4.0,4137,48,5,0,21
4,4,500,4.5,5071,37,3,2,17
4,6,600,4.0,6505,25,3,0,1
6,5,1000,3.0,187,45,5,3,18
0,3,1000,3.5,1308,41,0,0,1
6,3,900,4.0,4963,48,2,0,22
2,2,400,4.7,730,44,1,1,9
1,0,400,4.5,7950,24,5,0,9
0,1,700,4.2,1419,42,1,0,19
6,6,400,5.0,3600,23,3,2,13
4,7,400,5.0,2997,21,1,0,21
1,6,900,4.5,9078,8,2,2,17
5,0,1000,4.0,1350,47,2,1,17
1,6,100,4.7,9518,5,0,2,12
3,1,400,3.5,6221,44,4,1,21
5,5,1000,4.5,7937,49,0,2,25
5,2,200,4.5,5607,46,4,1,20
3,5,800,4.0,5337,28,0,1,6
2,5,500,5.0,5906,32,1,3,20
3,6,700,4.5,5138,14,1,2,26
0,7,900,5.0,7443,15,4,2,18
0,2,700,3.5,5268,22,0,0,6
3,0,300,4.0,3112,21,5,3,17
5,0,900,4.7,3745,24,3,1,24
5,1,800,4.5,1276,19,2,0,20
4,5,500,3.0,2259,30,2,1,4
2,1,1000,4.7,7585,33,2,3,9
3,5,200,4.0,8925,14,2,3,13
2,1,900,3.0,8243,5,3,3,26
6,3,500,4.0,4116,36,0,1,19
5,4,700,4.5,6296,36,4,3,0
3,5,700,3.5,1407,45,3,0,13
2,1,800,4.0,8506,35,3,3,1
6,2,200,3.0,138,17,4,2,3
6,4,800,4.0,4433,47,4,3,2
5,0,200,5.0,688,46,3,2,0
2,6,500,4.0,8218,49,3,2,6
3,7,400,4.0,1173,20,4,2,8
5,2,100,3.0,6159,46,0,0,8
0,0,800,3.0,6923,14,3,1,17
5,1,600,4.0,910,34,3,1,3
0,7,200,3.5,2431,32,2,3,1
0,4,700,4.0,9395,35,4,2,19
6,5,800,4.2,7017,30,1,1,14
5,0,200,3.0,5447,42,2,3,20
5,1,200,4.7,8558,25,3,3,1
4,1,200,3.0,7549,11,0,3,19
2,1,900,4.2,5089,16,1,3,13
4,7,400,4.0,214,37,0,1,26
3,6,200,5.0,5393,11,4,3,4
0,2,800,3.0,5958,39,3,0,10
3,6,800,4.7,9306,22,4,1,18
4,4,700,4.7,7059,16,2,2,9
2,2,400,3.5,3013,3,1,1,18
5,7,600,4.7,5926,45,2,0,10
5,6,100,4.2,6169,16,1,0,8
2,7,500,3.0,9250,32,1,2,1
4,1,500,4.7,5338,34,2,2,18
5,1,200,4.0,6755,39,5,1,20
2,2,900,4.5,9872,21,0,3,18
4,0,400,3.5,1123,9,5,1,12
4,0,600,4.5,7794,17,2,2,8
6,3,900,4.0,4192,49,5,2,13
3,2,600,4.5,1107,30,5,0,0
2,7,300,3.5,297,48,3,3,9
3,1,500,4.0,8275,28,5,3,18
6,4,500,5.0,5203,46,3,3,17
3,3,300,4.2,6401,42,3,3,11
6,6,900,4.0,369,34,4,2,26
3,5,500,3.0,3469,46,2,1,17
0,0,400,3.0,3268,23,2,1,20
6,5,200,3.5,600,10,3,3,21
4,0,100,5.0,6677,8,4,2,1
3,3,100,4.7,9475,20,3,0,3
6,7,100,4.5,9386,23,1,0,6
3,6,900,4.7,4837,20,1,2,3
6,5,900,5.0,592,29,5,2,14
0,0,700,5.0,2497,15,4,1,9
6,5,600,4.0,7750,10,0,2,25
0,0,300,3.0,4750,37,2,3,12
2,7,500,3.0,1513,14,3,3,2
3,6,200,4.5,6062,15,2,0,21
0,5,600,5.0,7656,48,1,3,21
5,3,100,3.0,6693,20,2,0,5
4,3,100,4.0,1992,14,2,0,21
2,1,700,4.2,941,42,2,1,19
0,6,700,4.2,672,30,1,3,5
2,2,800,4.7,7525,37,0,1,6
6,7,700,3.0,3831,43,1,3,18
4,0,500,3.5,3691,7,3,2,4
2,2,500,3.0,7562,47,2,0,6
5,0,900,3.0,3486,44,2,2,18
4,1,500,4.2,722,37,1,3,26
1,5,100,4.2,6358,13,2,0,16
5,5,700,3.0,3029,44,4,1,13
0,3,200,4.0,1604,35,1,0,18
1,0,100,4.5,1383,18,4,3,22
0,5,400,4.5,1032,13,3,3,18
1,6,100,3.0,6313,13,3,0,15
4,3,700,3.0,7213,35,3,1,4
3,1,400,4.5,1588,46,4,1,13
2,3,700,5.0,7869,24,4,1,20
0,3,700,4.2,8960,24,5,0,6
0,5,700,3.0,2382,19,2,3,5
1,6,300,4.5,142,6,3,1,18
4,4,300,3.0,5044,43,4,1,0
2,7,600,5.0,5590,43,3,1,8
6,6,800,3.5,8879,22,4,3,23
5,3,700,4.7,9054,41,0,1,21
2,0,300,5.0,5697,47,4,0,8
0,0,700,4.5,3425,19,4,2,18
6,5,700,5.0,6202,42,1,0,13
3,2,200,4.2,2609,26,0,3,1
4,6,1000,4.5,8967,16,5,2,8
0,7,200,4.5,3078,34,3,2,24
3,3,200,3.0,4713,0,0,2,24
2,5,600,4.2,4671,21,2,3,25
1,1,400,3.5,721,35,0,2,0
1,6,900,3.5,8610,13,0,3,9
3,1,400,4.7,1629,17,4,3,13
3,5,900,3.0,3285,23,4,2,10
0,2,100,3.0,1243,24,3,3,26
4,4,300,4.0,730,26,4,0,17
5,1,700,3.0,295,30,0,2,18
5,4,800,5.0,2014,46,4,3,2
5,3,500,5.0,6155,40,0,0,19
0,7,1000,4.7,9556,20,4,2,25
0,7,100,3.5,9831,21,3,2,6
1,2,900,4.5,7991,6,4,0,23
0,6,700,5.0,7178,0,4,2,13
6,2,100,4.7,4432,16,1,1,11
1,4,400,3.5,5545,30,2,1,17
3,1,900,4.7,1169,16,0,3,15
2,2,600,4.2,523,42,3,3,14
3,1,800,5.0,1284,24,5,0,1
4,5,300,4.2,3272,26,4,1,5
1,1,500,4.5,7535,21,0,3,6
6,6,500,3.5,4912,23,0,1,9
2,4,500,3.0,1330,46,1,3,1
5,5,800,4.0,1555,43,5,2,1
3,7,700,4.7,3561,7,3,3,21
0,7,800,5.0,6857,43,1,2,16
1,5,900,3.0,8390,42,1,0,23
5,4,300,4.2,6134,46,3,3,17
6,0,200,4.5,4858,1,2,0,13
0,5,1000,4.5,9986,35,1,0,3
0,2,400,4.7,1744,33,5,3,9
5,0,500,4.0,3349,12,4,0,1
5,3,200,3.0,7253,29,4,2,9
0,1,200,3.0,6874,43,0,1,20
0,0,200,3.5,9516,47,1,2,9
5,6,700,3.0,5348,4,4,2,20
3,1,300,4.5,8866,17,2,0,24
6,0,300,4.2,8214,16,3,1,3
1,1,200,3.5,9491,1,4,3,3
4,2,1000,3.0,3460,21,4,3,26
5,2,300,4.2,795,19,5,2,21
2,0,300,4.5,3580,3,2,2,13
0,0,100,5.0,6403,16,3,0,6
3,3,200,5.0,2032,48,3,1,7
5,7,500,3.5,8858,16,0,3,21
5,5,800,4.2,4678,47,0,3,19
6,5,100,4.7,5203,10,0,1,24
3,1,200,4.7,9680,45,0,1,7
6,5,200,3.5,4347,23,3,1,17
4,0,800,3.0,4807,3,5,0,20
1,2,1000,3.0,7989,5,4,1,0
4,1,700,3.0,1491,49,3,0,14
0,1,500,5.0,6720,4,1,1,13
4,1,1000,3.5,2200,36,5,0,16
4,0,800,4.2,8379,19,5,3,26
4,3,100,4.2,8573,3,5,1,1
0,5,100,4.0,2013,33,3,2,1
5,1,600,3.0,7082,47,0,0,8
0,6,800,4.0,798,16,3,0,15
6,3,200,3.5,9087,23,1,3,13
0,6,300,4.0,6842,27,5,2,3
5,1,300,5.0,9304,44,1,1,21
3,7,300,4.2,3795,49,3,2,1
5,7,1000,5.0,9580,17,4,1,23
1,2,700,4.7,9898,15,2,1,16
6,6,400,3.0,4984,18,5,1,1
6,0,600,4.2,8709,36,3,0,3
0,0,1000,4.7,1485,31,5,1,8
1,0,500,4.2,3290,44,3,0,0
5,6,700,4.5,278,12,0,2,18
5,7,700,3.0,429,5,2,3,2
1,1,300,5.0,4714,32,0,0,10
0,0,600,4.0,6181,26,2,1,18
5,0,700,4.0,3729,45,0,1,9
4,1,100,5.0,1887,43,2,1,5
6,0,1000,4.0,2284,24,3,3,15
0,6,300,3.0,8600,41,3,0,4
0,0,100,3.0,6099,17,4,1,17
1,3,1000,3.5,7966,12,1,2,2
1,0,200,5.0,2766,16,2,1,9
3,1,800,4.0,6744,20,0,2,10
5,4,400,4.2,8381,19,4,2,4
4,3,600,4.2,3817,41,4,1,19
3,2,600,4.2,5367,26,4,1,1
5,5,200,4.7,3787,3,3,3,7
4,2,400,4.5,3052,24,0,1,25
5,3,600,4.0,4334,20,3,1,8
2,7,800,4.5,4308,19,2,1,18
5,2,400,3.5,4556,48,1,0,13
2,3,200,3.5,717,13,1,0,23
0,7,600,4.0,8025,28,1,2,21
2,7,300,4.5,2302,18,4,3,4
5,5,300,4.5,3251,42,4,1,9
6,4,900,5.0,917,49,0,3,10
2,6,900,4.0,7698,20,4,2,13
5,4,900,4.7,788,8,0,1,17
1,1,500,4.5,9173,25,1,0,14
4,1,800,4.5,8068,22,3,0,4
1,4,900,3.0,1506,23,0,3,16
4,7,900,4.5,8314,19,3,3,19
3,4,700,5.0,8902,2,3,2,1
6,0,400,4.0,5474,18,1,0,9
6,1,800,4.7,5718,3,4,3,0
1,0,900,4.7,6320,42,2,2,3
0,7,900,3.5,2198,38,3,0,8
5,4,600,4.7,344,4,0,2,9
2,6,700,3.0,8895,44,1,1,0
4,1,300,3.5,3572,33,2,3,8
5,3,800,4.5,7666,23,2,1,21
2,2,900,3.5,6448,9,2,2,22
6,6,400,3.5,8895,24,0,0,6
2,1,600,4.7,5143,28,4,0,9
3,7,300,4.0,8065,48,1,1,8
4,1,200,4.0,9058,29,0,0,13
5,0,200,4.0,6490,40,5,3,19
2,1,600,3.5,7390,13,3,3,7
4,6,500,4.2,7610,29,3,1,23
4,4,1000,3.5,458,29,4,3,20
2,4,500,4.0,5615,45,1,1,5
1,6,200,3.5,7873,45,0,0,0
4,3,200,4.2,5279,11,2,3,7
2,3,500,5.0,8181,49,1,2,23
3,0,1000,3.0,8115,35,4,1,2
1,7,100,4.7,5704,42,5,0,7
2,1,1000,5.0,4422,5,4,1,1
0,0,300,3.0,9420,25,3,0,9
3,6,900,4.2,7773,43,4,3,12
6,2,700,4.7,8894,18,3,2,6
2,0,400,5.0,9384,48,3,2,1
5,4,300,3.0,500,13,1,2,8
2,2,300,4.7,6523,0,1,0,20
6,5,600,4.5,8300,13,5,0,14
6,0,400,4.0,4640,20,4,2,23
6,1,200,4.7,4624,37,1,3,22
3,5,500,4.0,2416,42,4,2,20
3,6,1000,4.5,4338,16,0,0,13
1,1,400,4.0,3245,3,3,0,2
0,7,1000,3.0,6480,44,3,2,2
2,1,100,3.0,6800,35,4,3,21
2,5,300,4.7,8645,9,3,0,25
5,6,500,4.2,6987,26,1,2,1
0,3,300,3.5,2902,12,0,1,26
6,4,600,5.0,9489,48,2,1,9
2,7,200,4.2,2577,0,2,1,21
2,2,300,5.0,5044,37,0,1,23
4,2,800,3.5,8445,26,3,2,11
4,3,800,3.5,8776,18,3,2,20
3,6,500,3.5,5116,0,5,1,1
4,0,600,3.0,8567,39,4,2,4
0,6,300,4.5,2566,43,4,1,13
4,3,800,4.0,9724,42,3,0,19
1,7,900,3.0,7581,30,4,2,6
4,1,800,4.5,7639,4,2,2,23
2,4,600,5.0,9391,28,5,3,13
2,3,100,4.7,460,28,5,0,8
5,7,500,5.0,4521,27,2,1,20
0,2,200,4.7,5805,38,0,1,5
2,7,1000,4.7,2211,26,5,1,1
1,5,800,3.0,5784,24,0,3,2
6,1,400,4.5,8739,10,2,1,21
6,6,800,4.2,1706,43,2,0,20
1,0,100,4.7,8994,20,4,3,17
1,1,200,3.5,8751,32,0,1,3
4,7,100,4.7,6978,10,2,2,0
6,4,200,3.5,9264,23,4,3,13
5,0,200,3.5,1492,3,5,0,4
2,5,400,5.0,182,28,5,3,24
1,5,900,5.0,3783,19,1,0,16
6,7,1000,5.0,1852,47,1,2,16
0,4,100,4.7,3158,10,3,3,2
2,5,900,4.2,1799,27,2,0,26
0,0,1000,5.0,4693,10,0,2,8
0,0,400,3.5,9123,25,1,2,3
6,0,400,4.7,4145,19,2,3,15
3,2,200,3.5,9801,38,2,3,20
1,7,700,4.2,7595,0,1,3,5
3,0,300,4.5,1362,47,5,1,10
2,6,800,4.7,3010,24,4,3,19
1,5,800,3.5,8895,21,4,2,9
0,4,900,4.2,2500,7,0,0,2
2,6,700,4.2,4050,43,2,3,11
3,0,800,4.5,8639,4,3,1,21
4,0,100,4.5,2488,11,1,1,1
0,4,600,4.7,5785,3,0,3,8
2,5,500,5.0,5494,4,4,3,18
4,1,400,4.5,5748,13,4,1,4
2,1,600,4.0,8459,18,5,1,3
2,6,300,3.0,9285,0,0,2,21
5,4,400,4.2,4643,8,0,1,19
1,3,200,4.5,8886,1,5,3,4
0,2,900,3.0,3841,32,4,1,8
1,5,1000,4.0,2126,19,1,3,18
2,7,700,3.0,6818,35,3,2,13
1,0,400,3.5,5011,42,5,3,11
6,1,300,3.0,3854,38,2,2,0
6,0,500,4.7,3446,42,0,1,8
0,0,1000,4.5,5433,28,0,1,20
1,1,100,4.2,7366,36,3,2,21
2,1,200,4.0,1104,43,2,1,13
5,2,400,3.0,7332,17,2,2,12
4,5,900,3.5,6212,36,5,1,5
2,6,800,5.0,3275,11,2,2,16
6,5,100,3.5,6602,23,3,1,7
4,1,300,4.7,6104,26,5,3,9
2,0,200,4.5,1028,22,1,0,19
2,7,800,3.0,5602,23,2,0,18
6,5,200,4.7,3449,17,1,3,7
0,5,700,4.0,9500,4,1,1,21
3,0,400,3.0,143,6,4,1,20
5,7,100,3.0,6891,33,3,0,21
0,5,500,4.7,4715,34,0,0,18
4,5,700,4.0,8490,27,3,2,12
1,1,900,3.5,716,31,4,2,23
1,4,100,4.7,8428,47,0,0,2
6,4,900,4.5,722,45,5,3,10
1,6,800,4.5,9700,47,5,1,24
3,3,800,5.0,4581,29,4,2,10
3,1,800,4.0,6937,37,0,1,17
1,4,1000,4.5,6110,9,4,3,9
1,2,600,4.5,4274,40,5,3,21
6,4,800,4.0,3130,33,4,3,14
0,4,900,3.5,768,29,5,0,9
1,4,900,3.0,253,30,0,3,11
6,3,800,4.5,1261,40,1,1,5
3,1,800,3.5,4831,42,1,0,12
0,6,900,4.2,290,26,2,2,13
3,2,200,4.0,413,49,4,2,0
1,2,600,3.0,7696,11,4,2,20
1,5,1000,4.7,7137,12,4,3,4
4,6,300,5.0,1533,34,2,3,14
0,2,700,3.5,3515,0,0,2,19
0,7,800,4.5,4337,35,3,3,5
2,1,200,4.2,3573,2,0,2,5
6,2,600,5.0,2553,47,4,1,4
0,3,900,3.5,3054,5,5,1,17
5,3,900,4.0,2905,19,1,0,2
6,4,200,4.0,1226,28,2,2,17
5,5,500,4.2,1298,25,4,3,12
0,5,400,3.0,5698,31,2,2,1
3,1,1000,5.0,5589,18,0,1,0
6,7,100,4.0,5990,21,2,0,6
3,6,800,4.2,5051,19,3,3,26
1,7,400,3.0,3758,43,4,2,14
6,7,900,4.2,5429,15,4,1,19
5,3,300,4.2,7897,31,3,1,20
0,6,100,4.2,3431,26,5,0,19
0,0,400,4.2,3975,48,5,1,10
0,5,200,3.0,6976,12,5,0,12
3,2,400,4.2,1452,35,3,3,14
5,4,200,4.2,7659,46,5,3,9
2,4,600,5.0,4145,41,5,2,21
1,2,300,4.2,3706,20,1,2,6
5,2,100,4.7,227,37,2,0,12
2,3,500,4.0,9489,3,4,2,22
5,4,900,3.5,2991,44,5,2,6
2,3,100,5.0,372,34,2,1,6
6,5,500,3.0,2329,26,3,1,1
1,6,300,4.2,4262,27,4,1,2
3,2,600,4.7,6646,24,4,3,1
1,3,300,3.5,597,21,2,0,4
1,5,400,5.0,2427,28,0,3,15
4,2,700,4.2,7337,10,0,0,13
5,3,600,4.2,6832,45,3,0,11
2,3,1000,4.2,9427,41,4,0,11
0,5,200,3.0,1938,0,2,0,18
6,7,100,4.0,5196,21,2,0,0
5,1,700,3.0,9989,0,5,1,21
3,2,700,5.0,6099,36,4,1,3
1,0,1000,4.5,2720,17,0,3,26
2,1,100,5.0,7139,33,2,0,15
5,3,100,5.0,1576,8,2,2,1
4,1,700,3.5,1002,6,5,0,5
4,7,200,3.0,6813,33,5,1,1
1,3,900,4.7,6171,6,5,3,16
4,2,700,4.2,3009,32,3,0,26
3,5,700,4.0,9885,3,0,1,3
2,4,100,3.0,549,26,1,1,3
3,5,200,4.2,8906,10,0,2,9
2,1,1000,4.5,6210,37,5,0,6
6,0,200,4.7,6247,38,2,0,1
1,2,500,4.2,1644,29,1,3,4
0,0,800,3.0,4410,5,0,3,9
0,5,600,3.5,569,25,1,2,7
3,6,100,4.5,5902,46,2,0,14
4,4,1000,4.2,3134,4,0,0,1
2,2,200,4.2,297,15,4,1,17
5,2,800,5.0,6281,28,4,3,18
0,0,600,3.5,6564,46,5,3,2
3,1,1000,4.5,9373,4,3,1,13
6,2,100,4.5,8697,41,1,1,20
6,4,600,4.2,9050,43,1,2,19
3,7,200,3.0,8011,36,5,3,15
1,6,800,4.7,5137,18,4,1,18
4,0,700,4.2,3247,12,3,2,20
1,7,900,4.0,161,42,4,3,23
3,7,700,4.0,7282,18,1,0,8
1,2,100,3.5,6038,17,0,3,7
6,1,200,4.7,3950,11,1,3,19
6,5,700,4.2,9987,42,1,2,4
2,5,100,4.0,277,28,3,1,9
2,4,200,3.0,7152,46,1,2,9
6,7,200,4.7,6876,23,4,1,18
4,4,200,3.0,6167,7,2,2,23
4,0,500,4.0,4698,27,5,0,13
5,4,700,4.7,8161,7,3,0,6
1,1,900,5.0,3169,34,4,1,14
3,7,100,4.0,3195,9,2,0,6
4,7,700,3.0,6240,38,5,1,4
4,0,700,4.7,8253,45,3,0,22
3,6,100,4.0,6179,5,0,3,9
6,3,1000,5.0,951,26,3,2,1
5,4,500,5.0,1764,6,3,0,15
1,5,200,4.0,870,25,0,2,21
1,3,200,3.5,3424,25,3,3,19
1,5,900,5.0,4513,11,3,0,25
6,7,300,3.0,621,0,4,3,23
2,3,400,4.5,6138,7,5,0,5
4,1,700,4.2,1577,22,2,3,18
4,6,600,4.0,2529,23,3,3,4
3,2,200,4.5,9402,13,1,3,15
4,5,200,4.5,9499,35,5,3,18
5,0,100,4.2,5424,2,0,2,24
6,0,100,4.5,9581,14,1,2,6
0,4,800,3.5,7593,9,2,0,11
0,6,1000,4.7,164,24,5,0,13
0,4,300,4.7,3774,15,5,0,25
2,4,200,4.5,4252,15,4,2,6
5,4,100,3.5,467,36,0,2,4
0,5,700,4.5,8883,7,4,2,12
6,1,600,5.0,5274,11,2,2,25
5,0,900,4.2,5848,14,0,2,6
5,7,500,4.2,1252,20,1,1,7
1,5,300,4.2,7747,42,4,2,18
3,1,200,3.5,7118,17,5,2,0
4,0,700,4.5,7075,21,3,0,1
1,1,700,5.0,819,26,5,0,6
5,6,400,3.0,5074,1,4,0,1
0,0,600,4.5,9653,17,0,1,20
0,1,800,3.5,2791,15,4,2,13
4,3,400,4.0,3023,46,3,2,22
3,0,100,5.0,9411,0,5,1,23
3,0,900,4.5,2768,15,1,1,1
2,4,200,4.2,1718,41,4,2,6
4,6,400,4.7,851,14,3,0,10
6,4,900,4.5,3472,4,4,2,21
6,3,1000,5.0,7672,36,5,1,1
6,4,200,4.2,2688,6,0,2,6
1,5,500,4.0,8458,17,3,0,13
4,5,800,3.0,1506,32,0,3,8
5,7,700,3.5,3631,31,5,2,26
0,1,1000,4.2,1108,31,4,2,20
0,7,800,3.0,5927,18,3,2,1
1,6,1000,3.0,8992,27,4,3,10
3,5,500,4.0,8675,37,0,1,16
2,5,700,4.7,8804,49,0,2,4
2,0,1000,3.5,5243,7,4,0,8
6,3,200,4.0,817,12,3,1,21
2,6,500,4.0,7559,3,5,2,18
6,0,800,4.0,3477,45,1,0,1
2,0,200,4.2,5114,47,4,0,26
6,2,100,4.0,6402,43,0,0,8
2,5,800,4.0,3846,36,2,2,1
3,1,200,4.0,5331,27,2,0,7
4,0,500,4.7,4374,4,5,1,12
5,3,500,3.0,3157,3,1,3,6
6,1,300,4.5,3027,49,3,2,8
0,5,200,4.7,1741,36,0,3,2
1,0,1000,3.5,724,43,3,2,7
6,6,100,3.5,3066,44,3,3,18
0,6,200,5.0,1460,1,2,0,2
5,3,600,5.0,9576,4,3,1,3
3,0,600,4.7,7472,32,2,2,26
3,3,300,5.0,4140,38,1,2,11
0,4,700,3.5,4399,46,2,2,23
0,5,400,4.2,2423,42,1,1,13
6,7,700,4.2,3798,20,0,2,2
3,7,300,4.2,8480,45,0,1,8
4,5,1000,4.0,9614,31,4,1,10
4,5,400,5.0,2077,15,2,0,15
0,1,100,4.5,6167,27,5,0,1
2,7,300,3.5,5287,41,2,0,26
1,5,600,4.5,2865,2,3,0,12
5,7,800,3.0,4470,8,2,0,2
5,6,300,5.0,8716,25,3,1,18
5,0,700,4.5,6743,26,0,1,2
5,1,100,3.5,371,24,0,0,23
2,5,400,4.5,7763,33,5,3,5
4,2,100,4.2,4686,35,2,0,24
1,2,500,4.7,3495,46,0,2,19
6,3,600,4.5,1104,17,5,2,23
0,0,200,3.5,6783,28,2,1,20
4,2,900,4.0,4608,36,1,0,15
2,7,500,4.5,6296,5,2,1,20
0,0,500,4.0,5834,41,4,2,8
3,0,800,4.7,5121,36,4,2,15
4,1,1000,3.0,4563,43,5,1,20
0,6,500,5.0,1473,13,1,1,9
1,2,100,5.0,5788,47,3,0,8
3,1,400,4.7,5800,30,2,2,7
1,4,400,4.5,7783,43,4,1,13
0,2,500,4.7,9724,14,1,3,4
2,0,1000,5.0,171,16,1,1,11
5,2,300,4.5,9730,38,2,2,6
6,5,600,3.5,167,39,0,3,13
1,2,600,3.0,4747,31,0,0,0
0,3,100,3.0,554,9,1,2,13
6,0,500,4.7,2907,0,3,1,5
2,6,600,3.5,2450,38,5,2,2
5,6,800,5.0,9902,17,2,3,21
3,4,300,4.2,2658,48,1,2,1
6,0,700,4.2,4742,19,4,1,5
4,3,400,4.5,146,18,5,0,1
1,7,800,4.5,7667,28,4,2,21
1,1,500,3.5,8097,9,2,0,7
1,3,900,3.0,7688,17,5,1,26
6,6,800,4.7,3316,27,4,0,21
2,6,800,4.0,8301,19,4,2,22
1,7,900,3.5,8183,9,3,0,8
6,6,400,4.2,4611,46,5,1,1
3,4,700,4.7,2299,12,2,2,9
0,1,1000,4.7,2189,10,2,0,19
0,6,1000,4.0,2218,19,0,0,13
4,2,600,3.5,6137,40,3,2,13
4,2,400,4.0,4046,13,5,2,15
5,7,100,4.0,2659,8,5,3,16
0,4,100,4.0,6901,40,5,0,17
1,7,400,3.5,8682,20,2,3,26
6,2,400,4.2,7599,45,5,2,8
6,6,100,4.5,9977,3,4,1,11
2,3,300,5.0,8573,11,4,3,23
1,7,800,5.0,3508,15,1,2,18
4,4,800,4.2,7585,30,4,2,21
3,5,800,3.0,7471,7,4,1,20
2,0,100,4.5,9845,12,2,1,18
2,2,900,4.0,391,14,5,2,12
0,2,500,3.5,2233,19,1,3,24
0,4,500,4.7,2893,29,3,0,24
3,0,800,5.0,1937,38,0,2,2
4,3,800,4.7,7735,2,3,2,25
3,6,600,3.0,5596,29,1,2,20
6,5,200,5.0,7379,5,5,3,11
6,5,1000,5.0,2378,10,1,0,23
4,0,600,4.7,4381,29,3,0,12
3,3,800,3.5,66,9,3,1,25
0,5,100,4.0,8344,24,2,3,20
3,2,600,3.5,9560,47,0,2,1
5,0,1000,4.2,9361,13,0,3,9
1,1,800,4.7,8446,20,1,1,21
3,6,200,4.0,7371,21,0,0,5
4,7,300,4.2,6313,34,1,2,21
0,7,700,3.5,7058,41,1,3,10
4,2,600,4.7,6191,22,1,1,17
4,7,800,4.0,9173,24,2,3,9
6,4,700,4.2,6384,48,2,1,21
0,0,900,4.0,3865,27,5,2,2
4,6,200,3.0,8950,37,4,0,25
1,3,900,4.7,4302,34,1,2,9
6,1,700,4.0,9362,43,3,2,25
2,6,100,4.0,8641,2,1,1,4
0,6,200,5.0,909,40,2,0,10
6,6,500,3.0,9290,48,1,0,20
0,7,500,4.7,4461,41,3,2,12
4,0,600,4.7,1503,33,4,0,20
3,0,400,4.5,2053,0,4,1,23
2,5,900,4.2,8638,2,3,2,16
0,5,400,3.5,8829,39,0,3,14
5,0,600,4.7,5208,4,0,2,4
2,1,700,4.2,7556,23,5,1,8
5,5,100,3.5,5153,1,2,0,9
2,1,300,3.5,3990,49,5,3,13
3,2,100,4.0,2752,48,4,1,21
6,4,300,4.5,8521,34,1,1,15
5,0,800,4.0,3266,25,3,0,9
4,0,300,4.2,6589,8,5,2,21
6,2,400,3.0,2547,8,1,1,9
6,0,800,4.2,9710,47,0,1,14
4,6,400,4.5,871,49,3,0,20
0,1,600,3.5,5321,31,5,2,6
6,0,100,3.0,7636,17,4,1,16
1,5,1000,4.0,9708,6,3,0,6
5,2,800,4.2,6355,32,0,1,21
3,5,700,3.0,5399,4,4,1,9
0,1,500,4.7,5772,29,4,1,6
2,1,300,3.5,8698,33,4,0,1
0,3,700,3.5,8773,38,2,3,21
3,4,600,4.5,5740,40,4,2,20
6,7,900,3.0,7170,34,3,3,11
6,5,100,4.2,6812,24,2,3,2
6,6,800,3.5,9167,3,1,1,18
1,1,800,4.5,7108,37,3,3,10
6,1,100,4.5,8413,47,2,2,19
0,3,200,3.5,5548,26,4,3,20
1,4,700,5.0,309,31,2,2,2
4,1,900,3.5,7910,7,4,3,22
5,1,900,3.5,8607,3,3,2,5
6,7,400,5.0,4683,27,2,2,14
1,0,400,3.5,1204,17,4,1,13
2,1,900,4.0,3826,5,5,1,18
2,0,800,3.0,976,33,1,1,9
1,2,700,3.0,8851,15,2,2,25
5,1,100,4.0,6790,24,0,2,16
3,7,1000,4.5,9178,36,4,0,0
3,1,200,4.2,7459,32,0,1,10
1,6,800,5.0,6369,43,4,1,17
2,6,300,4.2,1857,19,4,0,24
5,6,600,4.2,919,17,0,0,14
0,5,800,4.7,9604,18,0,3,4
6,5,300,4.2,7001,27,5,3,4
3,4,1000,4.7,4442,47,1,0,2
2,3,600,3.0,9633,22,1,3,18
1,6,400,5.0,4119,4,3,1,17
5,5,700,5.0,8415,39,4,0,1
1,4,100,5.0,9144,19,5,0,13
3,3,700,4.0,1430,36,3,2,9
0,3,300,4.5,5218,21,5,3,14
6,2,1000,4.2,9946,20,3,0,17
6,4,400,3.5,2315,40,5,3,20
0,7,200,4.5,1809,31,4,3,9
4,0,800,3.0,164,32,5,2,11
5,3,300,4.0,5292,30,3,3,9
5,0,700,4.7,4255,40,5,1,14
6,1,500,4.2,4226,45,0,3,19
5,1,900,3.5,3119,39,3,1,2
5,2,400,4.0,9708,35,3,0,25
1,6,400,3.5,630,43,0,2,12
2,3,1000,5.0,923,5,4,0,23
5,3,900,4.7,5070,16,2,1,1
2,7,800,3.0,7480,13,5,2,18
4,6,600,4.0,8949,39,5,2,9
0,0,900,4.0,8972,17,0,0,21
4,3,700,4.0,4891,24,5,0,21
5,2,700,5.0,6350,5,0,1,22
0,6,800,3.5,8918,4,0,0,2
6,2,200,4.5,7413,12,0,2,8
4,0,300,5.0,3214,17,2,0,5
6,4,500,4.7,5677,1,1,0,6
5,2,900,3.0,8900,28,5,0,4
0,2,600,4.7,4405,8,3,1,15
4,0,900,4.2,607,40,3,0,2
6,5,600,3.5,814,28,4,1,14
1,6,1000,5.0,3894,9,4,1,24
0,3,400,4.5,8820,12,3,3,21
1,4,900,3.5,4110,40,0,0,2
3,1,900,3.5,7215,3,3,0,4
5,5,100,5.0,2115,9,5,1,7
1,0,300,5.0,5378,1,2,3,18
5,4,700,3.0,8869,8,0,0,11
0,5,900,5.0,2971,7,1,3,1
3,5,1000,4.0,5938,11,5,3,7
0,7,800,4.0,6435,20,0,2,6
1,7,900,4.7,1529,7,4,0,25
3,0,800,4.0,1326,5,4,2,9
3,6,1000,3.0,5410,14,1,1,18
6,6,300,4.2,3953,10,1,0,6
6,4,400,5.0,8109,13,4,2,4
3,6,100,4.5,7569,31,4,1,24
1,0,400,4.5,2626,44,1,0,4
0,1,200,4.5,8345,41,0,2,18
4,4,500,4.5,363,33,0,2,16
0,5,400,3.0,6442,47,2,0,4
0,6,600,3.0,8681,23,2,0,9
3,3,700,4.5,6867,40,2,3,19
4,3,700,3.0,1796,27,4,0,1
5,3,1000,5.0,5571,4,5,3,6
0,1,300,4.0,4230,37,1,0,25
5,2,700,4.0,8893,31,0,2,4
1,0,700,3.0,6364,7,0,0,21
6,5,500,4.5,8131,19,2,2,1
1,7,200,4.7,3098,37,4,2,6
5,0,300,4.0,2435,8,1,2,8
6,5,100,3.0,435,37,5,3,20
5,3,100,4.2,2691,36,4,2,6
4,7,400,3.0,5358,5,2,1,8
3,6,700,3.0,452,47,1,3,19
2,7,700,4.5,3208,11,0,2,4
2,1,600,3.0,2447,29,2,3,18
4,5,600,5.0,6773,14,3,1,16
2,0,900,4.0,2255,28,5,3,4
6,7,1000,4.5,4592,13,1,3,17
5,1,500,4.7,5518,4,1,0,2
0,6,800,4.5,9951,16,5,2,18
2,6,800,4.2,4310,23,2,3,2
2,6,1000,4.5,834,21,2,2,9
1,2,200,4.5,6854,33,5,0,18
3,2,500,4.2,240,7,0,0,11
1,3,700,4.5,3312,48,4,2,20
0,0,400,4.0,4780,23,3,1,19
5,4,200,4.0,7373,37,1,3,0
1,6,200,3.5,9972,19,1,2,8
5,4,100,4.7,8078,24,0,3,14
1,7,600,4.5,1041,14,2,0,3
4,1,700,5.0,921,18,4,1,19
1,6,500,4.7,5040,29,5,2,19
0,1,900,4.0,443,21,1,3,18
2,7,500,4.0,4026,48,2,1,17
2,4,900,3.5,2335,13,5,3,26
0,4,800,3.0,2006,40,3,2,21
4,5,300,3.5,5716,1,3,2,10
1,0,500,3.0,7164,31,2,1,9
1,4,100,5.0,8120,49,5,0,13
6,2,500,3.0,5805,9,4,3,16
0,1,800,3.5,8729,12,0,2,0
2,4,200,3.5,1038,23,3,0,12
3,1,600,5.0,6604,20,4,3,21
1,3,700,4.7,677,28,4,2,17
1,1,700,4.7,6359,40,5,0,19
1,3,100,4.5,9826,10,3,3,25
1,6,500,4.5,7317,11,0,1,17
6,7,500,4.7,2250,17,4,1,24
4,7,800,3.0,4616,2,3,2,20
5,6,700,4.2,3461,40,4,1,23
0,4,1000,4.0,8346,34,3,3,13
3,4,800,5.0,8333,4,5,2,18
3,2,600,3.0,2509,15,5,0,21
0,2,400,4.7,9986,19,3,1,20
0,4,200,5.0,7842,42,2,3,4
5,7,800,3.0,7497,30,0,3,6
3,6,500,4.2,6504,24,1,3,19
1,5,200,4.0,7894,12,3,0,13
3,2,600,4.0,383,38,0,0,20
5,1,800,4.7,4661,38,3,3,16
1,1,800,4.5,2245,36,2,1,8
0,4,800,4.2,3722,40,3,1,9
4,2,900,4.0,3659,25,3,1,2
3,7,700,4.7,1268,9,2,2,2
6,2,700,3.0,2776,32,5,1,14
3,5,600,3.0,4688,1,0,2,21
3,3,800,3.0,2200,25,2,1,22
5,4,1000,3.5,3777,31,0,3,25
6,4,1000,4.0,5628,38,1,2,0
4,2,300,4.7,2458,6,1,3,18
4,4,700,4.2,3198,12,2,0,6
5,2,600,4.7,267,36,4,2,13
4,5,400,4.7,164,40,5,1,20
5,6,500,4.2,2762,5,3,3,6
5,2,200,5.0,9314,39,0,2,6
6,6,600,4.7,1057,9,5,2,13
6,7,900,5.0,3078,29,5,0,26
2,5,200,4.2,5288,2,1,2,19
2,3,200,4.5,2779,0,5,1,25
2,7,500,5.0,4039,19,2,2,13
0,6,700,4.0,2476,16,4,1,1
1,1,1000,3.5,3264,9,3,1,9
3,2,400,4.5,8800,1,5,1,17
4,7,500,5.0,9082,24,2,3,13
6,6,600,5.0,7896,11,3,0,18
6,4,800,4.5,3380,17,2,2,23
5,2,400,3.0,4886,28,5,0,17
0,1,900,3.5,474,29,4,1,16
1,6,600,3.5,8258,41,3,3,7
6,3,100,4.2,3391,21,2,2,11
0,4,900,4.7,2793,17,0,0,7
2,5,400,3.0,8362,17,4,0,10
4,7,500,4.2,7094,2,1,0,18
1,1,100,5.0,8564,15,0,2,13
2,4,400,3.0,2421,23,5,0,3
5,3,500,3.0,5670,37,3,3,26
2,2,800,3.0,8613,27,3,3,25
5,6,300,4.5,2037,18,4,2,2
5,5,700,4.5,2083,48,2,3,3
5,6,300,4.0,1998,32,0,0,21
1,3,200,3.5,1699,8,3,1,4
2,6,100,4.7,5227,41,2,3,15
6,0,900,4.7,8113,36,4,1,4
0,2,700,4.5,9864,26,5,1,20
5,0,900,5.0,7267,2,5,0,26
2,1,700,3.0,1893,28,2,3,21
0,0,600,5.0,5245,31,2,1,7
5,1,500,3.5,9224,6,0,2,20
0,3,1000,3.0,5444,44,4,0,18
1,2,600,4.7,7413,13,3,2,9
3,3,100,5.0,2538,35,0,2,5
3,0,600,3.5,3576,46,3,2,9
1,4,100,3.5,7819,41,4,2,18
6,0,600,3.5,2852,46,4,0,1
4,7,500,3.5,5662,35,0,1,16
6,0,100,4.7,1492,46,2,2,9
5,0,800,4.7,472,15,2,3,10
5,4,100,3.5,4543,23,2,0,4
1,7,1000,5.0,6151,3,0,1,24
5,2,800,4.7,2001,29,0,3,13
0,4,500,4.7,8271,30,2,3,13
0,4,700,3.0,8195,2,0,2,21
2,7,200,5.0,4299,37,5,0,3
4,5,400,4.2,3397,14,0,0,26
5,5,1000,4.7,7812,10,5,0,23
2,0,700,5.0,6397,32,2,3,1
6,1,500,3.0,5804,31,0,3,6
5,4,400,3.5,3772,23,5,3,18
2,7,500,3.5,6986,11,1,1,11
4,0,200,4.0,3333,27,5,1,21
4,0,500,4.2,3583,35,1,3,17
3,7,200,4.5,9647,35,0,1,23
4,5,700,4.2,2514,17,5,2,2
0,3,200,4.0,5128,22,2,1,13
6,2,1000,3.5,9850,33,5,0,13
2,1,900,4.0,4296,31,2,3,7
6,0,100,3.0,2458,46,4,3,4
5,1,900,5.0,9870,24,3,3,13
4,0,1000,4.5,4440,32,1,3,26
1,2,800,4.0,6522,13,5,2,5
3,7,1000,4.0,4737,19,2,1,20
0,1,900,4.5,1701,45,5,3,5
4,4,200,4.7,283,16,5,1,14
1,3,900,4.2,1544,19,1,1,17
1,4,100,3.5,5592,1,4,1,1
0,6,700,4.2,8610,20,3,3,20
3,2,1000,4.7,5098,44,4,1,21
5,6,100,3.0,3109,12,2,2,20
6,2,100,4.7,5582,48,3,1,9
2,7,600,3.5,8617,4,4,1,5
6,5,900,3.0,9957,10,2,2,15
5,0,400,4.5,3623,27,2,0,25
3,1,800,5.0,5141,44,5,2,17
0,1,200,4.7,6387,6,1,1,11
2,0,800,4.7,950,23,3,3,20
0,6,600,5.0,4325,37,2,0,18
3,6,500,4.0,3457,37,0,1,20
6,5,900,4.5,6864,21,4,3,7
2,3,800,4.2,4831,18,1,0,21
2,7,500,3.5,7130,27,1,0,8
6,4,900,4.0,6505,6,4,2,13
0,6,700,4.2,5403,18,2,3,24
6,5,400,4.7,3412,10,3,2,9
3,0,100,4.0,9973,7,5,1,8
4,1,400,4.2,6267,47,4,3,10
5,2,1000,4.5,2811,8,3,1,15
1,6,700,3.5,6906,10,1,1,24
6,7,900,4.7,4539,10,4,3,16
1,2,700,4.0,7167,41,0,1,9
1,3,800,3.5,62,34,0,3,13
0,6,300,4.0,2007,33,2,1,2
0,0,200,4.2,2960,1,0,0,19
2,2,900,4.7,8738,32,0,2,20
1,2,800,5.0,1816,31,3,1,16
6,4,400,3.5,6132,13,1,2,5
3,2,800,4.2,159,40,4,0,16
1,0,300,3.0,8851,10,2,1,17
2,7,400,4.7,2418,30,5,3,5
5,6,200,5.0,1057,35,2,2,20
1,7,900,3.0,1759,22,2,0,13
2,3,800,3.5,2299,7,3,2,6
2,2,700,4.0,2826,10,1,3,1
6,3,400,3.5,5741,42,2,2,17
4,7,600,5.0,6971,36,5,1,6
5,7,300,4.2,3579,6,0,1,0
6,5,200,4.2,7860,4,2,2,6
4,5,300,4.2,3169,37,5,2,2
4,7,1000,3.5,766,5,3,3,5
3,6,1000,3.5,5286,10,2,2,3
3,1,800,4.2,9298,1,1,3,24
5,0,500,4.7,5193,47,4,1,16
1,7,100,4.7,9051,20,1,1,1
2,6,700,4.7,220,19,3,2,19
1,7,800,4.0,8006,34,0,1,2
4,6,300,3.0,3737,0,1,0,5
3,1,1000,3.5,7405,1,0,0,14
5,5,200,4.5,3905,25,5,2,1
6,3,1000,4.5,4196,11,4,2,10
5,5,500,4.2,9953,20,4,3,14
2,1,500,3.0,8205,2,5,1,18
0,4,400,3.0,5563,0,2,0,1
1,0,200,3.0,1640,8,3,1,2
6,1,400,4.5,999,17,2,3,6
6,6,500,4.7,575,33,1,1,4
3,5,400,3.5,7091,23,0,2,6
1,1,600,5.0,2289,18,5,1,23
3,0,300,3.0,7865,11,4,1,26
1,2,400,4.0,5671,24,3,0,26
2,6,600,4.0,6276,18,2,1,18
2,3,700,3.0,2779,40,5,3,25
3,5,800,4.2,5357,48,2,2,0
4,3,500,4.5,8866,47,3,2,17
1,1,400,4.2,435,9,3,2,18
4,2,300,4.5,1492,37,0,3,7
5,1,900,3.0,1354,0,1,2,20
1,6,300,4.2,6489,30,0,3,20
5,3,800,4.5,5556,18,0,2,2
5,5,100,3.5,7343,37,2,2,21
3,6,200,3.5,5090,29,4,1,17
0,5,700,4.7,8548,36,0,2,4
1,1,800,3.0,6898,33,4,0,2
2,0,500,4.5,7563,28,4,3,9
0,0,900,3.5,7230,30,4,3,2
5,3,200,4.5,1822,36,2,0,6
2,2,100,3.5,8911,19,2,3,10
2,4,800,4.2,3652,21,3,1,5
6,1,100,4.2,6622,8,4,3,10
3,2,600,3.0,3950,19,0,3,25
6,1,400,4.5,3760,16,0,1,6
4,5,100,4.0,2912,26,3,1,10
5,5,900,4.0,8372,36,4,2,12
4,5,300,4.7,381,33,0,0,24
6,5,600,4.2,9038,10,3,2,6
4,3,500,4.0,393,36,3,1,20
3,6,500,4.2,9247,32,3,3,7
1,4,800,3.5,174,12,3,2,13
3,7,1000,4.2,5068,11,3,0,26
2,2,700,5.0,4986,14,2,1,0
5,6,300,4.2,5939,33,2,2,18
0,5,900,4.5,3032,14,2,2,6
5,1,400,4.5,3899,33,1,1,16
1,1,800,4.5,9555,33,5,2,14
5,4,600,3.0,4048,47,3,2,4
4,7,900,4.2,8005,46,4,0,4
5,4,200,3.0,5923,20,5,1,12
5,0,900,4.7,4462,30,0,3,26
4,1,400,3.5,2330,4,1,0,21
6,0,700,5.0,2451,34,1,2,22
4,6,600,5.0,4902,42,5,2,5
6,5,400,3.5,7108,34,2,3,12
2,0,300,3.0,190,42,1,3,22
1,0,200,4.0,8250,8,2,3,8
5,5,500,3.5,7665,4,3,2,3
4,2,400,4.0,2757,35,1,2,12
2,0,600,4.0,7091,14,1,1,24
4,1,300,5.0,550,33,2,0,6
5,0,200,4.2,7240,47,2,0,1
0,2,800,4.2,2923,17,5,1,21
5,3,600,3.5,6283,27,1,2,20
2,5,400,4.5,2443,24,4,0,4
6,4,700,4.5,1041,27,2,1,6
6,3,100,3.0,4845,45,0,3,13
0,3,500,3.5,7174,16,5,1,6
1,6,300,4.0,192,44,2,3,7
4,7,600,4.7,209,15,2,2,7
1,5,900,4.2,8288,22,2,2,0
5,4,500,4.7,6240,5,3,2,13
2,1,200,3.0,4908,30,0,3,4
6,4,1000,4.7,4577,10,0,3,14
0,6,500,3.5,9836,43,4,1,4
4,6,300,4.7,1602,35,4,2,9
6,1,400,4.5,7004,44,5,0,12
0,3,1000,4.5,9403,12,0,1,14
4,3,100,3.5,5678,24,0,0,12
6,3,900,4.7,6051,15,0,2,13
1,3,700,4.0,768,33,3,0,2
0,6,500,3.5,1133,42,5,1,21
1,7,100,4.5,5036,17,0,1,1
1,6,200,3.0,594,46,3,1,2
1,3,1000,3.0,7816,36,4,1,3
4,5,100,4.5,6328,7,5,1,9
5,3,400,4.0,6244,36,5,2,16
5,7,700,4.7,1265,49,0,0,7
0,6,100,3.0,2159,44,3,3,2
0,3,800,4.2,9819,38,5,1,13
4,3,600,5.0,9872,16,2,1,1
1,1,900,4.7,3162,34,0,1,6
4,3,100,4.2,9081,11,2,1,22
3,7,400,5.0,399,38,0,0,13
4,6,900,4.7,6469,49,2,2,1
6,5,200,4.0,290,48,5,3,5
1,0,500,3.5,681,31,5,2,26
0,2,1000,3.5,9660,39,2,2,8
4,0,600,3.0,1241,29,0,0,8
3,0,400,3.0,2270,12,2,2,20
3,7,500,4.7,9582,36,2,0,4
6,1,900,3.5,3417,44,0,3,16
3,1,400,4.0,1374,1,1,0,18
0,4,900,5.0,7176,8,5,2,2
0,2,100,4.0,1628,25,3,0,18
5,3,900,3.5,5208,44,4,3,2
3,7,600,4.2,5853,46,5,1,23
4,4,900,3.5,7338,29,2,1,4
0,2,400,4.7,9827,29,1,1,8
4,7,300,3.5,9344,16,5,0,21
5,0,300,3.0,936,17,2,3,25
1,4,500,4.2,7935,3,4,0,3
5,5,300,4.2,1037,27,5,2,8
4,5,600,4.0,9314,43,4,0,13
5,2,500,4.0,3163,30,4,2,1
5,4,600,4.0,7540,33,0,0,4
6,4,300,3.0,7256,34,4,1,6
1,6,500,5.0,3654,32,2,2,7
6,1,600,4.2,8690,2,3,1,18
4,5,400,4.0,942,24,3,1,15
4,1,100,4.5,3548,42,0,1,0
2,1,100,4.5,5455,45,1,1,26
0,5,600,4.0,1159,15,3,3,23
4,5,100,5.0,9037,38,3,3,20
5,0,400,4.5,6101,12,4,0,8
0,1,400,4.0,9699,19,1,2,6
4,2,100,4.7,5886,29,4,2,4
0,0,700,4.0,5957,36,5,1,20
5,6,1000,4.5,5140,11,3,0,4
1,0,900,5.0,4569,13,5,1,1
1,6,300,3.0,1621,34,1,2,1
3,7,200,4.7,5784,43,5,1,6
0,2,300,3.0,6774,33,0,1,1
3,5,800,4.7,7396,30,1,2,11
2,4,700,4.2,2814,33,2,0,25
6,3,700,5.0,2207,36,5,0,16
5,1,200,5.0,8577,34,5,1,1
2,1,1000,5.0,7401,29,4,3,25
6,6,600,4.7,9727,19,1,0,21
5,1,500,3.0,4487,15,1,3,4
6,2,400,3.0,7516,10,1,1,4
6,0,100,4.5,8761,10,5,2,9
3,1,1000,4.5,4962,19,4,2,1
0,3,200,4.0,4790,10,1,3,14
2,6,800,3.5,6581,48,1,0,16
5,1,1000,4.7,5922,43,2,0,4
4,4,1000,3.5,7547,28,2,3,8
1,7,100,4.2,3624,48,2,1,20
4,6,100,4.5,3897,15,2,1,10
3,6,100,4.7,7658,20,4,2,12
1,3,300,4.7,415,41,2,2,12
1,3,500,4.2,2606,15,3,3,16
5,5,1000,3.0,7473,45,5,3,23
6,1,900,4.5,6893,24,1,2,21
1,0,900,4.2,8472,5,4,3,22
0,7,500,4.7,4047,1,3,2,24
3,5,1000,4.0,6305,20,0,1,10
5,6,300,4.0,2562,27,1,2,12
0,2,400,4.0,2901,45,5,0,17
0,3,200,3.5,1562,14,0,0,16
6,1,900,4.2,6005,16,4,1,2
4,5,600,4.0,8523,28,3,1,9
6,7,800,4.7,9936,45,2,3,8
5,2,100,4.0,7622,29,3,0,7
5,0,400,4.0,4465,7,0,0,13
4,0,200,5.0,2292,33,5,2,9
5,4,400,5.0,3065,41,1,3,7
2,1,700,4.7,8309,36,3,3,17
3,0,300,5.0,9414,41,4,0,13
2,4,200,4.7,4784,15,4,2,17
5,6,100,3.0,7759,6,0,2,14
5,0,300,4.5,9318,5,3,2,17
1,2,600,3.5,2436,1,4,1,26
6,4,300,3.5,5260,15,5,1,7
4,5,1000,3.0,7477,18,4,2,0
5,4,200,3.5,4540,7,5,3,4
4,6,600,4.2,268,25,4,3,9
5,1,900,3.0,1080,37,5,2,12
6,5,800,5.0,3555,0,0,2,2
3,6,200,5.0,9983,10,0,1,8
4,1,1000,5.0,8931,1,2,3,8
5,6,300,4.5,9225,39,4,1,23
0,7,100,3.5,3487,5,4,3,3
1,4,300,4.2,1939,30,1,0,11
6,7,100,5.0,5039,48,1,2,26
1,0,600,4.0,7956,22,0,2,13
5,3,900,4.7,8395,42,3,1,21
4,7,500,4.5,9562,3,4,2,6
0,4,400,3.5,3533,21,4,2,25
3,5,200,3.0,3726,19,0,1,17
5,3,200,4.5,6478,0,5,2,18
4,0,800,5.0,8092,1,3,0,18
6,5,400,4.2,9684,33,5,2,8
4,7,800,4.5,8546,20,4,1,14
4,5,200,3.5,5660,46,2,1,20
6,7,1000,3.5,846,42,2,1,24
3,0,900,3.5,3332,29,5,0,19
5,5,600,4.7,8082,49,0,0,9
0,4,300,3.0,9752,9,3,0,6
3,4,300,3.5,9628,0,3,3,4
0,6,1000,4.2,1145,11,3,1,15
1,5,700,4.7,6140,24,1,1,20
0,2,400,3.0,2564,4,3,3,8
6,6,800,4.2,2512,37,2,2,18
0,2,200,4.0,6905,10,2,3,19
3,5,100,4.5,5028,29,2,0,6
5,1,200,4.2,3212,46,3,1,21
1,7,700,4.0,2500,34,5,3,17
4,7,600,4.5,854,19,0,0,20
2,4,600,4.0,4142,34,1,0,2
4,5,800,3.5,5803,38,3,2,21
5,7,1000,3.5,5031,22,3,0,21
0,7,800,3.0,5634,8,3,3,17
5,3,500,3.5,3630,8,4,1,18
1,1,700,4.7,7678,45,0,1,2
5,3,600,3.0,4877,36,5,3,5
4,7,700,4.5,9885,22,2,0,7
6,2,800,5.0,9371,34,4,0,0
2,6,300,4.5,4862,43,4,0,9
3,3,500,4.5,6844,37,5,1,4
6,1,100,3.5,7470,44,4,2,2
3,2,1000,4.2,5876,26,1,3,20
0,3,500,4.7,321,12,2,0,20
4,6,900,4.5,1010,34,3,3,2
6,5,600,4.7,5577,3,5,0,6
4,5,600,4.2,8225,33,5,0,2
3,2,700,3.5,6194,10,4,2,26
0,1,200,3.5,7647,3,3,0,14
4,5,800,4.2,8380,15,2,3,8
6,5,100,5.0,4129,2,5,2,6
5,5,900,5.0,6574,33,4,2,3
2,2,800,3.5,7556,33,0,1,25
2,4,200,4.7,9167,11,5,1,17
1,0,200,4.5,4134,17,3,0,21
3,2,800,4.0,8760,48,3,0,4
1,6,100,4.0,1853,41,2,2,1
0,6,100,4.7,2855,28,3,0,13
1,4,300,3.0,2191,40,3,3,23
5,4,600,3.0,3458,7,1,1,22
0,1,800,3.5,4698,12,0,2,6
4,2,300,5.0,7436,43,1,1,1
3,0,900,4.7,4751,44,3,0,6
1,4,300,4.7,5792,41,2,3,3
4,4,500,5.0,3617,39,0,0,18
0,0,700,3.0,9034,23,2,3,22
3,4,100,4.0,7499,23,0,2,13
6,0,100,5.0,6177,37,0,3,7
0,0,1000,4.5,6397,23,4,3,1
1,2,200,4.5,6993,34,5,2,18
5,1,400,4.2,198,48,4,3,13
1,0,600,4.5,6005,48,1,0,1
6,3,900,4.0,6571,7,5,3,2
3,1,400,4.5,7771,21,0,1,4
2,1,100,4.0,366,23,1,3,1
1,6,400,3.5,5218,48,1,3,24
0,0,1000,3.5,2474,24,2,2,22
0,4,200,4.2,9148,13,2,1,2
0,1,500,3.0,8574,4,3,3,13
3,1,700,5.0,9421,1,5,3,9
6,4,100,3.0,1805,5,3,3,20
3,4,100,4.5,6029,39,5,0,19
3,3,300,4.0,3009,2,1,1,20
2,0,300,4.2,3393,29,1,2,0
5,4,800,4.7,5387,33,0,3,8
0,4,800,4.2,8242,43,2,0,15
2,7,400,3.5,1298,47,5,0,6
2,0,800,4.2,2937,5,4,1,20
1,7,300,3.0,6003,43,4,2,21
5,4,400,5.0,3628,11,4,1,5
0,3,600,3.0,9268,23,3,3,21
4,0,900,5.0,3743,10,4,0,20
6,3,200,4.5,2898,0,3,3,15
2,2,100,4.2,888,11,2,3,20
4,1,700,5.0,373,23,5,1,13
4,6,300,4.7,870,31,0,1,16
5,5,700,4.5,4567,15,4,3,23
3,6,1000,4.5,8465,42,0,3,13
1,3,300,5.0,8370,22,1,3,15
0,4,200,4.7,7745,49,1,1,1
3,1,300,3.5,9176,48,5,3,4
6,0,800,5.0,5173,27,4,2,2
3,1,400,4.5,6080,9,3,3,20
3,5,100,4.2,6855,5,0,2,13
5,4,400,3.5,2758,40,5,2,18
0,3,300,4.2,1229,17,0,1,13
3,5,800,4.0,6236,6,3,1,20
3,2,700,5.0,429,40,4,3,3
1,0,100,4.5,9237,47,0,0,21
5,7,200,5.0,8337,44,4,0,19
5,1,300,4.5,5827,27,3,0,14
0,6,800,3.0,1984,41,2,1,6
5,2,600,4.2,8354,33,4,2,10
4,6,1000,5.0,2991,33,4,3,12
1,4,700,4.5,8300,43,2,1,2
2,0,300,4.7,5103,3,1,1,20
6,7,300,4.7,6732,27,5,3,11
2,0,700,4.7,3176,13,5,3,18
3,2,100,4.7,4514,18,0,3,13
1,7,900,5.0,2612,10,1,3,8
5,7,500,3.5,1415,40,4,0,0
4,7,300,4.7,5374,36,4,2,5
3,2,700,4.5,6043,38,2,2,6
6,7,300,4.7,3599,11,5,3,21
0,5,300,3.5,3899,14,3,0,4
1,4,900,4.5,4571,43,1,3,15
6,2,700,4.7,5209,42,1,2,24
4,5,400,4.0,7214,21,0,0,20
3,5,900,4.2,5653,18,1,1,0
2,4,100,4.0,1471,23,1,2,24
2,0,600,4.7,8701,9,5,3,23
4,4,1000,3.0,2229,42,4,2,0
3,6,500,5.0,8784,29,0,0,24
0,2,900,4.0,8190,26,2,2,0
0,0,600,3.0,8213,21,5,0,13
1,5,100,4.0,2506,1,2,1,4
5,7,900,4.2,3271,35,3,2,22
5,3,100,4.2,9855,18,5,2,20
6,3,100,4.5,2665,19,1,2,12
5,4,200,4.0,8583,31,5,3,4
6,7,700,3.5,456,15,0,3,12
3,0,1000,4.2,4215,5,4,0,17
1,1,900,5.0,1775,46,5,2,13
6,5,500,5.0,7046,0,0,0,13
6,1,600,3.5,255,16,4,0,3
6,4,300,3.0,6046,29,2,1,5
0,6,100,3.5,7508,11,4,2,18
4,6,900,4.5,409,35,3,1,4
1,4,700,3.0,4768,38,3,2,21
3,7,700,5.0,8887,14,4,2,23
6,2,1000,4.5,1605,7,5,2,20
2,2,700,3.5,5210,36,2,0,6
3,4,700,5.0,2563,35,3,0,19
2,5,800,3.5,5221,49,0,3,18
4,1,800,4.5,1741,6,1,2,22
3,1,900,4.2,2566,45,1,3,21
4,7,800,3.0,4806,46,0,2,13
5,4,300,4.7,1542,14,4,0,19
5,2,900,4.7,4550,20,5,0,16
3,5,900,4.2,6030,7,0,3,12
1,4,800,4.0,7230,14,4,0,0
3,5,300,5.0,2150,42,0,3,13
5,5,100,4.0,6194,23,4,2,3
0,5,900,3.5,6973,37,2,2,6
5,6,1000,3.0,4345,33,2,3,13
2,4,400,4.0,4225,35,2,2,3
4,6,800,4.2,6497,24,2,3,3
1,3,200,4.5,4098,22,1,1,1
2,4,100,4.5,576,35,2,1,1
0,6,100,5.0,5535,21,5,1,4
6,6,300,4.7,4176,6,2,1,22
1,5,200,4.7,397,11,5,2,2
4,3,1000,3.5,9387,10,2,3,23
0,1,800,4.5,5070,28,4,3,9
0,6,800,4.5,2910,4,5,2,12
0,2,1000,5.0,4061,29,4,1,11
5,3,900,3.5,2418,14,5,0,25
5,0,500,4.2,6064,27,1,2,25
3,6,900,3.0,7497,4,3,3,4
3,4,600,4.2,7707,0,3,1,3
3,0,200,4.0,3360,31,4,0,10
6,4,400,4.7,5216,24,0,0,20
0,5,1000,4.5,7725,32,1,0,17
5,3,300,4.5,5063,10,1,0,13
3,6,800,3.5,9519,17,4,3,19
4,2,300,3.0,6591,43,2,0,18
4,2,700,4.2,1090,41,4,0,2
3,5,400,4.2,8354,15,1,3,25
5,6,500,5.0,2042,48,4,1,0
5,4,300,4.2,3973,10,3,1,11
3,6,900,4.5,1322,24,3,3,3
4,4,100,4.0,124,1,1,3,10
4,2,700,4.7,4414,19,5,1,0
2,3,600,3.5,5543,45,1,0,10
4,2,1000,3.5,8753,38,4,1,8
2,3,700,4.0,9902,3,4,1,6
5,4,800,3.0,3540,40,3,0,24
2,0,500,5.0,6737,44,4,2,16
6,0,1000,4.5,1517,34,3,2,24
3,4,800,3.0,4117,31,3,0,14
2,7,700,3.5,475,35,0,3,9
3,1,100,5.0,2393,13,1,2,21
3,3,800,4.5,9666,15,0,2,24
4,4,900,4.7,6850,14,5,2,11
0,0,800,4.7,7824,27,0,1,9
1,7,300,5.0,3286,11,4,3,4
3,3,700,4.2,7023,18,4,2,15
0,3,200,4.7,6421,39,3,2,21
3,7,600,3.5,9170,2,3,0,24
4,2,100,5.0,8533,6,4,1,4
3,5,300,5.0,129,42,2,1,4
2,4,700,3.5,5207,34,4,3,13
4,6,300,4.5,7669,10,2,3,15
5,6,600,4.2,7574,9,3,1,18
2,5,900,3.5,3964,22,0,1,1
5,5,300,3.0,834,12,0,3,23
1,6,800,3.5,8854,1,0,3,7
1,1,400,4.2,3881,34,1,3,19
1,7,300,4.0,192,19,0,0,20
4,2,700,3.5,618,30,4,3,9
4,5,100,4.0,1540,36,2,1,20
5,5,600,5.0,9552,43,1,1,4
0,4,900,4.2,7580,10,1,3,15
6,1,200,3.5,7552,15,1,1,16
6,3,500,4.2,733,26,2,0,21
6,6,100,5.0,4438,0,2,1,1
1,1,800,3.0,5808,28,0,3,12
0,7,500,4.5,871,37,1,0,6
2,2,200,3.5,4382,18,1,1,16
1,6,200,5.0,2403,36,0,1,13
4,6,100,5.0,9497,33,4,0,12
2,1,1000,4.7,3172,16,5,0,9
0,7,200,5.0,7881,12,0,1,17
3,6,100,3.5,3365,41,2,3,21
0,6,100,3.0,6046,46,3,1,20
1,2,700,4.0,8145,22,3,3,2
4,4,1000,4.0,4359,12,2,1,4
6,5,700,5.0,2134,7,2,3,25
6,7,800,3.0,5649,31,5,1,4
0,6,100,3.5,3004,40,1,2,17
4,0,300,3.0,7142,11,2,1,20
0,3,700,4.5,6340,10,5,2,9
4,4,700,3.5,1338,5,4,1,3
2,7,1000,4.5,5645,6,3,1,21
0,0,600,4.5,2765,10,3,3,8
0,7,1000,5.0,4856,15,3,3,17
0,6,400,4.0,3286,14,2,0,24
0,4,100,3.0,981,39,5,0,4
1,6,900,4.2,8052,1,5,3,13
5,6,800,4.7,6913,39,2,3,18
6,2,200,3.0,1826,37,3,3,4
6,4,1000,4.0,7872,18,5,0,2
5,3,600,4.7,6279,42,0,1,26
1,0,100,4.0,4563,34,3,1,3
1,7,100,4.0,3210,44,2,3,18
2,4,1000,4.0,4217,44,3,2,8
0,2,200,4.7,8859,3,0,3,22
0,0,800,3.0,1692,44,4,2,17
2,2,200,4.7,9792,8,0,1,2
3,1,900,4.7,7274,45,5,0,7
5,6,100,3.0,7423,29,0,2,5
6,4,400,4.5,4702,23,4,3,6
2,2,700,4.2,5148,40,3,1,14
1,4,500,5.0,2805,19,4,1,14
5,4,300,3.5,9181,38,5,1,14
5,1,500,4.5,3907,16,0,1,12
5,6,700,4.5,7091,17,5,0,15
0,4,300,3.5,2784,9,1,0,24
0,0,700,3.0,5925,18,4,1,8
4,5,200,3.5,234,43,1,2,1
1,4,200,4.0,332,39,4,3,11
4,0,600,4.7,8108,13,0,2,7
6,7,700,5.0,2018,33,2,3,2
0,6,600,4.7,6253,23,1,2,9
4,3,400,3.5,8288,40,4,2,7
5,3,800,4.0,3555,2,4,3,20
4,5,200,4.0,8902,2,0,0,20
5,3,200,4.0,2248,11,0,3,12
4,4,300,4.0,5231,29,5,1,4
6,4,500,4.2,5500,17,4,2,1
0,2,200,4.0,7198,43,1,0,17
2,1,800,3.0,8655,6,2,0,10
2,4,300,4.7,3552,29,2,0,26
3,2,300,4.5,250,19,1,1,21
6,5,300,4.7,6957,4,2,3,14
1,5,900,4.7,448,31,1,2,21
3,1,700,3.5,2332,12,4,1,8
0,4,100,5.0,3318,33,0,1,24
6,6,900,4.5,3478,33,3,1,18
2,2,1000,4.5,7616,32,3,0,0
4,3,600,5.0,1508,34,3,0,10
6,0,400,3.0,9635,27,0,3,26
2,5,300,3.5,6732,30,3,2,4
2,0,800,4.5,9048,5,5,3,5
2,3,700,4.7,6199,5,0,3,2
4,6,500,4.7,900,39,0,2,6
1,6,700,4.0,6620,23,1,3,2
0,6,100,3.0,7918,38,2,3,24
5,6,100,3.5,9582,44,2,1,13
4,0,1000,3.0,4587,35,5,2,8
1,3,700,3.5,2821,18,0,3,14
6,5,1000,4.5,1137,0,1,1,10
1,0,300,4.7,1516,43,3,2,25
4,6,700,3.5,4434,39,4,2,22
4,4,700,4.2,95,40,4,3,13
1,6,200,3.5,1114,29,3,0,24
6,3,1000,4.2,7246,27,3,3,8
6,0,300,4.2,9233,1,0,1,21
3,0,600,3.5,6849,12,1,1,2
0,5,100,4.2,5192,32,3,3,26
2,6,500,4.5,6501,25,2,0,20
0,2,100,5.0,7351,43,3,2,21
4,6,1000,3.0,1429,25,0,0,21
2,3,300,5.0,3734,7,3,0,18
2,5,400,4.0,147,42,0,0,1
2,4,800,5.0,3423,17,1,1,15
3,7,500,4.7,4548,43,1,0,22
1,7,300,4.0,9028,2,0,0,9
5,4,600,5.0,418,13,3,1,10
3,0,600,4.2,8907,26,0,1,9
6,6,600,4.7,3674,2,1,0,7
6,4,200,4.0,4588,14,3,3,20
5,6,500,3.0,4806,37,3,0,21
4,7,800,4.2,7149,32,5,0,13
6,2,300,4.5,171,22,4,1,21
6,2,100,3.5,1428,3,3,1,14
4,1,800,4.7,1267,19,5,0,3
0,7,600,4.5,983,34,2,0,6
4,6,200,4.0,5328,36,5,3,14
1,7,700,5.0,2162,6,4,2,18
4,0,800,4.7,5625,49,2,0,25
3,2,100,3.5,5653,42,4,0,1
5,3,700,3.5,3786,48,2,3,23
0,7,500,4.2,5219,18,3,1,9
0,6,500,3.5,5544,6,5,2,19
5,7,700,3.5,4525,15,5,2,25
1,7,200,5.0,311,31,4,0,2
2,3,300,5.0,4728,43,2,0,5
3,2,500,4.5,8512,15,4,1,13
4,6,500,4.7,9647,1,5,2,6
1,3,500,4.0,348,30,3,1,21
3,2,700,4.5,6224,30,2,2,22
6,7,700,4.5,9766,17,2,3,4
2,2,500,4.5,7887,18,4,2,18
3,3,300,3.0,9772,28,3,1,1
5,0,400,4.2,3510,23,1,3,21
0,3,400,5.0,6093,31,5,1,20
5,6,600,4.2,8394,3,3,2,22
2,1,900,5.0,6441,27,3,1,20
1,6,700,3.0,7175,29,2,3,19
6,6,1000,4.0,884,36,5,1,13
6,6,1000,4.5,358,3,5,1,13
1,1,100,3.5,3526,45,1,0,19
3,2,700,3.5,4234,20,3,1,18
4,4,400,3.0,8477,9,1,2,4
0,2,600,4.2,7551,27,3,3,20
5,1,900,3.5,8799,35,4,1,9
6,1,500,4.2,6387,39,3,2,17
1,2,700,4.7,2684,24,3,1,13
3,5,900,5.0,4614,24,4,3,4
6,5,700,3.0,7590,17,4,2,20
0,6,300,4.7,4218,32,4,0,3
2,3,100,4.0,1021,26,0,3,7
5,3,1000,4.5,7213,41,0,1,13
5,1,500,3.5,6875,43,0,2,20
2,0,800,4.0,3276,18,0,2,3
2,1,600,5.0,6525,8,0,3,25
6,2,600,3.5,357,15,2,3,17
6,5,400,4.7,893,14,2,3,4
3,3,1000,4.2,7862,46,1,3,1
2,4,800,3.5,8911,45,0,2,20
0,2,100,4.2,968,45,4,0,18
0,3,800,3.0,542,20,5,3,18
3,0,400,4.7,9854,38,4,0,5
6,7,400,3.0,5464,37,4,3,4
1,5,700,5.0,7155,9,3,0,5
5,6,200,5.0,9643,33,2,1,11
5,5,200,5.0,8679,2,3,2,0
4,1,400,4.2,2798,13,2,3,12
2,5,900,4.2,7613,43,3,3,21
6,6,400,4.0,7604,5,5,2,1
1,6,100,4.2,3585,10,5,3,21
4,0,900,4.0,7723,25,5,2,9
2,5,700,4.5,506,44,5,3,14
2,2,400,3.5,2988,18,1,3,13
6,2,100,3.0,590,13,1,0,15
2,3,100,3.5,6085,4,0,0,13
4,0,100,4.7,9518,0,4,3,12
1,1,300,3.0,1310,34,5,0,11
1,2,300,4.2,2657,36,1,0,14
3,7,1000,4.7,5567,7,3,3,23
2,4,1000,4.7,1653,31,3,1,4
5,2,1000,4.5,2310,8,3,1,22
2,1,900,4.0,3704,2,3,1,16
5,4,100,3.0,1594,25,5,0,16
6,2,1000,3.0,4956,18,2,2,2
4,1,200,4.0,1479,8,4,2,21
3,6,600,3.0,7435,12,5,3,22
5,2,100,4.5,8614,5,2,2,21
6,5,200,4.2,4810,23,0,0,15
0,1,1000,4.7,6291,4,3,1,21
2,7,700,4.7,6046,31,4,0,23
1,5,700,3.0,2867,46,1,1,12
6,5,500,3.0,1997,30,3,1,20
6,7,900,4.7,1700,42,5,0,4
5,6,700,4.0,1279,48,0,3,22
5,1,800,3.0,6671,46,1,3,9
4,4,300,5.0,783,38,4,1,26
0,1,700,3.0,1238,14,1,1,18
2,1,100,5.0,773,6,4,1,13
0,1,600,4.0,2408,6,5,3,4
6,4,300,3.5,7327,44,0,3,11
0,3,500,4.0,9713,48,5,2,24
3,6,1000,4.7,4193,14,1,3,2
6,1,200,5.0,2840,41,1,3,9
0,0,300,3.5,3369,44,4,0,23
1,7,400,4.5,278,5,5,2,1
1,7,900,3.0,5306,2,3,2,17
0,7,400,3.5,7505,11,5,2,0
3,0,300,4.7,3247,32,0,1,9
5,5,700,3.5,951,35,2,2,10
5,6,800,3.5,5069,11,1,0,6
3,6,500,5.0,1790,15,0,2,20
5,5,1000,3.5,5462,12,2,3,8
3,7,200,5.0,1561,18,3,1,3
6,2,100,4.0,2198,9,0,1,15
0,4,100,4.5,3662,47,2,0,12
3,7,400,4.2,9608,31,2,2,20
4,5,100,5.0,8979,2,2,3,20
3,5,1000,4.2,8889,24,5,1,10
2,1,600,5.0,1498,5,3,2,21
1,0,700,4.0,3349,38,4,2,13
4,2,500,4.5,4571,35,5,3,18
6,2,300,4.2,2270,45,0,0,15
4,0,200,5.0,8791,47,5,0,10
3,0,200,4.5,5382,33,3,2,19
0,1,100,4.7,3339,36,3,3,2
2,7,800,4.0,3448,1,0,2,12
4,4,800,3.5,1833,25,3,2,0
3,6,600,3.0,2709,23,1,1,3
3,7,400,4.7,847,32,1,3,21
1,1,200,4.7,9580,30,0,3,15
3,3,400,3.0,3452,47,5,3,2
6,5,1000,3.5,7325,47,4,2,9
5,7,600,3.0,4753,19,4,2,12
3,4,900,3.5,7790,39,5,0,6
4,6,400,3.0,3194,45,2,1,21
4,3,300,3.0,3514,21,2,0,24
2,6,600,3.0,3719,7,5,1,10
4,2,100,4.5,1333,1,4,0,12
6,5,900,5.0,374,47,0,2,21
0,4,100,4.0,4861,30,0,3,25
0,7,500,4.2,874,45,0,3,2
1,2,300,4.2,7467,43,5,3,15
3,4,200,3.0,5341,37,4,1,21
4,3,900,3.5,7114,48,0,2,2
1,7,700,5.0,835,42,3,0,19
2,1,900,4.7,5430,38,4,2,2
2,2,800,3.5,9867,32,1,0,25
6,6,700,3.5,4648,40,1,1,8
0,0,500,4.2,999,13,2,3,21
4,5,700,3.0,1950,49,3,0,11
2,5,900,3.5,1982,32,1,3,20
1,3,900,5.0,2879,3,1,1,2
1,0,400,4.0,6554,19,2,3,21
5,5,900,4.5,7258,23,3,3,7
0,2,200,3.0,9819,1,1,2,6
0,1,700,3.5,9175,33,0,2,4
0,1,800,3.0,7581,39,0,1,12
2,7,500,4.5,1788,25,4,3,1
4,5,800,4.2,6026,13,1,0,7
6,6,1000,3.5,2573,8,3,3,18
3,4,800,4.5,314,39,2,3,19
6,3,600,4.5,6413,13,5,2,15
2,3,400,4.5,6654,15,1,3,16
1,1,700,3.0,6088,24,1,2,6
2,5,500,4.0,8903,40,5,0,8
0,4,500,4.5,939,1,4,2,21
4,4,200,3.0,6650,37,4,0,20
3,7,100,4.5,3149,45,4,2,21
2,4,100,3.0,2440,49,1,0,19
1,6,200,4.5,5046,15,5,0,13
0,6,800,4.0,5936,11,1,0,19
3,3,1000,3.5,8876,19,5,0,9
5,0,400,5.0,4476,20,5,2,5
4,1,400,3.0,6551,35,5,3,17
6,3,200,3.5,437,6,5,1,3
6,2,100,4.2,3192,15,0,0,18
0,2,500,3.5,7078,39,4,2,8
6,5,400,5.0,2569,12,3,1,6
5,4,900,4.7,3729,17,1,0,6
0,4,1000,4.7,1400,45,0,1,11
2,0,400,3.5,4765,23,5,3,10
3,7,1000,4.7,8475,15,0,1,9
0,2,700,5.0,5889,42,5,1,20
5,0,100,4.5,3538,0,1,2,20
0,5,400,5.0,6403,37,1,1,6
2,3,1000,3.5,8683,5,3,1,14
2,7,500,3.5,6161,15,2,2,2
4,0,1000,4.0,6355,6,5,1,5
3,2,700,3.5,5021,7,4,3,23
3,3,100,4.0,3642,47,4,2,20
0,0,500,5.0,5730,40,3,0,14
0,0,300,3.0,3264,37,4,1,14
2,0,1000,4.7,4641,17,2,0,4
0,3,700,4.7,5072,27,0,1,23
3,4,200,4.7,2076,49,0,2,9
5,5,100,4.5,8833,10,2,3,9
1,5,600,4.0,3575,25,3,1,23
0,4,800,4.0,1824,17,4,1,20
3,6,400,4.0,2771,27,2,2,3
5,1,1000,3.0,5228,15,0,3,1
0,3,800,4.0,494,35,1,2,7
1,0,100,4.2,3462,1,0,3,19
0,6,400,3.5,5730,35,3,3,18
0,1,300,3.5,8302,48,0,3,15
4,5,1000,4.0,1522,37,4,1,22
2,7,500,5.0,714,10,5,1,21
0,4,600,4.7,4634,45,1,3,9
0,2,600,4.5,8081,27,5,1,5
1,1,900,4.5,2774,41,3,3,9
2,3,300,3.0,6622,24,2,3,19
5,6,800,4.5,6790,15,1,2,8
3,1,600,3.5,9782,44,5,2,20
0,4,500,3.5,1074,22,2,0,13
1,7,1000,3.5,858,11,2,0,18
2,6,300,4.2,4890,0,5,3,15
4,1,1000,4.7,158,16,1,2,18
1,4,700,4.7,1124,15,0,2,17
2,3,400,4.0,2174,19,0,3,26
4,5,800,4.2,314,2,0,1,3
0,5,700,5.0,6065,6,4,2,24
2,4,1000,3.0,2928,39,5,2,13
0,3,600,4.2,9544,36,1,1,20
1,7,500,4.5,983,41,2,3,13
0,4,800,4.5,8245,13,5,0,2
0,7,200,4.2,750,10,3,1,7
6,6,500,4.7,6449,14,4,3,9
4,7,500,4.7,1763,26,2,1,17
5,2,700,3.0,3738,22,4,2,8
6,7,200,4.5,8380,29,1,3,4
2,4,100,4.5,1063,18,5,0,6
1,4,300,4.2,5524,20,4,1,14
4,7,700,4.0,7361,19,3,2,26
4,2,800,4.2,904,18,3,3,17
4,5,100,3.5,6715,10,0,1,0
1,3,500,4.5,4999,35,0,1,7
1,5,600,4.5,5458,32,5,3,2
1,3,700,4.7,4543,41,5,2,21
6,1,1000,3.5,6808,8,0,2,21
0,0,1000,4.2,5907,5,0,0,17
1,1,1000,5.0,738,14,5,3,4
5,2,500,4.7,8169,2,3,1,1
2,5,700,4.7,8869,9,4,2,11
1,4,600,3.0,3229,9,3,1,4
4,2,800,4.2,3265,18,2,1,10
3,4,1000,4.0,3864,28,5,3,8
2,6,700,4.7,432,38,5,3,23
4,6,400,4.5,5726,1,5,3,13
3,1,500,4.7,7503,38,0,1,13
1,1,700,4.0,470,22,3,0,13
1,1,400,3.0,6572,24,0,0,26
2,7,200,3.0,2867,11,5,0,9
2,4,700,4.0,1931,5,3,0,4
3,7,600,4.0,5505,19,5,1,6
1,2,800,4.0,5287,46,1,0,4
5,0,1000,4.7,2165,32,3,0,3
2,4,700,4.2,9790,15,5,0,15
3,1,900,3.0,8230,22,4,3,21
3,4,200,5.0,641,10,4,1,13
2,3,600,4.7,574,0,3,3,6
2,7,800,4.0,8152,14,5,0,1
5,6,500,4.0,2840,10,4,1,12
1,3,500,3.0,4254,0,0,1,3
0,1,300,5.0,6542,45,3,1,0
6,4,400,3.5,4465,16,0,2,17
0,3,100,3.0,5786,42,5,3,13
4,0,200,3.0,8698,22,2,2,17
0,1,300,4.5,8052,44,0,3,16
6,5,300,3.0,3356,32,5,3,6
3,3,400,3.0,1692,34,5,0,21
4,0,600,3.5,9427,5,4,1,8
0,7,700,3.5,3078,31,1,0,4
0,4,600,5.0,9981,20,3,0,2
5,7,500,4.7,2309,35,1,2,2
5,7,300,4.7,8708,40,5,2,6
2,7,900,4.5,7646,6,1,3,19
5,7,800,3.0,4094,7,4,2,12
6,7,1000,4.5,8823,13,2,1,13
0,0,200,4.2,4337,34,3,1,2
0,5,500,3.0,1086,37,1,2,4
5,2,600,4.7,2096,12,1,1,9
6,1,800,4.2,8444,45,0,1,26
4,5,400,3.5,94,31,3,2,9
6,5,100,4.5,665,5,5,1,8
4,1,400,5.0,2627,5,0,0,19
0,5,400,4.2,7900,11,2,2,2
0,7,300,4.2,2478,4,0,0,19
3,6,400,3.0,8915,32,2,3,21
1,0,100,4.7,4677,42,3,0,26
5,7,200,3.5,3041,19,4,0,6
6,4,400,4.0,1744,38,2,0,2
4,0,900,4.5,9311,6,5,0,21
4,3,300,5.0,2701,12,5,3,21
6,6,1000,4.5,4320,30,5,3,13
3,6,900,4.2,6071,13,2,0,15
2,3,900,3.0,1622,6,2,0,14
2,0,100,5.0,9024,9,2,2,9
5,5,800,4.7,9611,20,1,0,2
2,7,900,4.5,9016,21,2,1,13
0,5,400,4.2,4669,37,4,0,18
5,4,100,4.7,7498,30,1,2,19
6,5,600,3.0,5470,16,1,3,13
0,6,500,3.0,2765,33,0,0,2
0,4,300,5.0,5369,22,1,2,1
5,7,900,4.0,2235,1,5,3,12
4,2,800,3.5,9652,2,0,3,21
2,0,600,4.2,6567,4,5,1,17
3,0,600,4.5,8343,7,1,0,23
0,4,700,4.5,5372,26,0,0,13
0,3,600,4.2,6324,2,4,0,17
1,3,200,4.7,1976,1,1,2,19
1,5,900,3.0,6252,38,4,0,18
5,5,700,3.0,3001,34,0,1,18
6,4,800,5.0,3231,30,5,0,21
0,1,700,4.5,8922,40,2,0,15
6,1,400,5.0,5758,5,4,1,21
0,4,700,5.0,1774,22,0,3,2
0,0,800,4.5,2198,44,1,2,17
4,7,1000,4.0,2002,12,1,1,14
6,3,200,4.2,132,46,4,3,3
3,5,900,4.2,9015,25,4,3,20
1,7,500,4.2,6175,24,3,3,0
4,3,700,4.2,4565,23,0,1,15
2,2,1000,3.5,1750,40,5,1,3
1,2,100,4.0,9489,34,0,1,2
4,2,600,4.5,6224,47,5,2,20
0,1,300,4.0,7281,11,1,2,25
0,5,600,4.7,3882,16,5,1,16
0,7,1000,3.0,5425,28,4,2,17
2,5,500,4.5,1377,45,5,3,8
4,1,700,3.0,3917,3,5,1,11
0,7,400,5.0,4792,44,3,1,18
0,0,200,4.7,9579,21,3,1,1
0,3,500,3.0,4826,12,2,1,1
2,7,500,5.0,684,48,0,3,21
1,6,500,4.0,8175,21,0,3,6
3,6,600,4.2,7974,6,2,3,4
4,2,100,3.5,9168,15,4,0,1
5,4,300,3.5,9314,31,1,1,0
2,5,200,4.2,927,32,0,3,9
3,7,200,4.7,9185,34,3,3,20
1,4,400,5.0,2049,41,0,3,25
0,1,600,4.0,6010,39,3,1,0
5,6,300,4.2,550,11,5,0,1
4,2,900,4.2,8689,20,1,2,12
6,7,200,3.0,9744,30,2,1,14
1,5,200,4.0,5788,19,5,0,6
1,4,900,4.2,3564,28,3,0,25
0,1,400,3.0,7991,7,0,1,20
5,0,200,4.0,8829,41,2,3,13
1,6,200,3.0,7602,19,5,0,24
6,1,900,3.0,2604,30,0,3,3
2,1,500,3.0,5980,1,2,0,10
6,5,700,3.5,7501,46,4,1,0
5,4,500,4.0,411,21,0,1,6
3,1,800,4.5,1987,31,1,1,24
3,6,200,3.5,2628,42,1,1,14
0,2,1000,3.0,593,29,2,1,11
1,2,300,4.0,9917,36,0,0,22
3,1,700,4.5,1830,8,5,2,1
2,1,200,4.2,646,41,2,1,1
3,5,800,4.7,792,3,4,0,4
1,6,800,5.0,2934,47,0,3,18
2,7,300,4.0,7041,13,0,2,8
5,1,800,5.0,9849,0,4,2,1
0,5,700,3.5,5651,25,2,3,10
5,0,300,5.0,6821,34,0,1,3
5,4,200,4.5,8020,43,5,0,25
4,7,500,4.2,258,21,5,1,11
2,4,900,5.0,134,45,4,2,20
0,0,700,5.0,6287,14,5,1,12
1,1,400,4.0,1233,9,4,2,12
1,7,600,4.7,7334,23,5,1,4
6,6,800,4.5,6901,5,2,1,17
3,6,1000,3.5,669,20,2,1,24
0,5,400,5.0,2759,1,4,0,13
4,0,600,4.2,1378,35,0,2,12
4,5,800,5.0,534,45,4,1,4
0,4,100,3.0,4682,14,2,2,12
0,6,1000,5.0,6918,36,0,0,20
3,7,600,4.7,2826,25,2,2,18
3,7,900,4.7,2351,4,4,1,16
6,7,500,4.5,1211,8,0,1,23
6,6,700,4.2,5658,8,1,0,6
3,3,500,4.5,9856,41,2,2,20
2,7,600,3.5,8910,47,4,0,11
2,1,800,3.0,1301,31,4,1,2
2,0,400,4.5,1143,8,2,1,18
4,3,300,4.5,4123,33,5,0,6
0,0,800,4.0,9114,18,4,1,10
5,3,200,3.5,5607,6,4,2,25
6,5,100,3.5,7736,33,2,0,5
3,4,200,4.0,7892,5,3,0,21
6,4,600,4.0,1635,42,0,1,14
2,4,200,4.2,7413,41,4,2,24
5,0,900,3.5,1754,7,1,1,6
3,6,800,4.5,2288,4,5,0,17
5,5,400,4.7,8494,9,2,2,3
1,3,300,4.7,4352,22,1,1,22
6,4,300,3.0,4701,30,1,0,4
5,4,700,3.0,9924,33,2,2,3
1,5,600,4.7,348,40,2,2,18
4,7,700,4.0,2586,8,2,1,9
2,5,500,3.5,7609,46,2,3,12
4,2,600,4.0,9733,36,5,1,2
1,0,1000,3.0,4950,10,0,2,20
3,6,100,4.5,4571,44,0,1,23
1,7,400,3.0,3946,29,3,0,6
6,3,500,3.5,7006,27,3,1,2
1,4,900,4.7,9743,26,3,1,21
5,0,300,4.7,5357,10,1,1,19
1,6,600,4.0,3017,31,3,1,20
5,1,200,4.5,2831,35,1,1,21
3,4,200,4.2,2399,47,1,3,16
5,6,800,4.7,4309,46,0,3,7
4,7,100,4.7,6062,9,2,0,18
3,5,100,5.0,4429,33,5,2,21
6,4,900,5.0,1607,0,5,1,21
0,5,200,5.0,6925,28,4,3,5
4,2,500,3.5,8289,3,5,0,18
1,2,200,5.0,8653,34,2,0,17
1,1,800,5.0,6829,28,2,0,0
0,0,500,5.0,3187,31,3,1,12
4,4,300,3.5,815,21,1,0,7
6,0,500,3.0,1459,30,2,1,12
3,6,900,4.2,2937,18,4,1,1
2,4,900,5.0,8538,20,5,2,25
1,1,500,3.0,1627,44,1,0,4
3,4,800,5.0,8114,45,5,2,13
6,7,100,3.0,4487,44,4,3,17
2,2,300,5.0,2855,28,0,3,7
3,7,200,5.0,4822,41,4,2,8
5,2,400,4.5,3185,31,5,3,14
1,1,300,4.0,673,39,1,0,17
0,4,400,5.0,8317,2,3,0,25
2,2,200,3.0,2463,45,5,2,5
3,2,1000,3.0,3632,26,4,3,4
5,3,800,3.0,382,9,2,3,16
0,2,200,4.5,1280,7,5,3,6
4,2,600,4.0,8732,38,5,3,15
3,0,300,3.5,2991,13,3,2,11
5,5,1000,4.0,3573,27,4,2,23
2,4,1000,3.0,6439,26,0,1,23
5,6,700,4.5,5628,33,2,1,6
6,6,900,4.7,980,26,2,1,1
4,7,600,3.0,6522,4,1,0,21
2,3,900,4.5,5091,14,1,3,23
4,3,400,4.2,459,45,5,1,9
0,6,1000,4.0,1008,39,2,0,22
0,4,1000,4.5,6662,0,0,3,20
4,2,500,5.0,102,30,0,2,2
5,2,400,5.0,5073,29,3,1,4
4,2,100,4.5,9675,9,1,0,9
5,3,800,4.5,6061,9,2,1,21
5,5,400,4.5,184,7,2,1,15
2,0,1000,4.2,6531,1,0,1,25
3,0,300,5.0,3105,43,3,2,21
1,4,200,4.2,3062,38,1,2,13
2,2,800,3.0,4315,15,3,3,1
4,5,1000,4.7,417,8,4,0,21
3,2,600,4.7,8792,5,2,2,4
5,7,500,3.0,1285,41,3,3,25
6,1,300,4.2,1014,27,4,2,4
0,4,700,3.0,5940,1,1,3,17
5,2,300,4.5,8166,45,5,0,15
1,7,400,3.0,9341,10,3,3,2
0,3,700,3.0,7400,32,4,2,22
4,6,100,4.7,823,40,2,3,21
0,1,500,3.5,8346,21,2,1,0
6,1,700,3.0,4922,32,0,3,3
4,6,800,5.0,4352,46,3,2,1
3,1,1000,4.5,2523,28,5,0,1
4,7,300,4.7,1787,20,0,1,3
6,1,200,4.0,5069,3,5,3,15
1,1,400,4.0,3080,29,0,0,4
3,7,800,4.0,6901,41,4,3,20
2,7,1000,3.0,4924,46,1,0,0
4,6,400,4.2,4781,34,5,2,18
5,0,900,4.2,6868,22,4,0,6
4,4,600,3.5,1517,34,1,1,8
1,2,200,4.0,2013,23,0,0,13
5,3,400,4.2,1681,45,1,3,9
0,5,600,3.0,5697,29,0,3,19
1,0,600,4.2,8335,44,4,0,0
1,2,300,4.5,6745,37,2,2,18
4,5,900,4.2,9270,7,4,2,23
0,4,500,3.0,9353,20,2,2,19
3,4,900,4.7,8877,45,4,0,22
4,5,400,3.0,2621,3,3,2,4
1,1,700,4.5,2945,31,0,2,20
2,6,800,4.2,7323,1,4,0,9
6,6,800,4.0,2314,34,1,2,6
5,0,1000,4.0,9389,8,5,2,14
0,6,600,4.0,593,34,1,2,6
6,6,600,3.5,2496,4,1,0,12
3,1,300,3.5,2344,8,1,0,19
5,7,900,4.7,9696,13,1,2,9
2,0,700,4.5,8799,20,0,2,9
1,0,700,3.5,5964,35,5,0,11
1,4,800,4.2,3842,8,0,0,18
4,7,200,4.2,1057,0,2,2,21
5,6,700,5.0,3294,42,2,2,2
5,3,100,3.5,881,12,0,3,12
6,1,900,4.5,8635,0,2,0,7
6,1,900,4.7,64,40,1,0,20
6,6,100,4.5,8342,12,1,3,17
5,6,200,4.7,9135,24,5,1,5
1,0,400,4.7,7769,21,2,1,17
5,0,500,4.0,2761,30,5,1,6
3,7,300,3.5,1646,0,0,3,4
0,1,800,4.7,189,3,5,2,6
3,3,200,4.0,1412,47,3,2,12
0,5,800,3.5,8600,5,4,0,18
5,6,500,4.7,8792,17,1,1,17
0,5,1000,5.0,3124,6,2,1,12
4,6,200,4.2,2360,30,2,2,6
2,7,400,4.5,751,35,1,1,21
6,3,100,3.5,7950,6,4,3,4
3,0,800,5.0,9529,1,0,1,6
3,1,600,4.0,1990,37,5,2,16
2,4,600,4.5,5856,46,3,3,0
5,4,200,3.0,7908,23,4,1,8
2,6,800,4.5,9145,38,4,2,21
0,3,900,4.2,6628,45,0,2,8
4,5,700,3.0,5633,12,3,0,6
5,2,900,4.0,5290,15,1,0,26
0,6,400,4.2,9540,47,5,1,21
4,6,300,3.5,6214,9,3,3,16
4,2,600,4.5,205,19,5,3,22
4,5,700,3.5,7651,37,5,2,13
1,2,300,3.0,5622,28,4,2,18
3,3,1000,4.2,7835,20,5,0,13
2,0,800,3.5,3466,24,2,2,4
6,4,300,4.7,3814,45,5,0,20
2,1,500,4.0,6851,20,0,2,13
5,2,800,4.7,9748,1,4,1,5
6,1,300,3.5,7182,45,3,3,19
6,5,200,4.5,1434,6,2,2,20
4,4,200,4.7,6582,0,0,3,13
4,7,500,4.7,9461,49,2,0,4
0,6,700,4.7,482,33,5,3,5
4,0,400,4.5,4878,45,4,0,21
4,4,100,4.2,242,43,2,2,14
4,1,800,5.0,1421,33,4,0,20
1,2,100,4.2,5291,38,5,2,25
1,4,900,3.0,4467,12,2,2,24
3,3,200,4.2,9792,36,0,2,6
0,4,100,4.7,8363,41,0,1,9
5,7,400,4.7,3693,17,5,0,0
2,0,200,4.2,4509,5,3,0,2
1,7,600,3.5,8799,38,3,1,5
2,7,600,4.5,3618,6,0,0,0
6,7,800,4.7,1956,25,3,1,13
5,3,400,4.5,8543,8,2,2,23
2,2,800,3.5,6843,46,3,2,14
6,5,500,4.5,8763,10,5,3,9
2,3,800,3.0,1389,40,2,3,13
3,6,200,4.7,4547,41,5,1,2
3,4,200,4.2,1098,8,2,1,4
3,6,800,3.5,7491,47,5,0,18
6,0,300,4.7,5729,30,1,3,11
0,1,200,4.0,3416,11,2,0,5
6,4,600,4.7,4705,44,3,2,13
1,1,300,4.5,2494,3,5,3,6
0,0,300,3.5,3173,1,3,0,7
3,3,700,4.5,4354,20,0,0,2
2,6,600,4.0,3125,33,5,1,14
4,6,200,4.5,866,25,0,3,24
3,2,1000,5.0,4776,42,3,1,8
6,2,200,3.5,1453,41,4,1,18
3,1,400,4.0,2604,24,0,1,19
5,2,600,4.7,8347,8,1,0,14
1,4,600,4.2,3289,8,3,3,25
6,3,900,4.7,4798,25,1,3,9
2,3,1000,4.5,3987,44,5,1,21
3,7,100,4.7,7837,48,3,1,1
5,6,400,4.7,3179,18,4,0,15
5,0,700,3.0,4720,3,0,1,0
5,1,600,3.0,1834,40,4,0,1
6,3,700,4.7,4996,43,1,0,1
2,1,1000,4.7,1381,24,3,1,3
6,7,800,4.0,4481,43,5,0,21
3,0,100,3.5,3190,30,3,1,6
3,6,100,5.0,9337,32,5,0,7
3,7,200,4.2,4388,9,0,0,25
0,1,200,3.5,8639,49,4,2,18
6,5,100,3.0,9985,14,4,3,21
6,5,300,4.7,6351,9,5,0,1
0,3,600,4.0,650,11,0,0,3
4,1,600,3.0,7995,2,0,3,7
2,7,400,5.0,4133,45,4,3,16
5,6,700,4.5,9845,46,1,2,20
2,5,300,4.5,3505,36,4,0,13
1,7,700,4.7,7362,10,4,3,23
2,3,900,4.5,462,12,0,0,19
3,1,600,3.0,6949,36,4,1,0
4,2,800,4.5,3304,20,4,0,15
2,7,200,4.5,6546,7,2,0,10
2,1,500,3.0,5305,31,4,1,20
3,2,500,4.0,2752,49,1,2,20
0,4,600,3.5,4964,18,1,3,18
2,1,300,3.0,8332,10,1,2,14
0,4,300,5.0,6216,14,1,1,5
2,5,600,5.0,7330,14,4,3,15
0,1,800,5.0,3669,3,3,1,13
5,4,400,4.5,1088,33,4,1,20
4,7,700,4.0,8216,24,2,3,20
0,5,900,5.0,4986,13,5,1,8
1,7,200,4.0,1471,49,0,2,14
2,2,200,3.5,5644,37,0,0,21
1,4,400,3.0,1395,16,0,2,19
5,1,1000,3.5,6475,38,1,2,25
6,2,300,5.0,1637,33,4,1,9
5,7,600,4.7,2932,14,0,2,6
2,4,800,5.0,535,31,4,2,19
2,3,900,4.0,9392,30,3,1,8
1,3,300,5.0,6777,28,2,1,13
6,0,600,5.0,1548,29,3,0,13
0,5,1000,4.0,9928,44,2,2,6
3,7,600,3.0,1715,34,1,0,6
6,3,600,4.7,8830,18,2,0,24
2,2,300,3.5,2743,28,2,1,24
2,6,1000,3.0,5471,9,0,2,21
1,6,400,3.0,3056,35,5,3,12
3,4,800,3.5,4380,4,1,2,13
5,2,500,4.5,703,17,1,3,4
6,6,700,4.5,8215,43,0,2,8
2,2,1000,3.5,5368,47,5,0,18
3,6,200,5.0,2932,4,2,0,8
2,5,600,4.5,2101,14,4,2,8
0,3,200,4.5,788,6,2,0,14
5,4,1000,4.5,9481,34,3,1,23
0,7,100,4.5,4599,17,1,3,13
6,1,1000,4.0,8014,34,2,2,3
2,5,700,3.5,251,16,4,2,22
4,4,500,3.5,5329,2,5,3,14
0,3,900,4.2,5918,23,4,3,1
0,3,600,4.2,4656,33,0,1,13
3,1,800,4.2,264,20,4,1,13
2,0,700,4.2,125,37,4,3,17
6,7,1000,4.0,7585,22,2,2,25
6,3,1000,4.5,2379,7,0,1,14
3,1,800,4.0,2771,47,4,1,20
6,3,900,4.2,9297,20,2,3,2
4,5,500,5.0,2335,5,0,0,7
5,1,700,4.5,8100,17,2,1,14
5,1,500,3.0,8730,46,3,3,19
3,1,200,4.7,4277,40,5,1,4
2,3,500,4.7,4378,4,3,1,19
1,6,700,4.7,7145,7,0,1,2
2,3,900,4.2,6035,35,0,0,8
1,6,900,3.5,5175,16,5,1,22
1,2,800,5.0,1071,31,3,3,14
2,2,600,4.5,2585,30,1,0,10
0,1,100,4.5,3116,25,1,3,2
5,3,300,4.0,6631,6,3,3,13
2,7,100,4.0,9117,7,0,0,6
0,1,500,5.0,926,49,1,2,23
0,2,900,3.5,5974,20,2,3,1
6,6,400,3.5,66,44,0,1,10
1,5,100,3.5,2605,18,0,3,7
0,2,500,4.7,9767,36,4,2,9
0,6,500,4.7,7529,11,1,1,15
0,1,100,4.2,1957,13,2,1,16
4,6,600,4.0,9435,19,3,3,1
0,3,400,4.2,5387,27,3,3,18
5,6,100,5.0,1990,31,1,0,21
6,4,600,3.5,7128,48,1,0,20
3,4,500,3.0,3348,14,1,1,26
2,2,800,4.2,3319,22,5,0,21
6,6,800,5.0,9119,10,3,2,2
5,2,900,3.0,2998,34,2,2,20
5,4,800,3.0,1919,5,2,0,12
2,1,600,4.7,8841,16,2,3,11
1,5,800,3.0,6178,24,4,1,18
6,5,100,3.5,4547,18,0,1,13
5,6,700,4.2,1266,40,5,1,20
4,0,500,4.5,4679,16,4,0,6
3,7,400,4.0,9406,45,4,0,5
6,2,100,3.0,1085,15,3,0,23
1,6,800,4.2,2370,47,3,0,20
4,1,200,3.0,5097,26,1,1,14
5,3,700,3.0,5759,13,0,0,0
6,4,300,3.0,7859,5,0,2,4
4,4,400,4.2,660,43,4,2,23
6,2,100,3.0,8809,44,4,2,10
6,2,200,3.5,2771,11,5,0,1
1,1,100,4.5,8164,17,3,0,2
1,1,1000,5.0,3208,24,4,3,7
2,5,100,4.2,3804,43,3,1,12
2,3,400,3.0,8886,16,3,2,18
2,7,300,4.2,1140,7,3,2,1
5,1,300,4.0,2244,16,3,2,23
5,3,900,3.0,4938,41,3,0,21
6,3,1000,5.0,2086,38,3,2,18
6,0,1000,5.0,6136,32,3,3,19
4,3,200,5.0,9323,44,2,2,7
2,3,100,4.5,4237,7,2,2,13
4,0,100,3.5,2420,10,5,1,0
3,1,1000,3.5,3033,10,2,3,18
5,7,500,3.5,4697,5,5,0,8
0,4,600,5.0,8051,16,1,2,26
3,4,100,4.5,7708,38,1,1,10
4,6,700,4.5,5667,7,1,2,1
2,3,600,4.2,3398,46,4,0,4
6,5,700,4.5,3538,22,5,3,4
1,5,400,5.0,5538,14,5,0,17
2,5,200,5.0,555,25,4,1,9
1,0,300,4.5,432,42,2,3,4
4,7,900,4.0,4169,31,4,0,18
3,7,700,4.2,7622,11,0,0,2
4,7,1000,4.2,444,45,4,0,2
2,6,300,3.0,3952,6,3,3,18
6,0,500,4.7,3061,36,2,2,25
1,7,200,5.0,99,29,4,0,8
3,7,600,4.0,2291,35,3,3,19
2,6,800,3.5,2796,17,2,0,3
4,6,700,4.5,6356,43,4,1,14
2,6,800,3.0,4819,43,4,2,16
0,3,100,3.5,5707,7,2,1,13
3,1,500,3.0,6642,4,4,3,6
4,7,1000,4.7,4418,22,0,1,4
1,2,300,4.0,4679,41,4,0,18
4,6,700,4.7,1258,40,0,2,21
0,1,300,4.2,5824,10,1,3,10
4,0,600,4.2,8397,7,3,1,7
5,7,300,4.5,2620,26,2,1,18
5,1,400,4.2,4586,29,0,1,17
1,7,1000,4.0,4982,43,3,2,4
2,1,900,4.7,6161,0,0,1,15
6,5,200,4.2,5789,22,5,3,6
3,1,900,4.5,9124,31,3,3,24
1,3,300,4.5,4071,35,4,2,21
3,3,300,4.2,2357,23,5,1,2
4,5,700,4.0,4147,21,2,0,15
4,2,200,3.0,7201,29,1,3,25
6,2,200,4.5,4295,4,5,3,24
2,0,700,4.7,5583,49,0,1,1
0,7,600,4.7,6135,39,5,0,9
2,1,1000,3.0,1413,45,0,1,0
0,7,200,4.2,9236,14,1,0,13
5,6,300,4.0,7552,48,1,0,21
4,4,500,5.0,6262,47,2,1,26
1,3,100,3.5,3189,14,4,3,6
0,7,500,5.0,3618,35,0,1,18
6,5,800,3.0,7834,20,5,2,24
0,2,800,3.0,7933,33,4,2,11
1,3,500,4.2,1146,18,2,2,6
2,6,200,4.0,4104,17,0,3,6
5,3,500,4.7,2686,34,0,2,0
6,0,200,5.0,1890,31,3,1,7
1,2,800,5.0,3869,42,4,0,18
5,3,100,5.0,2365,43,4,1,6
4,0,100,4.0,1813,37,1,2,3
0,1,300,4.5,8695,14,0,2,17
3,4,1000,3.5,5067,7,4,2,25
1,2,700,3.5,6454,43,5,2,22
0,1,200,3.5,9694,35,4,1,1
1,0,1000,3.5,3099,14,3,2,2
1,6,200,4.0,1613,35,1,1,21
0,2,700,4.2,6742,31,5,0,6
0,7,100,4.5,5476,9,2,2,7
3,5,400,4.0,5190,49,3,0,8
4,7,1000,4.2,5379,43,0,0,2
6,0,600,5.0,4692,12,1,1,22
1,5,900,4.0,3293,41,4,1,25
5,7,300,3.0,9710,24,4,3,10
4,7,400,4.7,3795,27,1,0,12
0,1,100,3.5,5235,36,5,0,19
4,7,600,4.2,5603,29,2,3,26
0,7,1000,3.5,9694,22,2,1,2
4,0,600,3.5,7966,34,0,1,6
5,0,700,4.2,587,27,3,2,20
1,3,100,3.0,9640,18,0,3,4
3,7,600,4.5,3908,0,1,2,21
3,2,100,4.2,6485,5,1,2,12
3,2,700,5.0,4262,7,1,3,0
2,0,200,3.5,8741,41,5,0,21
2,1,400,4.0,6741,35,3,2,26
4,7,100,3.5,1355,34,2,0,1
4,4,200,4.0,7976,2,1,2,19
2,4,100,5.0,2081,0,1,3,20
1,5,300,3.0,6192,6,0,1,17
4,7,1000,4.2,2660,39,3,2,6
2,7,800,3.0,1386,1,3,3,23
5,3,300,4.0,3398,0,3,3,9
5,2,800,5.0,791,28,3,0,4
5,1,100,4.5,5000,9,2,1,1
3,0,500,3.0,7553,34,2,3,18
0,0,400,4.5,819,39,5,1,2
0,4,900,4.2,9490,0,5,0,10
2,1,1000,3.5,4389,15,0,3,9
5,2,100,4.0,4831,30,0,1,13
1,2,900,3.0,3694,4,0,0,0
0,1,1000,4.5,8395,3,2,2,15
2,7,100,4.5,4987,7,1,2,2
4,2,600,5.0,7095,10,0,1,9
3,0,900,5.0,6987,49,3,1,4
0,7,200,3.5,3790,29,0,0,14
2,6,500,4.5,1035,25,0,0,23
0,1,200,4.5,3715,45,2,0,0
2,0,100,3.0,8943,19,5,3,20
5,6,200,3.0,3321,46,4,1,13
6,5,400,5.0,8636,15,3,3,5
1,1,400,4.2,4760,29,5,3,8
2,2,500,5.0,4988,9,2,2,8
4,0,1000,3.0,9356,4,4,2,12
4,3,900,3.0,1206,18,4,2,4
2,1,900,4.0,6868,1,4,3,21
4,7,1000,4.5,4829,14,4,2,4
4,1,300,5.0,3757,25,4,0,10
3,7,300,5.0,4285,41,5,3,9
1,2,900,4.2,2507,4,0,2,26
3,4,1000,3.0,179,42,3,1,10
6,6,600,4.5,2002,12,2,2,24
1,6,400,4.2,521,46,5,0,12
3,1,900,5.0,4818,48,2,0,4
4,0,700,4.5,3537,28,0,2,8
0,0,1000,3.5,6267,28,1,2,5
0,1,900,3.0,1308,21,5,2,1
0,7,500,4.0,5717,43,5,3,20
0,1,100,4.2,6217,45,1,2,9
0,0,600,4.2,768,13,3,3,4
2,5,500,3.0,1492,1,3,2,19
3,5,300,4.5,1878,40,4,2,6
4,4,200,4.7,7469,34,3,0,12
1,5,700,5.0,8896,25,2,3,26
6,5,700,5.0,3246,25,5,2,9
2,7,800,4.0,1285,31,5,2,9
1,0,800,3.0,3494,26,2,0,17
6,0,1000,4.7,3031,5,3,1,4
3,5,300,3.5,2773,28,5,1,6
4,7,500,4.2,8929,46,0,2,5
5,1,100,4.7,6221,8,4,0,15
6,5,200,4.7,7355,40,5,3,18
5,1,800,4.0,387,23,2,2,2
6,3,800,3.5,1446,35,2,2,1
5,7,200,4.0,4444,8,1,2,0
3,6,700,4.0,3222,5,2,3,22
2,0,400,5.0,2077,45,5,2,11
3,6,400,5.0,3002,7,5,2,18
1,6,500,3.5,6868,9,5,2,21
6,1,400,4.2,3706,8,0,3,8
6,2,200,4.0,9832,4,5,1,15
6,2,1000,4.2,577,6,2,3,8
1,5,200,4.7,802,25,0,2,13
0,4,300,4.2,938,14,1,0,5
5,3,400,3.5,4487,17,3,3,13
3,1,1000,4.5,1060,17,0,3,19
3,0,800,3.0,9320,37,2,0,13
5,5,400,3.0,6324,13,2,1,17
2,2,100,4.5,5239,48,4,2,4
6,4,900,5.0,3542,27,4,2,17
3,0,900,5.0,4872,12,0,1,11
1,1,200,4.7,3130,44,2,2,18
0,0,800,3.0,6188,7,1,3,13
1,5,800,3.0,941,3,1,3,16
3,1,500,4.2,8913,1,0,1,5
1,7,700,3.0,9335,22,2,2,12
4,2,500,4.7,7789,29,0,0,24
3,6,600,4.2,1188,0,3,0,10
5,5,1000,4.7,7869,37,1,2,9
0,0,800,3.0,5559,41,4,1,25
1,3,900,4.5,7525,11,4,1,20
5,7,600,4.0,9300,43,0,2,9
4,2,100,3.0,3653,32,3,2,6
6,5,500,4.2,7992,32,0,3,2
2,1,700,5.0,3268,32,0,2,4
6,2,300,4.2,1278,38,4,1,18
4,1,700,3.5,736,40,5,1,8
5,6,300,5.0,3770,37,3,2,6
1,3,300,3.0,9737,43,0,2,11
5,4,600,5.0,6192,16,1,2,4
4,7,300,4.7,7386,47,0,1,4
3,2,1000,5.0,6739,3,5,3,3
3,7,100,3.5,3284,27,2,2,4
3,6,100,3.5,663,0,2,3,1
5,7,800,4.2,641,27,5,3,2
2,6,1000,3.0,4939,36,2,1,11
1,2,800,5.0,1759,36,3,1,21
6,3,300,3.5,2043,46,3,0,23
2,1,800,4.0,5770,47,3,0,4
3,4,700,4.5,8694,1,3,1,13
6,5,1000,5.0,6854,30,4,0,21
0,6,300,4.2,3717,49,4,0,18
0,1,600,3.0,2647,34,0,2,4
5,6,900,4.0,3985,8,2,2,14
0,4,500,4.5,6483,18,2,1,4
6,4,700,3.5,7672,44,3,1,2
2,5,500,5.0,1373,22,0,1,8
4,5,800,4.2,5827,35,4,0,6
1,1,1000,4.5,1699,29,3,1,6
1,7,100,4.5,8314,22,1,0,20
2,4,1000,4.7,7048,11,5,3,6
2,2,100,3.0,3704,16,2,3,21
0,4,500,3.5,5793,27,2,2,6
3,7,500,4.2,5930,1,2,2,13
4,1,1000,4.5,2141,0,5,2,2
4,2,900,4.7,8669,23,3,2,9
2,4,300,4.5,6083,44,0,3,15
4,2,900,4.5,6273,8,1,1,9
6,0,300,3.5,602,9,0,2,1
0,3,600,4.7,5992,20,0,1,9
4,1,700,4.2,7243,9,0,3,5
0,0,300,4.7,3403,30,3,3,13
1,6,300,3.0,4592,48,3,3,10
2,1,600,3.0,4779,6,0,3,9
6,1,700,3.5,5839,15,2,0,4
4,1,700,4.7,4196,37,3,2,14
2,6,200,3.5,4766,48,4,3,22
2,5,1000,5.0,8190,42,4,3,1
2,1,300,4.7,1523,16,2,3,2
1,5,500,3.0,9474,41,3,1,25
5,7,200,5.0,4906,26,1,1,25
2,7,1000,4.0,1837,12,5,1,13
1,1,500,4.0,9816,19,5,0,9
6,0,400,3.5,9299,37,2,0,2
6,0,1000,4.0,9146,46,2,1,6
5,3,800,4.5,244,35,2,0,7
4,1,100,4.5,1655,40,3,0,1
5,0,600,4.2,9459,23,0,2,9
6,5,100,5.0,8193,47,5,3,8
2,6,800,5.0,3676,44,5,2,13
4,2,700,4.0,2951,38,1,1,2
2,6,100,3.5,1540,11,1,0,25
6,2,700,4.2,3098,32,1,2,4
6,3,800,4.0,9959,40,0,3,6
5,3,500,3.5,6796,47,3,1,26
4,3,700,4.0,6229,6,5,2,1
5,1,700,5.0,420,29,0,2,25
0,6,500,3.5,4178,33,3,1,0
1,0,500,4.0,1613,47,4,3,13
5,0,800,3.5,7294,15,0,1,2
2,7,200,4.2,5892,2,1,0,13
1,6,900,4.5,6481,38,1,3,4
0,7,700,4.0,4593,18,5,3,24
6,7,600,3.5,4921,34,4,2,21
2,0,700,4.5,555,36,0,2,13
6,2,500,4.5,1826,12,4,0,1
0,4,400,5.0,2817,20,0,0,5
1,7,700,4.5,2844,3,1,3,10
6,7,700,3.5,8226,41,4,3,20
3,5,800,4.7,8288,18,0,0,11
6,7,1000,4.2,1016,5,0,0,22
4,5,700,3.0,5399,23,5,0,1
3,2,1000,4.0,4444,47,1,3,21
4,6,1000,5.0,4690,21,5,3,8
4,4,600,5.0,7294,3,2,0,7
4,7,300,4.7,1137,47,4,3,10
0,2,700,4.0,8127,5,4,3,18
4,2,800,4.2,4074,19,1,2,18
0,3,800,3.0,1811,37,4,3,24
5,2,200,3.5,9187,47,3,1,13
4,0,300,4.5,2299,33,5,1,9
2,3,700,3.0,612,28,5,3,2
1,7,100,4.0,3587,4,4,1,9
6,5,600,4.2,7629,1,3,0,4
5,4,900,4.0,3307,45,2,1,2
4,5,300,4.0,9369,15,3,1,1
6,4,300,5.0,2501,36,1,0,24
0,4,200,4.2,7026,18,3,0,15
4,7,800,4.0,1860,29,0,3,14
0,0,700,4.2,9130,45,4,3,21
3,5,900,3.5,5580,10,1,1,12
4,6,900,3.5,6196,15,3,0,2
5,2,200,4.5,1073,19,0,0,2
3,0,500,3.5,8469,4,3,0,17
2,4,900,4.5,3836,6,2,1,0
3,2,1000,4.2,2200,36,4,3,4
0,4,400,4.5,2073,32,0,0,14
0,4,100,4.5,3641,15,5,1,18
5,6,200,4.5,5689,8,1,2,16
6,0,1000,3.5,2882,47,3,1,0
0,5,800,4.0,4490,10,5,3,26
6,0,400,5.0,7042,22,3,3,2
3,5,600,4.7,2731,19,3,2,13
3,6,200,4.0,3404,35,5,1,1
0,5,800,3.5,9890,32,2,2,6
2,1,100,4.0,2147,24,5,0,20
3,0,1000,4.5,6426,28,1,1,6
5,2,700,5.0,3234,23,5,0,18
5,6,600,4.2,4176,42,2,0,3
5,0,500,4.5,609,25,3,3,0
6,4,100,4.2,3736,20,4,1,13
4,6,100,5.0,922,35,2,2,18
5,3,900,4.7,3189,42,4,3,20
5,4,900,4.5,7374,6,0,2,13
4,2,600,3.5,4967,34,1,0,25
3,7,400,4.2,9666,28,0,0,7
6,0,700,4.7,7079,42,2,0,13
2,1,500,4.0,4888,31,4,2,13
5,3,600,4.0,8527,28,4,2,0
6,7,600,4.5,6598,40,3,2,8
4,0,500,4.0,5074,28,5,2,7
5,5,900,5.0,668,47,5,0,2
1,3,100,4.0,9173,49,4,1,1
4,4,400,4.5,1187,29,0,0,18
4,1,400,4.0,2465,31,4,2,9
5,3,800,4.0,8295,34,3,0,4
3,1,100,4.5,7178,39,3,3,20
5,7,500,5.0,8696,1,3,1,6
6,1,700,4.2,4472,27,1,1,18
0,2,1000,4.0,7387,21,0,3,24
1,7,300,4.0,6869,20,2,2,3
0,1,600,4.0,1397,3,5,2,25
3,6,900,4.0,646,0,2,3,19
4,4,600,4.2,55,7,0,3,16
6,1,100,3.0,4759,26,3,3,13
1,6,100,4.7,3997,35,0,2,18
2,6,800,3.0,2522,37,1,2,26
0,7,900,4.5,3480,37,0,2,18
3,7,700,4.7,9494,14,1,1,0
6,4,900,4.7,6293,0,3,1,8
0,1,100,3.0,6924,8,0,3,3
2,2,400,4.5,3916,29,5,1,1
5,2,900,3.5,4475,11,2,2,23
3,7,900,4.7,9953,21,4,3,2
1,7,900,4.5,3115,19,2,3,10
0,2,100,3.5,5356,45,4,1,9
0,2,800,4.0,5269,39,1,1,12
0,1,100,4.7,3838,19,4,0,10
2,1,1000,4.2,5923,39,5,2,9
3,5,400,3.5,9348,6,5,3,21
6,5,700,3.0,9360,15,5,3,0
6,1,200,4.0,6093,1,4,1,11
6,3,100,3.5,9079,47,5,0,25
3,2,1000,4.5,4940,21,5,0,13
5,7,200,3.0,1779,15,1,3,25
6,4,200,4.2,1276,16,5,2,7
6,6,900,3.5,1732,2,0,1,18
1,7,200,3.5,1445,9,1,1,12
0,5,500,4.2,2589,46,0,1,17
3,1,1000,4.7,1905,8,5,0,10
4,2,300,4.2,1166,4,1,2,2
2,5,1000,4.5,2146,16,5,3,18
5,3,200,4.2,3816,13,5,0,13
1,5,200,4.7,8121,46,4,2,16
0,2,600,4.2,6671,32,4,0,18
5,4,1000,3.0,2320,43,0,1,4
3,0,700,4.5,353,12,5,2,9
2,0,400,4.0,9561,34,1,3,18
1,7,700,3.5,5017,47,1,0,21
6,4,200,4.5,4210,43,4,2,18
5,7,600,4.2,5098,26,3,3,16
5,0,400,4.7,5750,15,2,2,18
3,5,200,3.0,1547,31,4,3,10
5,4,400,4.5,2280,20,2,1,14
2,0,200,4.2,1866,4,3,1,25
1,5,800,3.5,3296,37,0,2,25
2,6,500,4.0,9801,0,4,1,18
6,6,1000,4.0,2934,36,3,0,18
2,7,500,3.0,907,33,3,1,12
3,5,600,4.2,4019,37,3,2,2
5,4,300,3.5,1242,34,3,1,13
5,3,900,4.7,477,46,1,1,4
3,1,200,3.5,9473,9,5,3,24
5,3,1000,4.2,2277,22,4,1,9
5,3,300,3.5,5968,27,3,3,22
5,0,1000,5.0,512,10,1,0,26
5,2,1000,4.7,4969,17,5,2,1
3,6,600,3.5,5468,9,1,3,21
5,0,700,4.7,4514,18,3,0,1
3,0,1000,3.5,3653,32,4,3,2
2,5,500,3.5,8338,8,5,1,0
2,3,1000,4.5,2008,46,4,2,18
5,6,900,3.0,5531,27,5,1,21
2,4,300,4.5,4970,13,4,1,16
6,0,900,3.0,7769,7,2,0,22
4,5,300,5.0,3087,31,4,3,6
4,7,900,4.7,3484,21,3,1,6
5,3,900,4.5,3555,42,2,3,20
1,1,500,4.7,6731,19,3,0,21
3,0,600,3.0,648,3,3,3,20
1,2,700,5.0,277,36,3,0,17
6,3,500,4.2,5685,38,0,1,6
6,0,100,3.0,5484,30,1,1,4
0,7,400,4.7,6583,44,1,3,12
5,2,700,3.0,2717,13,4,1,14
5,3,500,3.5,2827,42,0,2,9
3,7,900,5.0,4408,10,0,3,21
6,1,700,4.5,9466,6,0,3,21
1,3,200,5.0,1784,12,5,2,2
4,5,500,3.0,3155,30,1,0,18
5,3,700,4.0,5771,8,5,3,2
4,5,600,4.2,9786,47,4,1,4
5,0,300,3.0,6320,7,3,3,26
5,3,800,4.7,899,21,0,1,20
2,3,1000,4.0,4376,3,3,2,6
5,0,500,5.0,6314,16,4,1,1
3,3,900,4.7,4929,18,1,0,2
4,1,500,4.7,4193,6,0,2,13
4,1,200,3.5,9346,33,5,2,7
3,2,600,5.0,4439,23,3,3,14
1,5,400,4.2,5038,32,1,1,18
0,3,600,4.7,3244,5,0,2,22
5,0,900,4.0,9738,22,3,3,13
1,6,600,4.7,4708,7,1,3,4
5,7,300,4.2,2023,41,0,2,23
6,7,100,4.0,2187,47,1,2,9
5,7,800,4.0,463,26,1,1,4
2,3,1000,4.2,3297,21,3,2,26
0,5,1000,4.7,1804,3,5,3,2
3,2,500,4.0,915,16,3,0,14
1,2,500,4.5,3228,24,0,0,15
1,2,1000,3.0,2256,14,1,1,1
2,5,1000,4.5,8604,24,0,2,6
3,2,300,5.0,3569,20,5,0,10
4,6,800,4.2,5545,23,0,2,20
5,5,600,5.0,180,48,2,3,6
6,0,200,3.0,3918,2,0,0,26
5,5,600,4.0,5707,18,4,0,13
0,5,200,4.7,1773,11,3,1,8
1,0,100,3.5,2461,1,2,0,2
3,1,100,4.2,918,33,1,1,20
6,6,400,3.5,5497,40,2,0,21
1,3,1000,4.7,8364,19,2,0,23
5,6,900,4.7,5340,8,1,2,12
2,3,300,5.0,9551,28,1,3,20
1,5,300,4.0,5100,13,1,2,13
0,3,600,3.5,2242,11,3,0,25
4,3,1000,4.0,9682,27,4,3,18
0,6,300,4.2,8547,33,0,3,14
0,4,100,4.5,427,6,1,1,20
5,5,600,3.0,655,17,5,2,20
4,2,700,4.0,671,36,3,3,18
2,3,900,5.0,5757,28,4,3,21
2,6,600,5.0,1508,42,2,2,25
0,3,1000,3.0,4283,4,1,3,26
3,2,100,4.7,2751,20,5,1,6
3,4,300,3.5,5561,13,2,3,9
0,4,1000,5.0,653,35,0,0,5
5,5,300,3.5,7777,46,1,2,11
2,5,900,4.7,9438,36,3,2,2
3,7,100,3.5,3616,42,1,3,19
2,5,1000,4.7,1772,29,5,1,5
1,5,1000,3.5,7080,9,3,3,25
1,0,900,4.5,6614,33,2,3,21
1,6,800,3.0,7542,31,3,0,19
6,4,900,4.2,4064,12,3,2,8
5,0,800,3.0,1168,7,0,3,8
5,7,700,4.0,6530,40,1,1,1
3,5,500,5.0,3341,22,0,1,21
4,0,1000,3.5,7930,34,4,2,8
1,0,800,4.7,2624,18,4,0,1
0,5,500,3.0,8069,40,3,0,16
1,5,100,3.0,5052,10,0,3,3
6,1,500,5.0,1239,41,4,0,19
2,4,900,4.2,8293,36,4,0,4
1,6,1000,5.0,4487,40,4,0,21
0,1,500,4.7,9287,33,4,3,24
6,0,400,4.2,7421,22,1,3,12
0,0,800,4.0,7566,13,4,1,25
1,4,500,4.5,8166,49,5,3,2
3,0,1000,4.7,5356,30,4,2,24
0,3,400,4.5,3500,20,5,2,3
2,4,300,4.7,9304,48,2,1,20
3,5,200,4.0,7111,16,5,0,4
6,6,600,4.0,3641,44,0,0,21
1,1,200,5.0,3242,42,4,1,4
6,0,200,3.5,2690,2,2,0,18
1,5,100,3.0,9048,3,3,2,4
4,6,900,4.5,181,6,3,2,2
4,1,500,4.0,9842,10,1,3,6
6,3,100,4.7,6749,12,4,3,4
5,4,300,4.7,3630,22,0,3,4
5,6,900,4.0,518,13,5,3,0
4,7,300,4.2,2571,30,0,2,26
6,5,700,4.5,8556,12,2,0,12
1,2,900,4.5,5290,1,5,0,0
3,2,1000,4.7,7326,34,0,0,14
4,4,800,5.0,5494,15,2,0,25
4,5,700,4.7,5928,29,4,2,14
5,4,500,3.0,6192,11,0,3,7
3,6,800,3.5,2529,15,5,0,17
5,7,700,4.7,9602,5,4,1,16
5,4,1000,4.2,9848,23,2,3,18
1,5,700,4.7,6284,20,0,0,15
2,0,400,3.0,2766,38,5,0,21
1,4,300,4.5,1287,23,0,1,25
2,7,1000,3.0,7610,27,1,2,4
6,7,900,4.7,9554,23,2,0,13
3,2,700,4.7,7514,35,4,1,25
0,6,1000,3.0,7022,46,3,2,17
0,6,500,3.0,8562,15,0,2,8
3,0,1000,4.7,6587,6,2,3,0
2,5,500,4.5,3369,10,0,3,8
1,4,400,4.0,6915,25,1,3,7
4,5,500,4.2,6820,4,5,2,22
3,4,300,4.5,1432,47,0,2,9
3,5,300,3.0,2260,22,2,2,20
0,5,200,3.5,386,0,2,3,11
1,4,300,4.0,9373,16,1,2,7
2,6,300,5.0,2503,36,2,3,7
0,1,100,4.0,280,20,3,1,23
6,4,400,4.0,9730,18,2,1,11
1,1,800,3.0,5383,31,2,3,13
0,5,1000,3.0,5124,43,5,3,24
4,6,400,3.0,2985,18,0,1,0
6,3,500,3.5,3474,31,1,3,14
5,1,200,3.0,926,48,0,3,11
2,4,1000,4.5,9985,33,2,3,13
5,1,100,4.2,3609,7,3,1,2
6,0,900,4.5,8432,18,1,1,9
4,5,700,4.2,4597,45,0,1,23
2,2,800,3.0,6311,10,4,0,19
2,6,900,5.0,8209,40,0,1,16
1,2,700,4.7,836,0,5,2,22
6,3,500,4.5,2068,25,2,0,16
3,5,800,3.5,3240,12,2,0,15
6,2,100,3.5,4921,11,1,1,6
6,0,600,4.5,9636,22,2,0,25
5,6,900,3.0,6073,21,3,2,18
0,7,200,4.7,7583,37,3,1,10
2,6,300,3.5,8136,6,3,3,13
5,7,800,4.5,8820,40,4,0,7
3,2,200,4.7,2050,19,4,1,20
0,1,100,5.0,6746,17,0,1,1
3,2,1000,4.5,640,13,1,2,9
0,3,500,5.0,8999,12,1,0,24
5,0,500,4.5,9225,17,4,1,17
5,3,300,5.0,9780,13,4,2,21
5,0,300,4.2,3897,45,5,1,17
5,2,900,4.0,5436,6,2,2,13
1,1,400,5.0,6187,19,1,1,3
5,6,900,4.2,5062,4,1,0,18
3,6,700,3.0,8729,10,2,2,9
2,2,100,4.0,7398,6,2,2,2
1,3,900,3.0,3692,0,3,3,9
4,2,900,4.0,5801,14,0,2,2
4,3,800,4.5,1071,39,2,1,6
4,1,300,3.0,7665,13,0,1,25
1,5,600,3.5,1760,45,3,1,2
0,2,500,4.0,8884,24,3,3,20
6,6,1000,4.2,5396,24,0,2,19
4,2,500,3.0,2476,46,2,0,2
4,4,700,3.0,3909,7,3,3,19
6,7,200,4.0,3118,10,1,0,17
6,5,900,5.0,7167,19,2,1,5
2,4,800,4.0,61,45,4,0,20
3,2,400,4.7,8317,5,3,2,21
4,2,800,4.0,2353,24,0,3,12
0,5,100,5.0,9137,1,1,0,22
4,4,300,4.7,7393,4,5,2,17
0,3,1000,3.0,6831,8,2,0,8
2,1,800,3.5,9730,11,2,3,2
5,7,1000,3.0,4883,2,4,1,8
4,1,300,5.0,6428,43,0,2,24
0,3,800,3.0,5331,2,2,2,13
3,3,700,5.0,9283,46,5,0,9
2,7,1000,5.0,1027,34,1,3,4
5,0,800,5.0,5301,23,1,2,23
3,4,600,4.5,4892,31,0,2,1
0,2,300,5.0,445,39,1,1,10
2,7,800,5.0,5212,23,0,1,21
1,4,500,3.0,9211,45,0,3,13
1,3,800,4.7,9314,32,2,1,0
0,2,600,4.7,8189,1,2,1,11
6,6,600,4.0,8147,43,2,2,22
5,2,400,4.0,4156,35,1,1,0
3,6,100,3.5,9257,14,0,0,8
5,4,300,4.5,1016,49,4,3,14
6,5,700,3.5,3095,32,2,1,14
5,7,100,4.0,7626,30,3,2,11
3,0,800,5.0,5763,0,2,2,25
6,0,100,5.0,4195,29,4,1,0
6,7,600,5.0,3561,23,2,0,12
2,5,300,4.7,397,46,1,0,2
0,2,200,3.0,9800,21,1,3,1
1,7,500,5.0,2774,20,3,0,20
2,3,400,4.7,3099,7,1,1,4
4,3,700,4.5,133,10,2,3,24
0,4,300,3.5,3349,49,3,2,8
2,1,400,4.7,9765,12,1,1,25
5,4,500,4.2,7311,29,4,2,17
0,5,200,5.0,7963,23,5,2,18
1,0,1000,4.2,4415,0,1,0,8
3,3,800,4.7,9544,9,3,2,21
4,1,500,3.0,1401,7,3,3,16
1,0,400,4.2,3148,13,4,1,21
2,4,200,3.0,1724,22,1,0,25
0,2,400,4.5,3124,48,0,2,19
2,5,600,4.2,7502,1,2,3,10
3,4,600,4.0,106,40,1,1,8
2,5,900,4.7,7234,48,1,0,6
2,4,1000,3.0,1365,21,1,0,26
2,1,500,5.0,4288,17,1,3,9
1,5,300,4.2,6645,18,4,0,4
1,2,900,4.5,304,41,0,0,16
6,1,900,4.7,5866,2,0,0,20
5,2,100,4.2,7551,41,5,3,22
4,0,900,3.0,7932,11,0,3,15
5,3,800,4.0,3921,39,5,1,2
2,7,300,3.5,1279,43,0,0,13
5,7,1000,4.2,2319,22,2,1,23
5,7,500,5.0,7342,0,4,3,7
2,7,1000,3.5,638,40,3,3,20
2,2,200,4.5,5313,25,4,0,10
5,7,900,3.5,4047,39,3,0,13
4,3,300,4.5,3737,7,2,1,24
4,6,400,3.5,494,44,4,1,26
5,2,800,5.0,8095,43,1,2,3
2,4,600,3.5,8608,20,0,1,17
5,1,600,4.7,9405,25,3,0,16
2,0,300,5.0,1908,35,4,2,7
5,7,500,4.5,5656,19,4,2,26
3,7,400,5.0,1427,39,0,1,14
2,0,500,4.7,9633,39,4,0,13
0,0,300,3.0,4363,45,2,0,21
2,6,800,4.0,5073,12,1,3,23
3,0,800,3.0,5020,47,5,0,5
2,4,900,4.2,2084,23,1,0,21
4,4,700,4.0,1216,17,1,0,3
6,1,800,4.0,6844,46,5,3,17
2,7,400,3.0,7032,3,1,1,19
4,3,300,5.0,857,47,3,1,20
3,6,1000,4.7,4395,36,5,1,8
5,7,300,4.7,6184,19,4,2,0
3,2,800,4.7,1173,17,0,0,19
1,6,400,4.5,5821,16,5,3,1
2,0,600,4.5,201,0,4,1,20
5,2,600,5.0,7224,48,2,1,18
4,1,300,3.5,3340,27,0,1,20
4,6,600,3.0,8363,17,3,3,10
2,1,200,5.0,664,26,0,1,0
0,3,300,3.0,5243,28,0,3,10
2,6,100,5.0,8847,9,2,3,6
1,7,600,3.5,1546,9,3,1,22
5,1,700,4.0,5676,2,1,2,2
6,6,700,3.0,9727,16,5,0,10
1,4,1000,5.0,9153,15,3,0,1
3,0,200,4.5,6633,34,3,2,17
1,6,700,4.5,9251,4,4,1,13
4,1,300,4.7,1198,17,0,0,15
3,4,500,3.5,8091,30,5,1,18
0,1,300,3.5,2513,44,2,3,6
5,6,1000,4.5,4222,16,5,1,3
6,0,600,5.0,8768,20,5,0,18
4,7,200,4.2,9177,0,3,3,2
0,7,900,4.0,8092,16,1,1,3
2,4,100,3.5,9836,13,5,2,19
4,0,600,5.0,5800,40,4,0,11
3,3,600,4.5,9019,1,3,1,25
2,0,800,3.0,3447,42,0,0,9
2,5,800,5.0,6419,1,5,2,26
0,7,900,3.0,6288,8,4,3,19
4,2,400,4.7,6896,19,0,2,0
2,6,600,3.5,5579,12,5,2,0
2,3,700,4.5,4518,15,3,2,18
0,6,900,3.5,977,12,1,3,18
1,0,800,4.7,1957,30,1,2,20
2,5,700,3.0,2111,38,0,2,14
6,3,900,4.7,7442,14,3,2,21
3,4,800,3.0,4682,7,2,1,18
5,5,700,4.2,397,18,1,0,17
5,5,600,4.2,4588,17,4,0,19
6,5,600,4.7,5642,35,2,1,16
4,3,300,5.0,5444,39,1,0,1
4,2,1000,5.0,7817,26,5,2,18
6,2,400,4.5,8252,28,3,0,9
6,2,700,4.0,5520,21,5,0,6
0,7,100,4.7,7861,2,4,0,1
5,2,800,5.0,8687,19,4,3,10
1,1,800,4.0,2018,42,2,0,5
5,7,100,4.5,6921,8,0,0,6
1,0,400,3.5,8556,39,1,0,11
4,5,400,4.0,2753,2,0,0,20
5,0,400,4.7,9128,31,4,0,3
1,3,500,4.0,6587,25,5,3,8
5,3,200,3.0,4438,11,0,0,1
0,1,200,4.0,1034,31,5,3,12
2,6,1000,3.5,1990,43,0,0,2
1,2,900,4.5,5199,15,1,2,19
5,7,100,3.5,8601,39,1,1,4
0,6,200,3.5,2785,24,2,2,7
1,2,1000,3.0,9171,28,3,0,5
6,3,800,4.2,2675,45,2,1,6
0,2,1000,3.5,8137,37,5,2,4
0,7,100,5.0,5206,4,4,0,23
5,4,500,5.0,8536,13,4,3,16
2,0,600,3.0,8488,43,1,2,7
1,7,500,4.5,8163,3,5,1,6
6,0,400,4.5,1377,17,5,0,13
0,2,1000,4.2,2727,1,1,0,6
3,5,300,4.2,6176,26,5,2,6
0,4,200,4.7,2170,49,4,1,0
1,2,800,4.7,8697,13,4,2,2
3,1,900,3.0,7509,33,2,3,7
1,0,600,4.5,6663,14,1,0,6
0,0,200,4.2,6211,23,4,2,6
6,1,1000,4.2,7124,5,0,3,1
2,7,100,4.2,6990,41,2,0,20
1,6,100,4.5,3962,19,5,2,0
0,7,700,5.0,5800,2,3,0,21
4,5,300,5.0,6210,8,2,1,4
1,7,700,3.5,3962,26,3,2,4
0,0,300,3.0,7684,34,4,2,23
3,1,500,3.0,9668,7,3,1,25
4,3,100,4.5,7163,21,2,2,20
5,7,200,4.7,5394,34,2,3,19
4,7,100,4.5,4884,49,0,1,1
4,7,800,4.0,2147,2,0,3,1
2,0,500,3.5,6290,46,4,0,3
0,4,100,4.2,779,49,1,3,23
2,1,600,4.0,2184,22,3,3,6
0,7,700,3.0,9665,47,4,3,1
3,6,600,3.0,5245,17,2,3,18
4,1,400,4.7,9480,33,5,2,6
4,1,1000,3.0,8405,21,3,1,8
2,6,800,4.0,2003,44,2,2,13
6,7,1000,4.2,1061,45,1,0,0
4,0,900,5.0,5791,47,0,1,16
5,2,100,4.2,3204,48,1,3,18
5,6,500,4.2,7215,28,3,2,18
6,1,200,5.0,5433,5,1,3,1
1,7,900,4.0,393,4,4,3,1
4,7,700,4.0,2643,6,5,0,21
4,4,400,5.0,4837,12,1,1,9
2,3,100,5.0,9148,26,1,1,10
6,5,300,4.0,4765,8,0,2,8
6,5,700,4.7,1589,15,0,3,21
3,6,500,3.5,7730,13,4,3,20
6,0,700,5.0,9122,28,2,2,1
3,0,100,3.0,7118,49,3,2,8
2,2,200,4.7,1845,39,5,0,21
3,7,600,4.5,4587,0,4,0,14
4,6,500,4.0,161,45,2,1,16
2,2,900,4.0,1697,33,5,1,11
5,4,600,4.0,2748,10,1,3,13
2,2,700,4.5,6028,14,4,1,9
5,1,900,3.5,8867,38,2,3,2
6,4,100,4.2,7318,46,5,0,13
0,0,600,4.2,2686,41,3,3,2
5,0,1000,4.2,7958,24,4,0,5
2,7,900,4.0,3947,47,5,3,2
5,7,200,4.7,3575,6,0,0,18
6,7,900,4.7,3400,46,3,0,18
1,2,800,5.0,693,0,5,0,2
4,7,800,4.0,1961,16,0,0,19
4,3,100,4.5,9909,12,4,1,18
5,7,900,3.5,1094,37,3,1,4
1,1,900,3.5,7410,0,4,3,16
4,6,400,5.0,6246,43,3,3,18
4,3,100,4.0,7368,17,3,0,25
6,4,300,4.5,7871,44,4,1,24
5,0,300,4.2,9080,12,0,3,4
0,0,800,4.7,8344,46,5,2,21
1,0,400,3.0,7961,36,4,1,1
2,7,700,4.7,8706,8,4,3,21
2,0,800,5.0,4852,34,3,2,4
1,6,600,4.0,7269,21,4,0,4
2,2,300,4.2,6929,15,4,3,21
2,7,100,4.0,1268,34,0,1,24
1,0,300,4.0,1277,44,0,0,14
5,7,700,3.0,9431,37,2,3,10
5,1,700,3.0,3794,43,1,2,0
6,3,900,4.0,6530,48,1,0,2
0,4,400,4.0,4832,13,3,2,1
1,0,300,5.0,1026,11,0,3,26
0,3,500,4.2,7735,48,3,3,1
0,0,1000,4.0,249,10,3,1,20
6,4,200,4.2,5370,33,4,1,18
5,4,700,5.0,550,43,5,3,8
4,6,300,3.0,9666,6,1,1,8
1,5,200,3.0,5466,4,4,2,16
6,5,500,5.0,3194,44,1,0,20
2,0,1000,4.2,4541,4,0,3,23
3,4,700,3.5,8466,49,3,2,1
3,3,800,3.0,8153,26,1,0,20
1,5,100,3.5,9467,48,4,1,18
1,6,300,4.5,7534,16,1,3,3
1,3,400,3.0,2853,0,5,2,9
4,6,200,3.5,8490,26,5,1,9
0,7,500,4.5,3438,5,3,3,9
6,3,100,5.0,2082,24,3,0,4
1,2,700,3.0,690,44,2,3,8
5,5,500,4.5,3898,3,4,1,14
4,4,700,5.0,7337,15,1,1,10
2,5,300,3.5,4479,12,2,1,6
3,2,1000,4.5,7158,44,5,2,22
5,4,500,4.7,5723,40,1,0,5
5,6,300,4.0,7431,35,0,0,1
0,7,900,4.7,5048,11,2,1,4
2,6,300,4.5,529,33,1,2,26
4,5,700,3.0,8621,33,2,2,13
4,7,500,4.5,9311,23,3,3,23
0,4,700,4.2,5446,37,1,2,13
0,7,700,4.0,2665,28,4,0,11
1,6,900,3.5,6685,33,2,1,18
3,6,500,3.5,83,13,0,1,21
1,1,900,3.5,8904,3,0,0,26
5,6,1000,4.0,3819,4,4,3,20
2,2,900,4.5,5556,38,0,1,13
4,5,900,3.0,3637,5,4,1,25
3,0,300,4.7,5554,12,3,2,18
5,1,300,4.2,280,5,1,2,25
2,6,500,4.7,4317,30,1,1,12
0,0,400,4.0,7478,26,0,2,0
0,6,800,4.2,3857,13,1,3,22
2,3,300,5.0,2608,30,2,1,26
3,6,100,5.0,8616,32,4,2,4
0,0,600,5.0,5147,24,0,3,18
0,5,700,4.7,5723,3,0,2,2
3,1,400,4.2,5550,7,0,3,16
2,7,300,4.7,5786,47,1,0,1
3,0,500,4.0,6881,45,3,2,7
4,5,100,4.5,9504,33,5,3,12
4,5,800,3.5,5092,15,2,0,18
1,1,400,4.7,2386,9,5,2,9
6,1,700,4.5,7349,37,2,2,1
2,2,200,4.7,3502,28,4,1,11
3,2,900,3.5,5136,42,5,2,6
3,4,200,3.5,9022,0,2,1,9
4,6,800,3.0,2044,29,3,2,3
3,1,400,5.0,6074,40,0,1,22
6,5,1000,4.0,8878,18,3,3,13
2,1,700,4.0,7754,4,4,1,13
2,5,700,4.2,4754,47,1,0,5
2,4,200,4.5,5825,25,1,3,20
6,4,200,4.7,9674,33,0,1,18
0,4,800,5.0,4862,21,4,3,4
0,2,100,3.5,1202,39,5,2,3
4,4,500,3.5,6213,7,4,1,17
4,1,100,5.0,1531,49,2,2,4
4,2,800,3.5,9099,14,0,0,11
6,2,200,4.5,5679,28,3,1,5
2,6,600,4.7,4171,12,1,1,20
6,6,800,3.5,6273,44,0,3,1
1,5,300,5.0,4507,19,1,3,26
4,3,200,4.5,7240,17,5,1,13
0,2,500,4.7,5814,39,3,3,21
3,6,800,5.0,374,38,4,0,22
5,7,200,4.2,4397,38,2,3,1
6,4,100,4.5,8512,33,1,3,1
0,4,100,3.5,829,18,2,3,26
5,7,800,4.2,916,20,2,1,17
0,2,600,4.7,8728,32,3,2,10
2,3,500,4.2,5723,18,2,1,0
0,2,600,4.0,6302,34,3,3,15
1,3,800,5.0,9924,15,1,0,9
2,1,900,3.5,511,12,4,2,2
3,6,900,5.0,477,6,2,2,20
3,0,300,4.0,3111,49,2,0,23
1,3,700,3.5,9572,29,2,0,4
3,5,700,3.0,4490,14,5,3,18
5,2,600,4.0,8397,27,4,2,17
3,4,100,3.5,2579,4,1,0,9
1,6,100,4.5,9541,41,0,0,20
4,1,600,4.0,2881,34,2,2,8
1,3,900,4.2,7391,35,3,3,25
3,5,200,3.5,6286,20,5,3,4
5,1,100,4.5,5572,28,3,2,16
1,1,700,3.5,4286,29,3,1,9
0,2,1000,4.2,2766,29,0,3,10
4,2,500,4.5,4153,26,5,3,20
3,5,300,5.0,2968,28,4,1,20
3,4,100,5.0,5974,14,3,3,9
1,2,500,3.0,3871,31,1,0,0
0,5,400,5.0,3813,37,3,1,14
4,6,300,4.5,8716,43,4,0,17
6,0,400,3.5,479,16,1,2,24
4,4,100,4.0,3854,48,1,0,5
5,1,700,4.0,2956,27,0,3,16
1,7,500,5.0,4033,10,1,0,21
3,7,1000,4.5,790,21,4,2,26
2,2,900,4.5,6965,15,1,1,0
0,7,800,3.0,1227,26,2,0,6
2,2,1000,5.0,391,16,0,0,24
6,6,100,3.5,3869,3,0,0,21
5,5,1000,3.0,8185,39,2,0,20
5,6,200,3.5,5329,44,5,1,3
6,7,400,4.7,3633,41,0,2,7
2,1,500,5.0,7362,2,2,1,10
5,4,500,3.5,5282,29,2,0,3
6,6,100,4.5,3138,21,3,1,20
2,1,600,4.5,8046,3,1,0,20
1,5,400,4.5,1974,46,1,1,20
0,2,300,4.7,7734,45,4,2,10
6,5,900,4.0,5952,0,2,2,18
4,2,900,4.7,7317,10,4,3,22
5,4,100,5.0,518,6,0,3,1
2,4,500,4.2,7220,5,3,0,4
2,3,200,5.0,7682,46,3,3,16
0,3,600,4.5,3505,18,0,1,10
5,5,100,4.7,1326,10,2,2,16
4,1,500,5.0,9880,14,0,1,26
0,1,800,4.7,4872,45,0,2,20
1,4,500,5.0,5295,33,2,1,18
6,0,300,3.0,4187,44,4,0,3
5,5,400,4.2,5627,29,5,0,26
2,0,900,4.2,8493,37,1,2,21
5,6,800,4.2,1818,39,4,2,21
5,5,600,3.5,7725,26,5,0,4
0,6,1000,4.7,7332,31,5,0,13
5,1,500,4.2,1604,7,5,3,14
4,1,1000,4.5,3195,40,5,3,9
5,4,1000,3.0,711,33,2,3,3
2,0,900,3.5,7870,43,0,1,6
4,6,100,5.0,2018,18,3,3,5
0,7,600,4.0,4236,40,0,3,15
0,0,600,3.5,5566,7,2,1,20
0,5,100,3.5,9863,36,5,2,9
3,2,200,5.0,8081,15,4,1,7
3,1,800,3.0,832,21,0,1,13
2,2,1000,4.5,7435,24,4,2,22
4,0,600,3.0,3325,22,1,3,16
0,6,900,4.5,1577,6,1,2,8
0,0,900,3.5,3445,47,2,1,11
0,4,300,3.5,7513,3,1,0,13
1,2,200,3.5,9253,4,2,0,21
5,3,600,4.5,9924,12,1,3,20
3,3,500,3.0,8995,6,1,1,22
5,4,400,5.0,3233,9,0,1,0
1,4,700,4.2,293,6,4,3,14
6,3,1000,4.5,4397,22,4,2,11
3,6,800,4.5,8752,1,5,0,0
0,4,200,4.5,1190,16,0,3,22
6,0,100,5.0,7465,27,5,1,1
5,5,300,3.0,6708,27,3,3,21
0,5,700,3.5,184,20,1,0,3
6,7,500,5.0,152,38,0,1,26
4,5,700,4.2,6711,26,2,1,9
3,3,1000,4.5,1184,16,4,3,9
3,2,300,3.0,2995,24,2,0,18
6,1,800,3.5,2449,5,2,1,21
6,6,100,5.0,5940,6,3,0,10
1,0,200,3.0,5971,40,1,0,8
3,1,1000,3.5,2871,21,1,1,13
3,7,200,5.0,9094,38,2,3,11
0,7,600,4.0,2547,16,2,2,21
0,6,500,3.5,3875,22,5,2,17
0,4,800,4.5,7258,7,4,1,13
6,4,400,4.5,8126,32,3,1,18
5,7,1000,4.0,2015,29,5,2,1
0,7,800,4.0,338,28,3,0,1
5,2,800,3.5,7285,42,4,3,2
4,5,800,4.5,7139,6,5,3,13
1,3,500,3.5,6725,37,2,0,19
1,1,400,4.7,7322,16,0,3,8
5,6,600,3.0,3039,5,1,1,10
3,2,600,4.5,4615,21,4,3,9
1,1,700,3.5,2969,6,3,1,4
0,5,200,3.5,1633,25,4,1,0
0,2,400,4.2,9675,19,1,0,24
3,2,700,5.0,5355,12,0,1,21
4,1,300,5.0,3414,27,4,3,8
0,3,900,4.7,8659,14,1,0,3
2,2,500,4.7,9357,29,3,1,7
4,7,1000,4.0,1113,13,3,2,11
2,4,500,4.0,1241,30,3,0,21
2,6,600,4.2,3421,5,5,3,9
5,3,200,3.0,1775,36,4,3,5
4,5,200,4.5,7618,25,3,3,18
2,7,400,5.0,6127,27,5,3,20
2,7,600,4.0,7708,46,4,3,12
6,3,900,5.0,7965,27,5,2,25
4,3,900,4.2,3132,0,0,0,10
3,4,100,4.2,4772,41,2,2,5
0,6,200,4.7,572,20,2,0,25
4,0,900,3.5,5355,44,2,3,10
5,6,400,4.7,3737,39,3,1,10
3,2,900,4.5,5409,35,1,2,2
6,6,900,4.0,8147,25,4,1,22
5,0,900,4.7,795,30,1,1,4
1,6,800,4.5,1751,38,0,1,24
6,3,800,4.5,926,44,4,2,20
0,7,800,4.0,7328,48,3,3,7
4,7,100,4.2,8809,13,2,2,17
6,1,100,3.5,692,48,2,3,6
2,1,1000,4.5,7386,24,4,1,21
1,3,800,4.5,2299,24,0,0,23
5,4,500,4.5,4898,43,2,2,3
4,2,300,5.0,2980,9,0,0,22
0,2,1000,4.5,8763,5,5,3,10
4,5,700,3.5,3062,1,0,3,10
3,1,700,3.0,6568,42,2,2,9
2,5,600,5.0,2891,11,0,0,21
5,1,900,3.0,6478,33,4,0,1
3,4,500,4.0,5862,47,3,1,24
4,7,600,5.0,720,31,3,0,4
1,7,1000,4.0,880,45,2,1,4
0,5,200,5.0,6410,39,3,0,4
0,1,1000,4.5,1504,41,3,0,24
5,6,200,4.5,2436,24,4,3,19
1,2,300,4.5,816,1,4,3,6
0,1,200,3.5,1493,23,1,3,0
2,6,200,4.2,1645,34,2,3,24
3,3,800,4.2,7229,39,5,2,12
4,2,600,4.2,1200,23,5,0,10
6,3,700,4.0,2690,39,4,0,1
6,2,200,4.0,6002,24,1,2,21
4,1,400,5.0,201,36,5,1,8
2,4,700,5.0,5783,1,4,1,21
6,4,100,4.2,497,5,4,3,1
1,4,600,4.0,7734,46,1,2,26
3,0,800,4.2,5366,39,0,2,14
1,1,300,4.5,4602,3,2,0,18
1,2,600,4.0,1367,36,0,1,9
2,6,300,4.7,7808,24,0,0,1
2,7,100,4.7,3203,37,3,1,9
5,3,100,4.7,8045,32,3,1,6
5,5,200,3.0,1109,26,2,3,6
0,6,800,3.0,4854,37,4,2,8
4,7,100,5.0,157,40,0,2,25
2,6,300,5.0,1559,46,5,3,2
2,4,100,3.0,2427,10,1,1,13
6,2,1000,4.7,4829,19,4,2,20
4,2,300,3.5,8352,49,3,3,9
2,5,900,4.0,2101,32,0,3,10
6,2,1000,5.0,6772,3,5,1,16
5,6,500,3.0,4634,21,2,0,20
1,7,1000,4.0,2040,14,0,1,9
4,1,500,4.0,5704,47,3,3,0
6,4,700,4.2,6109,44,2,2,21
5,2,100,3.0,5657,17,4,1,6
0,1,700,3.0,7350,27,3,2,0
6,5,700,3.5,2128,0,0,1,12
5,1,200,4.7,1496,33,0,3,0
1,6,800,3.0,4255,49,5,1,13
5,6,800,4.7,564,10,0,1,18
2,5,300,4.2,7224,28,4,0,6
5,6,1000,4.5,4291,3,5,1,20
0,5,400,4.0,9555,22,1,0,17
2,4,1000,3.5,4426,9,0,1,13
4,3,1000,3.0,9466,4,2,0,1
3,7,100,4.2,6743,29,4,2,5
1,1,400,4.0,1142,8,3,1,7
4,3,800,3.0,969,34,3,2,22
1,1,200,4.5,7267,1,0,3,1
6,6,100,4.5,9612,47,3,0,7
5,6,1000,5.0,7341,22,0,0,18
3,6,200,4.5,7416,20,5,0,2
1,7,300,5.0,2590,46,2,3,3
0,1,300,3.0,5267,8,1,1,14
2,6,700,3.0,9145,4,4,1,2
3,5,900,3.5,3955,23,0,0,18
5,4,200,4.0,6247,38,4,2,9
3,7,700,4.0,3589,14,0,1,17
5,5,500,3.0,8861,11,4,3,12
0,6,600,4.2,3601,10,4,1,17
1,6,200,4.0,9480,17,4,3,18
6,3,1000,3.0,1406,16,3,2,14
6,7,500,3.5,9531,39,5,2,7
2,2,200,4.7,8842,7,2,3,19
1,7,900,5.0,141,41,2,2,7
3,5,500,5.0,4814,23,1,1,23
4,4,800,4.0,2156,38,4,3,14
2,4,900,4.5,5540,28,0,3,6
4,5,500,4.7,8722,11,4,1,4
4,0,400,4.0,788,5,1,2,25
3,2,100,4.2,6778,23,5,0,17
4,4,700,5.0,6848,48,2,0,22
6,0,800,5.0,4785,34,5,1,25
6,3,400,4.7,3920,33,2,0,2
0,0,500,4.2,4058,39,3,1,2
4,5,100,4.0,8538,40,5,0,21
6,1,100,4.5,9867,28,0,1,18
2,1,100,5.0,180,32,0,1,6
2,7,100,3.5,8993,21,3,1,18
2,5,200,5.0,7147,40,3,0,18
1,1,700,3.5,2130,43,4,2,9
0,7,100,4.2,8839,38,5,1,20
0,0,400,5.0,1072,21,1,0,1
2,0,900,3.5,6724,34,3,3,7
4,1,500,5.0,5525,49,3,2,6
0,0,200,4.2,8059,18,1,2,20
6,2,400,3.5,3439,42,5,3,2
0,2,500,3.0,9766,15,5,2,6
4,0,200,4.0,4919,20,0,1,20
3,5,700,3.0,3215,48,3,3,1
6,6,500,4.5,8099,2,1,0,25
0,7,300,4.7,3569,36,5,3,2
5,6,600,4.7,8130,22,1,0,4
2,1,800,5.0,7908,16,0,1,15
2,4,500,3.5,2686,41,3,1,4
4,3,600,4.2,6060,42,3,1,25
4,5,900,4.5,7849,8,1,0,2
2,6,900,3.5,9093,3,4,0,25
0,3,700,5.0,9486,8,2,1,14
4,0,1000,4.0,7181,3,4,0,17
2,3,600,4.2,2706,39,1,1,0
2,4,1000,5.0,6164,11,2,3,13
1,5,600,3.5,6980,2,5,1,14
5,3,600,4.5,5034,47,3,0,5
3,2,800,3.0,8577,30,2,0,25
4,0,600,4.7,1194,48,1,3,1
2,2,200,3.5,237,28,1,0,20
0,5,800,4.0,6049,14,5,1,6
3,1,900,3.5,1529,8,5,1,3
5,0,400,4.0,567,36,4,0,12
4,2,900,3.0,2642,8,2,1,14
4,3,600,3.0,8647,11,3,1,14
0,0,400,3.0,5843,29,0,2,13
0,3,200,4.2,1697,24,5,0,14
1,0,400,5.0,4006,8,4,0,21
5,1,700,5.0,677,27,2,1,9
6,5,600,4.7,9153,44,1,0,7
0,3,700,4.2,3077,13,2,1,23
3,5,200,4.7,8084,37,4,1,3
4,0,400,4.7,7025,0,2,0,24
2,1,200,5.0,1416,20,1,1,4
1,2,400,4.2,1777,29,2,3,21
4,3,1000,4.2,8423,40,3,2,4
6,6,1000,4.0,565,11,3,2,18
1,6,600,4.5,7342,24,2,1,11
3,0,800,3.0,5430,17,2,1,25
2,1,300,3.5,6436,3,0,2,6
5,3,100,4.7,5504,10,2,2,7
1,5,100,4.5,5623,17,2,1,1
4,5,200,5.0,6790,7,3,0,18
6,6,200,4.0,712,45,0,0,12
1,5,700,4.7,119,21,1,2,3
1,6,300,3.5,981,40,2,0,12
1,5,800,5.0,2387,0,2,1,1
5,3,500,4.5,5923,0,0,0,6
0,4,100,4.5,6176,42,1,1,4
6,7,200,4.5,6802,28,2,2,1
6,5,500,4.5,6490,22,0,0,21
3,6,300,3.0,5018,43,5,3,9
4,0,300,4.2,7805,35,2,1,18
0,2,400,3.5,8275,13,4,1,2
3,4,800,4.2,6272,2,4,2,22
3,3,300,4.7,6925,18,0,1,26
0,1,400,4.5,3942,15,2,0,7
3,1,500,3.0,1849,41,1,0,4
5,7,900,4.7,177,38,1,2,12
5,1,600,3.5,8164,45,2,1,2
4,5,100,4.0,8946,29,2,1,17
2,3,700,3.0,6371,47,3,1,16
2,7,100,4.5,990,40,2,1,3
6,7,700,4.7,9795,6,2,2,22
6,3,400,3.5,528,13,4,0,9
5,2,600,3.5,7526,45,4,0,1
5,3,1000,3.5,1219,41,0,0,4
5,3,300,4.5,9194,35,5,1,5
6,0,300,3.0,4025,7,2,1,17
3,3,1000,4.5,6659,15,5,3,9
0,3,600,3.5,2568,31,0,3,4
1,7,300,3.5,4044,28,2,1,18
5,3,200,4.7,8622,34,3,3,17
5,3,700,4.0,7763,23,4,1,3
1,0,200,4.0,2930,5,1,0,16
3,3,600,3.0,1868,42,3,3,15
1,3,200,3.0,1587,25,2,1,23
1,4,1000,5.0,1346,18,2,1,2
1,5,200,4.7,7802,9,4,3,7
2,7,100,4.2,4022,48,3,3,9
1,5,700,5.0,3998,21,2,2,2
1,2,500,4.0,7463,32,0,3,1
1,0,900,5.0,4542,33,2,0,22
1,4,200,3.0,6183,10,5,2,6
6,5,1000,3.5,5319,48,3,1,8
1,6,500,4.5,4170,34,0,2,5
5,5,100,4.7,6108,19,0,2,3
5,5,700,4.0,1182,14,2,0,19
2,3,1000,4.0,5895,48,1,0,1
3,7,800,4.5,3679,26,5,3,25
3,2,500,4.7,7812,37,1,0,23
6,5,400,4.2,8310,15,1,3,10
6,4,600,4.7,8749,16,4,1,4
5,7,500,4.7,6359,22,1,0,10
4,5,800,4.7,6185,9,0,2,7
5,3,600,4.0,7876,16,2,0,9
6,7,200,4.2,7464,44,0,1,3
2,5,900,4.5,5736,46,3,1,10
4,6,1000,3.5,4658,28,4,0,2
1,2,1000,4.7,9785,31,2,3,15
3,6,800,4.2,285,32,5,1,13
5,4,600,4.7,8473,10,4,3,7
1,7,700,3.5,3216,0,0,1,24
5,7,1000,4.2,3683,29,0,3,12
3,5,800,4.5,4861,10,1,0,15
6,7,100,4.2,7721,38,5,1,4
3,0,500,4.7,5441,32,4,2,17
2,3,800,4.5,934,41,0,1,12
0,3,700,3.0,1343,6,4,1,6
2,7,600,3.5,3145,24,3,1,25
5,2,800,5.0,8849,26,3,2,13
1,5,500,4.2,815,48,4,3,19
2,3,800,4.5,2102,14,5,1,13
2,1,500,5.0,965,23,4,1,19
3,1,700,4.2,6033,41,5,3,5
6,7,300,3.0,8822,15,0,1,25
5,6,500,4.0,1130,8,4,1,20
6,3,1000,5.0,4581,21,1,1,1
2,1,200,3.5,1349,1,1,2,2
5,6,100,4.0,9009,5,2,1,12
2,6,900,4.2,2678,36,0,0,20
3,1,100,4.7,2419,44,1,1,7
5,1,300,3.5,5510,45,4,2,21
1,4,1000,4.5,967,28,5,1,15
2,3,900,4.5,4881,9,4,2,16
3,7,600,4.2,9222,45,5,1,0
1,3,700,4.5,922,32,4,3,11
1,4,600,4.0,9214,44,3,1,14
3,1,400,3.0,800,28,3,1,18
2,1,100,4.0,5473,31,5,2,2
2,3,500,3.0,6847,3,5,2,6
2,6,500,4.2,3376,21,0,3,9
2,3,100,4.0,4189,25,1,3,21
6,7,1000,3.0,5305,6,5,0,11
0,2,800,4.2,3510,42,1,3,10
6,5,500,4.5,1304,26,2,3,0
5,7,900,4.7,9087,36,0,3,2
2,5,400,4.5,9339,9,0,2,26
0,1,600,3.0,1880,16,0,3,1
3,4,100,3.0,9284,48,3,2,13
0,2,300,5.0,952,37,0,2,12
4,0,500,4.7,149,28,3,2,25
1,3,600,4.2,2973,32,1,2,13
5,0,700,4.7,4534,1,0,0,6
0,4,900,4.5,2747,20,2,3,7
2,0,200,4.2,2357,14,1,3,9
2,6,100,3.5,6011,23,3,0,1
3,2,400,4.0,8440,8,3,0,17
2,1,800,3.5,8128,37,2,2,17
3,6,100,3.0,7346,29,0,3,0
2,0,300,4.7,4126,27,5,3,1
2,7,700,3.5,5972,44,4,0,13
2,4,300,5.0,5151,5,3,1,20
2,6,700,4.2,3114,5,4,0,15
6,2,100,5.0,7927,32,5,1,6
0,4,800,3.5,7504,28,5,3,11
0,2,500,4.0,2872,9,5,0,2
4,2,700,4.7,3052,39,5,1,1
1,7,800,4.2,6656,31,5,2,3
0,6,1000,4.0,1480,38,5,3,4
1,2,700,3.5,6178,33,0,0,1
4,6,800,3.5,3869,42,3,1,3
2,0,100,4.7,7435,21,1,3,2
3,5,300,5.0,5758,6,1,2,0
0,4,600,5.0,8925,17,4,1,11
1,3,1000,4.0,4330,24,4,1,9
4,0,1000,5.0,3981,21,4,0,22
0,4,100,4.7,8113,7,1,2,16
0,2,400,4.5,1962,45,4,0,5
6,0,800,4.7,7943,11,0,1,0
1,6,700,5.0,4894,36,4,3,19
4,4,800,4.5,2122,28,3,1,6
5,6,500,4.7,273,13,3,1,24
1,7,500,4.5,905,14,5,3,14
6,2,500,4.0,6544,12,1,3,14
4,4,600,3.0,6671,0,5,0,11
4,5,900,3.0,8610,29,2,3,21
2,5,600,5.0,8708,9,1,3,0
0,0,1000,4.7,5514,3,0,3,5
2,5,400,4.0,439,11,4,2,4
0,5,1000,4.0,6728,10,4,0,10
6,3,600,4.2,8867,39,1,1,3
0,3,100,5.0,9790,7,0,2,11
5,4,600,3.5,1843,11,4,2,1
5,6,300,4.7,3189,48,1,0,0
3,0,600,3.0,6641,22,4,1,4
4,2,500,3.5,937,31,4,2,24
4,7,800,3.0,7799,44,2,0,24
1,3,300,4.5,8146,46,1,3,6
5,2,900,3.0,9967,6,1,0,9
1,4,500,4.7,6799,47,3,2,3
5,3,500,4.5,3740,46,4,0,0
6,3,400,4.0,5097,32,3,1,22
0,4,1000,4.5,855,42,1,1,18
1,4,300,3.0,8108,19,3,3,9
1,5,900,4.2,465,21,5,2,9
6,4,100,4.2,275,30,3,2,7
3,3,800,4.5,6328,10,0,3,18
0,6,400,5.0,5860,17,0,2,2
0,2,200,4.5,3168,13,3,0,25
1,4,800,3.0,1242,32,1,3,2
5,1,500,4.7,1247,35,3,2,18
0,6,200,4.2,111,10,5,2,18
0,2,900,4.0,1962,48,2,1,4
6,1,300,4.7,576,22,0,3,3
4,6,600,4.2,2293,19,4,2,14
5,1,400,3.0,2473,26,0,2,3
2,7,500,3.5,8909,27,5,1,21
1,0,700,4.0,7606,25,5,3,18
1,2,600,3.5,3642,4,0,1,0
0,2,300,3.0,7321,31,1,3,0
1,6,400,4.2,9734,17,2,2,2
3,6,800,5.0,2824,5,0,3,3
5,7,700,5.0,5420,28,2,1,0
1,2,800,5.0,8392,44,0,0,4
5,3,100,3.0,5447,26,5,1,8
2,7,600,3.5,7185,38,4,3,9
1,4,700,3.0,374,15,2,2,2
1,0,800,3.0,6959,44,3,2,21
5,7,700,5.0,3895,36,2,2,6
1,7,700,3.5,7041,10,3,0,18
1,1,900,3.5,6070,45,5,3,22
0,6,900,5.0,3850,44,0,3,6
3,1,200,3.5,8098,8,5,3,20
5,0,900,3.0,5987,3,0,3,9
5,0,400,4.0,7792,46,2,0,9
3,3,500,3.5,3116,16,4,1,14
1,4,800,4.7,1843,31,2,1,10
3,1,100,4.2,9704,41,1,3,10
2,3,200,4.2,2337,23,4,2,6
4,7,100,4.2,1473,46,3,1,23
6,6,500,4.5,4886,5,4,3,7
0,1,500,4.5,1449,27,0,2,19
2,4,100,4.5,1584,14,2,0,12
6,2,800,4.5,1188,9,0,2,14
0,2,200,4.0,7499,19,4,3,16
5,6,800,4.2,6215,37,4,2,4
5,5,200,4.7,9613,44,3,0,20
1,1,600,3.5,1031,9,2,0,22
4,1,200,4.5,8339,47,5,0,5
5,1,100,4.7,1060,40,1,0,2
2,1,1000,4.2,1931,19,3,2,15
1,5,600,4.0,2948,34,0,2,0
6,3,800,5.0,7302,24,2,2,16
4,1,500,4.0,5437,30,0,0,24
1,7,700,5.0,6901,49,0,3,9
3,5,300,4.0,8593,39,2,3,14
6,2,100,4.2,6603,3,1,2,19
3,4,1000,4.0,9906,42,5,1,5
0,6,300,4.0,2452,34,1,0,13
2,1,800,4.5,8665,32,0,3,18
4,5,200,5.0,3081,46,0,2,4
4,4,500,5.0,428,31,5,0,6
6,1,600,3.0,8839,8,4,2,25
1,5,300,5.0,4177,17,1,2,0
1,5,700,3.0,7460,27,2,0,1
2,0,1000,4.0,1713,8,0,3,25
3,3,500,4.7,6035,0,0,3,18
1,5,200,4.5,8505,16,3,1,24
4,0,500,4.0,5445,8,5,2,19
6,2,600,3.0,3712,44,3,0,17
1,2,800,4.2,3226,19,1,1,17
2,4,800,4.5,2443,44,2,1,0
0,3,500,4.5,9657,1,0,3,24
0,3,700,4.7,810,22,4,3,21
5,4,800,4.7,8168,3,3,1,1
2,5,800,4.5,2365,40,0,2,1
4,6,600,4.0,7351,11,4,3,13
6,2,600,5.0,9060,4,4,3,18
4,4,400,5.0,7699,38,0,2,26
4,4,800,5.0,509,31,1,3,11
5,7,500,4.7,1705,11,4,3,8
4,4,100,4.2,9150,49,5,0,18
4,5,800,4.5,525,44,4,1,1
0,0,700,4.0,7058,31,2,3,14
5,0,100,5.0,2733,17,1,0,9
4,5,1000,5.0,510,31,1,3,0
2,3,900,5.0,1801,26,3,3,2
0,5,300,5.0,7464,2,4,1,1
6,2,100,3.0,2899,5,2,3,26
6,4,700,4.0,7394,1,0,0,3
4,7,800,4.0,6277,28,0,2,14
1,3,700,4.7,7720,14,2,1,12
0,3,500,4.7,6107,3,1,0,15
4,7,600,4.2,6236,31,5,0,1
6,4,800,3.0,6718,5,5,1,4
2,5,500,3.5,5722,10,2,3,16
1,5,600,3.5,1052,43,2,1,25
6,7,800,4.7,969,13,0,2,18
6,3,500,4.2,1323,18,4,0,12
4,7,800,3.5,6596,42,3,3,10
3,5,700,5.0,5703,3,1,2,7
3,0,100,5.0,3837,0,1,1,9
5,7,100,4.0,517,40,3,0,10
1,0,1000,4.2,3954,2,4,0,9
0,7,700,4.7,8722,20,2,2,4
2,7,600,4.5,774,16,2,1,10
1,2,400,5.0,9063,31,2,1,23
5,3,100,5.0,2789,47,0,1,12
3,6,900,5.0,4027,36,1,2,13
6,6,800,4.0,1164,47,5,1,4
4,0,700,3.5,6789,24,1,2,23
5,2,300,3.0,9824,48,4,0,3
0,1,1000,4.7,3522,13,0,3,16
3,5,100,4.5,350,4,5,2,2
0,2,400,4.0,1793,8,5,3,7
4,0,200,4.7,7445,17,3,0,21
2,2,100,4.7,1115,17,0,3,4
5,4,300,4.5,2786,1,4,3,14
3,0,900,5.0,7693,9,4,3,7
6,5,400,5.0,1963,20,2,1,5
2,4,300,4.0,4600,38,0,2,6
0,7,400,4.2,6542,16,2,2,20
4,7,400,4.5,4376,14,5,0,12
4,4,700,4.5,5826,14,0,1,20
2,6,700,4.7,397,0,0,3,4
5,4,1000,5.0,109,31,3,1,17
1,0,600,4.0,8060,40,2,1,3
4,6,1000,4.7,1020,26,1,2,13
4,4,500,4.7,6274,5,0,2,4
1,5,300,3.0,5730,38,0,1,2
0,6,600,3.0,1744,31,1,3,9
4,4,700,5.0,1210,44,1,2,21
4,7,400,4.7,5112,13,4,3,9
1,1,900,4.5,3699,32,3,0,17
2,7,1000,4.5,2636,38,0,0,15
3,4,200,4.2,7592,5,3,0,18
5,4,300,5.0,8067,35,5,3,14
4,5,500,4.0,5608,22,2,0,18
1,3,600,4.2,9258,20,3,0,9
5,1,500,5.0,1779,43,1,3,25
4,4,100,4.7,6849,8,0,2,9
1,6,200,3.0,5064,0,2,1,2
4,0,600,3.5,5354,10,4,0,24
1,7,800,4.0,9497,29,2,1,14
0,0,700,5.0,4255,6,1,1,4
6,4,500,4.5,9497,8,1,3,24
4,3,200,4.7,4899,4,2,1,16
0,1,1000,4.2,8482,8,2,0,17
1,2,100,4.2,8766,2,3,0,12
2,6,400,4.7,4568,28,5,0,23
3,1,700,3.0,2220,32,4,2,1
0,5,900,3.5,9043,35,2,0,11
1,0,700,3.5,4933,6,5,0,21
4,0,1000,4.7,8132,49,0,0,6
6,2,300,4.5,2562,28,5,1,20
2,3,300,4.0,1154,41,5,3,12
3,5,300,3.0,3958,42,3,0,18
2,6,600,3.0,6791,40,2,2,0
0,4,300,3.0,8231,29,0,0,3
0,3,1000,5.0,4728,19,5,0,6
5,7,100,3.5,8778,8,5,1,18
1,5,100,4.5,4854,14,4,3,4
5,3,300,5.0,2633,46,2,1,10
6,1,400,3.0,1345,4,3,2,13
0,3,200,3.0,2815,16,2,3,10
4,6,200,4.7,9651,20,5,1,14
5,7,900,5.0,8070,16,5,3,21
4,2,500,3.0,1427,15,1,2,20
5,5,1000,4.0,8851,5,3,3,21
2,1,500,3.0,2531,0,5,0,20
6,6,800,4.2,4269,14,5,1,13
5,5,800,4.0,1926,15,4,3,9
4,0,900,4.7,1216,27,1,0,9
1,3,600,4.0,2273,35,1,2,17
6,1,700,4.5,3228,42,4,3,9
3,7,700,4.7,5862,30,4,1,12
3,5,100,4.0,9244,15,5,0,21
6,1,300,4.0,4234,44,4,2,5
2,3,100,3.0,4574,43,3,1,18
0,4,200,3.5,7200,19,2,2,21
0,3,700,4.7,4742,37,3,1,21
2,6,100,5.0,1669,34,1,3,19
3,5,400,3.0,5295,7,2,3,13
4,2,1000,5.0,4978,3,2,1,8
2,2,400,3.5,5388,26,4,0,7
6,5,800,4.7,9278,29,4,2,2
4,3,500,4.5,6211,45,1,1,25
4,0,900,4.7,1459,25,0,0,9
6,6,900,3.0,6967,32,2,0,18
1,7,1000,5.0,977,22,2,1,14
5,7,500,4.5,1130,5,3,1,3
0,7,800,4.2,3086,12,4,2,25
6,0,500,3.0,6946,1,1,1,6
6,5,600,4.7,3125,46,2,2,19
1,3,600,4.7,2496,20,4,2,1
2,2,600,5.0,3076,34,0,0,14
0,2,600,4.7,6899,11,2,2,8
0,3,300,3.5,9471,8,0,0,6
2,3,900,5.0,2694,19,2,0,9
2,1,200,3.0,3125,38,2,2,6
6,7,100,5.0,3413,9,1,1,4
2,5,800,4.2,5584,11,5,3,26
2,4,300,3.0,9509,49,0,3,16
3,7,400,4.2,7700,12,5,0,15
5,2,400,4.5,5239,5,0,0,3
4,0,700,5.0,68,34,1,1,5
6,3,200,4.2,5642,38,1,0,14
2,5,700,5.0,8519,47,2,3,5
5,4,500,5.0,8906,18,2,1,17
5,7,800,4.7,2088,39,5,0,19
0,5,500,3.5,1838,0,4,1,14
0,4,600,3.5,3739,24,4,3,18
1,2,500,4.2,2252,15,5,1,6
6,3,1000,3.5,2611,13,1,1,15
3,3,500,4.7,887,12,5,2,1
0,7,200,4.2,694,36,1,2,18
2,3,300,3.5,1653,26,5,3,20
1,7,200,4.2,9701,38,5,3,21
0,3,800,3.5,1650,16,5,0,21
1,4,800,4.0,1427,7,1,2,26
1,1,800,4.0,5307,21,5,3,24
0,2,300,4.0,2859,19,1,0,2
2,2,300,4.2,6330,48,3,2,10
5,7,1000,4.2,6552,1,0,1,22
2,7,800,4.7,8436,8,4,0,21
6,3,500,4.7,1939,46,5,0,19
6,2,500,3.5,4729,38,3,1,20
2,3,1000,4.0,8457,49,0,0,24
1,4,700,4.5,5904,11,3,3,14
2,5,300,3.0,6633,27,5,3,9
6,7,700,5.0,5981,24,3,3,2
3,7,300,3.0,5038,20,0,2,7
0,2,500,4.0,2398,46,1,1,18
4,7,100,3.5,7600,49,5,1,22
2,2,900,5.0,2935,49,3,2,9
0,3,900,4.2,3350,8,4,2,9
1,4,700,3.0,6490,34,1,3,16
2,5,700,4.5,5265,32,4,1,22
4,4,900,3.0,8392,25,0,3,10
6,0,100,4.7,6858,7,0,0,11
6,6,700,4.0,2741,1,4,2,4
0,6,600,4.7,3002,1,4,1,2
2,5,200,4.5,5883,14,5,2,4
6,5,1000,4.7,8700,22,3,1,20
5,3,600,3.5,6773,28,1,2,25
5,7,600,4.0,1433,3,0,3,18
3,5,700,3.0,1978,29,4,2,1
6,5,400,4.7,4339,11,2,0,19
0,0,900,4.0,2292,1,0,0,23
5,1,100,4.0,7476,21,4,1,14
0,1,700,5.0,9334,40,1,1,1
5,0,900,3.5,8940,10,4,1,20
2,7,600,3.5,1825,23,3,0,13
2,4,800,4.5,5597,25,3,3,4
5,2,300,3.0,8852,32,4,2,15
4,2,200,4.5,4667,37,4,0,19
0,5,800,4.7,3518,8,5,3,25
1,1,1000,3.5,8470,2,2,3,20
4,1,400,5.0,7515,31,5,0,5
6,0,300,3.0,2739,5,2,1,1
1,3,100,4.0,8523,6,1,1,22
5,4,300,3.0,7966,24,5,0,3
3,4,300,4.7,7388,26,0,3,21
1,3,300,3.5,5150,18,5,3,20
0,7,600,4.0,3324,8,3,3,15
0,7,700,5.0,1482,22,1,0,9
5,0,400,4.7,9062,36,0,2,23
0,3,900,4.2,9442,30,2,3,23
0,3,300,4.0,253,27,0,0,13
4,1,600,4.0,8928,11,0,3,26
5,6,300,4.0,2783,26,5,0,4
0,6,200,4.7,9737,18,4,1,20
0,5,800,4.2,1873,35,5,2,3
6,1,400,4.5,3415,49,0,2,17
2,3,100,5.0,3271,36,5,0,8
0,5,100,4.7,3282,14,1,2,20
2,3,700,3.0,6204,29,4,3,2
1,0,700,4.5,5957,45,2,3,17
4,6,600,4.5,2393,33,4,2,6
3,2,300,3.0,7822,43,5,1,20
0,2,500,3.0,1272,14,1,2,21
2,6,500,4.2,2894,37,0,2,17
0,0,600,4.7,9597,31,3,1,9
1,1,100,5.0,2993,39,2,3,10
2,3,500,5.0,4283,16,1,1,5
4,4,100,4.7,8492,10,1,3,3
3,7,600,4.5,8671,32,1,2,20
0,7,200,4.7,91,40,4,3,17
1,6,200,5.0,4043,23,5,1,21
2,5,700,4.7,2956,42,1,1,1
0,1,600,4.0,4637,11,3,0,14
2,4,400,5.0,1951,24,2,3,13
0,4,200,4.7,9532,29,0,3,5
2,4,900,5.0,3465,2,5,0,15
3,2,200,3.0,1948,18,3,3,21
2,6,1000,3.0,4483,31,3,1,18
3,6,200,3.0,95,15,0,2,3
4,2,600,3.0,9182,18,1,0,10
4,1,200,4.5,8080,43,1,0,1
4,2,1000,4.5,4771,41,2,3,9
4,2,900,4.5,389,7,5,3,8
5,1,100,4.5,2474,44,4,0,19
4,5,700,5.0,3133,29,1,0,9
2,2,100,3.5,4406,35,2,2,15
1,7,300,5.0,2007,28,4,3,15
5,4,800,4.7,4403,30,4,1,21
4,5,400,4.0,3229,49,3,0,8
0,2,1000,4.0,7101,4,0,1,1
3,7,600,3.5,8085,5,3,0,25
4,7,500,5.0,3842,43,5,3,4
0,1,500,4.0,8200,6,4,1,2
2,0,400,4.7,3530,25,2,3,18
3,4,500,4.0,7153,49,0,2,13
1,3,500,4.7,8565,40,3,2,18
4,2,100,4.7,7622,43,3,2,15
0,3,1000,4.2,135,8,5,0,11
0,0,300,3.5,8506,31,0,2,21
5,5,500,4.7,7220,23,5,1,20
1,2,600,4.0,5076,29,1,0,10
0,0,800,5.0,139,44,5,0,19
4,2,200,4.7,7722,41,0,2,1
6,3,800,5.0,947,3,1,0,7
2,3,400,3.5,8283,39,1,1,19
1,7,200,3.0,9545,22,0,3,10
6,5,600,3.0,2364,40,2,2,1
0,0,600,4.5,3819,2,4,1,3
3,7,900,4.2,3054,27,5,2,2
0,0,900,3.5,3001,23,1,3,13
0,3,600,4.2,7661,15,5,2,19
2,7,200,4.0,4930,30,4,0,24
1,0,800,5.0,9454,31,3,3,4
1,3,600,4.0,8024,20,1,3,14
1,6,400,4.2,9767,19,2,0,23
2,1,700,3.0,9251,38,0,0,15
5,7,300,3.0,2613,16,4,0,20
4,6,800,4.2,4854,35,1,3,19
4,6,800,4.7,5467,42,4,3,15
2,5,300,3.0,9370,44,4,2,1
6,6,1000,4.5,8807,33,4,0,6
2,7,200,4.2,4637,31,1,1,13
0,4,400,4.0,101,40,2,0,18
1,6,500,4.0,3505,46,0,2,23
2,1,700,4.7,2550,8,0,2,15
3,7,400,4.2,7908,9,1,3,3
5,4,900,4.7,3866,32,3,2,19
5,7,500,4.0,4451,13,1,2,19
6,0,700,4.5,1371,3,1,3,9
3,0,900,4.7,1575,17,3,3,26
0,3,1000,4.2,8561,27,3,0,13
4,3,500,4.7,8718,43,1,0,3
2,0,800,4.2,4032,48,0,3,18
4,1,900,3.5,341,13,2,1,2
5,4,600,4.7,2696,0,1,2,12
3,4,900,4.5,8659,41,4,1,2
0,5,800,3.5,1914,41,3,3,6
5,5,800,4.2,4633,38,5,3,18
3,6,100,4.5,9990,47,2,1,11
6,2,1000,4.2,7875,36,2,1,6
6,4,500,4.0,3877,18,2,2,20
4,3,700,3.0,57,45,4,2,18
3,1,600,4.2,5485,48,3,2,22
2,3,1000,4.7,2419,14,3,2,25
1,3,100,5.0,4012,4,4,0,6
2,2,800,3.5,6385,42,4,0,8
0,1,900,4.2,2915,32,2,3,21
6,7,200,3.5,4842,25,0,2,14
5,4,1000,3.5,3439,49,0,1,2
0,0,200,5.0,8158,36,2,0,2
1,6,900,4.2,5724,25,0,2,6
5,3,600,4.0,6784,47,1,2,4
3,6,800,4.2,8104,33,4,3,21
1,7,700,4.7,9569,10,1,2,7
5,1,300,5.0,4739,33,5,2,19
5,2,700,3.0,1331,44,4,3,13
0,2,500,3.5,8179,47,3,2,3
6,1,100,4.2,3207,5,0,1,24
4,7,700,4.2,4223,10,0,2,21
3,2,800,4.5,3239,35,3,3,19
6,3,600,4.5,1488,4,3,0,24
6,5,800,3.5,7514,36,3,2,14
2,4,800,3.5,2701,8,2,2,20
2,0,500,4.5,4799,32,4,2,18
0,0,400,3.5,3239,33,0,2,12
3,7,900,4.2,6750,1,4,2,13
0,7,500,4.7,1187,20,5,0,6
0,0,600,4.7,6784,16,3,1,6
0,1,600,4.5,7753,44,3,2,18
6,1,1000,4.5,7806,4,1,2,21
6,0,600,4.5,5726,46,0,0,10
5,7,800,4.7,7354,21,3,3,4
3,4,1000,5.0,2868,13,4,0,10
1,6,1000,3.0,1249,35,0,1,13
1,1,300,5.0,6817,35,2,1,21
4,0,900,3.5,981,40,4,2,17
4,2,700,4.5,6441,29,5,1,2
6,2,600,4.7,8188,15,2,2,6
5,7,400,4.7,4973,14,2,2,10
6,6,100,4.7,6547,3,5,0,18
0,5,100,3.0,2539,34,0,1,18
5,3,800,3.5,2045,35,1,0,9
1,4,100,3.5,5791,35,5,3,23
3,0,700,5.0,9175,47,3,3,17
4,1,700,3.5,6884,37,1,3,13
5,5,900,4.0,1387,40,3,3,9
5,2,100,4.7,5724,25,2,0,1
0,1,300,4.2,1020,37,0,3,25
0,4,800,4.5,7889,49,1,1,19
5,2,200,4.0,6191,32,1,3,18
5,3,1000,3.5,2137,36,5,3,18
4,2,1000,5.0,797,3,3,0,10
6,2,200,3.0,2336,20,5,3,4
0,1,700,3.0,7238,28,1,0,3
4,4,1000,4.5,3174,46,5,1,6
6,1,100,4.2,8692,29,1,1,10
3,4,600,4.0,7568,16,4,1,26
1,1,1000,4.2,9336,9,1,1,10
6,6,500,4.2,2397,9,5,1,17
2,2,1000,4.5,2047,19,5,0,25
6,0,600,5.0,6267,24,4,1,13
2,7,300,4.2,4001,10,0,1,22
6,6,300,4.0,2462,27,1,0,19
6,3,300,3.0,2208,13,2,0,19
6,7,800,3.5,1387,1,0,1,13
3,5,200,4.0,9441,38,0,3,1
2,0,400,5.0,2038,43,5,1,10
2,2,400,4.7,1660,0,0,3,9
3,1,100,5.0,4423,28,1,2,3
2,5,1000,4.0,7060,30,5,1,12
0,2,300,3.5,8337,46,1,1,22
4,7,200,3.5,3308,41,4,3,13
5,6,400,5.0,4152,32,3,1,18
2,3,600,4.2,6990,48,3,1,5
6,4,400,4.5,1833,45,0,1,8
3,2,800,3.5,9058,10,0,0,15
1,6,1000,4.5,2502,4,5,1,13
1,6,100,3.5,5054,46,5,1,17
2,0,600,5.0,9493,31,3,3,21
0,7,700,4.7,7498,5,4,3,9
1,7,900,5.0,7757,16,2,3,8
0,4,500,4.2,5114,8,0,3,18
4,4,700,4.7,439,15,5,2,3
5,6,500,4.0,513,25,4,3,1
0,1,200,4.0,1091,44,0,3,17
2,7,200,4.7,2730,0,5,3,19
4,3,200,4.2,3328,36,2,1,14
4,3,600,5.0,3249,13,4,1,22
6,3,800,3.5,3160,31,1,1,20
4,5,900,5.0,7681,36,1,0,5
1,6,1000,5.0,6352,23,5,2,25
5,1,300,4.7,8415,18,0,0,22
4,6,200,4.0,982,45,1,2,22
4,1,700,4.7,8679,23,4,1,21
3,2,600,3.5,7939,35,1,3,15
6,1,100,4.7,1756,18,3,1,7
6,3,300,5.0,5698,41,2,1,6
5,5,200,5.0,979,34,3,2,3
4,4,300,4.0,5506,32,4,0,17
3,4,1000,4.5,7418,24,5,2,2
4,0,800,3.0,7528,4,2,3,2
2,5,900,4.0,8514,11,2,1,16
4,2,300,4.7,6741,48,5,2,18
1,0,900,4.0,9208,5,2,1,12
0,3,400,4.7,1132,39,3,1,8
0,3,300,3.0,8383,32,0,0,7
4,4,100,4.5,5630,42,3,0,9
4,1,800,3.0,5211,5,3,1,3
4,6,900,4.7,3921,49,3,2,18
3,7,800,4.5,2055,38,3,0,6
3,7,800,3.0,8563,26,4,2,21
6,0,400,5.0,8620,21,3,1,0
1,5,1000,3.5,7265,22,4,3,19
5,5,400,4.2,4757,5,0,0,20
5,7,700,4.7,2833,7,1,3,23
1,2,1000,4.0,9266,18,1,2,12
4,4,700,4.0,8726,6,2,3,21
3,3,500,5.0,5841,9,0,1,2
3,6,1000,3.0,8806,30,5,2,11
0,2,700,3.0,9758,2,4,0,5
3,2,100,3.5,5359,17,5,3,13
5,7,300,4.0,7693,37,3,3,22
1,7,900,3.0,520,14,3,2,1
2,0,100,4.0,9152,32,3,1,6
4,6,300,4.7,119,13,1,0,13
0,1,600,3.5,2126,40,3,0,6
5,3,500,4.0,4856,12,2,2,26
2,3,300,4.2,149,4,2,3,9
4,2,1000,4.7,4670,31,0,2,9
5,4,500,3.5,8223,38,0,3,11
3,0,900,4.7,8286,17,3,0,6
0,2,900,3.0,1679,10,2,3,0
1,3,800,4.7,6588,12,4,0,3
2,5,200,4.5,5243,3,1,1,12
6,3,600,4.5,3230,9,1,0,9
0,4,400,4.5,2047,27,4,2,24
6,6,600,3.5,3802,33,4,0,8
0,2,600,5.0,3433,41,1,1,2
4,5,1000,4.0,722,0,5,1,6
1,3,600,3.5,2598,16,2,0,3
0,0,300,3.5,1677,29,4,2,14
1,6,500,4.5,1753,28,5,2,23
1,2,700,4.2,8749,37,3,1,5
2,7,300,4.5,5874,22,3,1,3
0,4,300,4.2,4774,28,1,1,25
1,2,200,5.0,9436,24,5,2,16
3,5,400,4.2,8396,47,2,3,11
0,6,100,5.0,7019,48,5,3,6
6,1,800,4.5,8957,43,1,3,4
4,0,800,4.5,4696,36,5,1,21
3,3,400,4.0,1843,27,0,2,24
3,1,900,4.2,8675,13,3,0,21
6,2,800,4.0,9112,42,1,1,9
3,3,300,4.7,4993,1,2,0,0
1,5,100,5.0,4954,30,5,1,14
2,7,700,5.0,464,7,4,1,25
6,5,500,5.0,2295,40,2,1,0
6,6,800,4.0,1219,26,3,1,21
1,4,600,4.7,8904,31,1,0,13
4,6,1000,4.7,6002,6,4,2,18
4,6,900,3.0,7174,16,0,3,23
2,3,500,4.2,3365,48,4,1,17
0,1,200,3.5,5814,14,3,0,21
3,3,700,4.0,2104,30,1,1,25
5,3,900,3.0,8383,26,3,1,12
3,1,100,3.5,6379,17,2,0,20
5,1,600,3.0,3863,17,2,0,18
5,7,500,4.2,9413,24,5,3,13
1,6,400,3.5,924,16,0,3,19
4,4,300,4.2,5490,4,4,0,10
6,5,600,4.5,3281,14,4,1,6
2,7,700,4.7,6630,6,3,0,4
4,5,1000,4.2,7659,29,3,0,14
0,1,700,3.5,5671,31,3,3,3
6,1,800,3.5,7441,24,2,2,13
2,7,800,3.0,5745,38,3,3,0
3,4,700,4.7,5788,47,5,3,21
4,2,300,4.7,8043,12,4,0,6
5,2,800,5.0,1154,48,2,0,12
3,3,700,3.0,7348,23,0,3,21
3,7,500,3.5,8819,8,4,2,22
0,7,1000,5.0,4544,22,1,2,22
6,6,800,3.5,8194,30,3,0,4
0,2,600,4.5,5198,2,0,1,1
0,2,400,4.5,3364,32,5,1,3
0,2,300,3.0,758,45,3,3,20
6,3,1000,3.0,9881,14,4,3,3
5,1,700,4.0,3775,17,5,1,20
5,0,1000,5.0,9375,28,0,3,0
4,7,100,3.0,1523,11,3,3,8
3,3,400,3.5,4863,23,0,1,14
2,7,600,3.5,2323,47,3,2,24
3,3,1000,4.5,4791,10,4,3,9
2,6,600,5.0,4171,40,5,0,2
6,0,300,4.5,8585,22,0,3,25
5,3,1000,3.5,5427,1,1,3,5
2,2,800,4.0,9348,8,5,1,25
1,7,500,5.0,9326,40,1,2,15
4,2,700,4.0,9558,25,3,3,20
2,1,1000,3.0,3196,39,1,2,17
1,4,1000,3.5,4083,4,5,2,14
3,4,500,4.5,9325,25,3,2,18
0,5,500,3.5,6409,40,2,0,7
5,0,800,4.5,9553,19,2,0,6
1,1,300,4.2,9332,38,0,2,18
1,7,400,4.5,857,49,1,3,4
2,0,700,3.5,1617,20,2,1,24
6,5,100,3.5,1408,18,1,1,13
4,3,100,4.7,1964,13,0,1,20
0,1,200,4.0,5986,43,0,0,23
0,1,900,3.5,1567,4,0,1,8
1,2,200,3.0,5521,8,5,0,2
2,2,600,3.5,8850,37,4,2,20
0,4,1000,5.0,6732,5,0,2,12
5,1,100,3.5,1479,40,5,3,12
3,7,700,4.2,3315,13,3,1,25
0,1,500,5.0,5779,4,2,0,10
3,1,800,4.2,1122,29,1,2,0
6,3,200,4.2,796,43,4,0,7
6,6,400,3.0,5499,23,0,1,1
0,6,600,4.7,1325,32,3,1,11
2,5,900,4.5,4433,11,3,1,19
4,1,200,3.0,5652,0,4,1,20
5,5,200,3.0,6712,30,1,3,8
3,0,500,4.2,6782,28,3,2,19
0,6,400,4.2,808,15,5,0,22
2,1,100,3.5,1313,42,3,3,14
4,3,100,3.0,5022,0,2,1,4
4,4,200,4.0,515,5,3,2,8
5,7,100,4.7,5690,20,3,2,2
2,3,1000,4.2,1509,29,4,2,2
6,6,300,3.5,8623,26,5,3,2
4,2,1000,3.5,4522,47,3,3,20
3,3,100,4.0,884,8,2,2,24
6,0,100,3.5,7789,46,3,2,3
2,3,1000,4.7,1969,43,0,1,4
3,7,700,4.2,9176,4,2,3,25
3,1,500,4.2,4508,34,3,1,25
0,3,700,3.0,1192,9,1,0,22
3,7,300,4.5,2241,30,3,2,10
0,2,600,4.0,5248,26,4,2,15
2,7,400,4.2,375,38,4,3,14
6,3,500,3.5,975,2,5,0,13
5,2,500,3.5,2031,11,3,2,25
4,3,700,5.0,8663,29,0,1,14
6,0,1000,3.5,5373,24,1,3,9
6,4,900,3.0,1024,40,2,0,18
1,6,1000,4.2,4129,46,3,3,14
3,2,900,4.0,9228,17,4,2,9
4,7,200,3.0,6929,33,3,2,26
0,7,100,4.2,8035,1,1,2,18
5,2,300,4.7,1612,33,0,1,11
4,0,800,3.0,2289,4,4,3,18
5,7,700,4.5,4165,44,2,2,7
3,0,100,4.0,7497,21,1,1,0
1,0,600,3.0,6432,0,4,1,21
3,7,700,4.0,7764,1,2,1,13
3,1,800,4.0,9638,42,1,3,3
6,4,1000,5.0,9643,40,0,3,19
1,6,1000,5.0,2050,25,4,1,21
0,0,100,5.0,2788,36,3,0,9
0,2,400,5.0,1325,28,5,2,16
4,2,800,4.5,545,18,1,1,22
5,5,600,4.2,7176,38,5,3,12
6,0,100,3.5,1588,19,2,0,0
0,0,100,3.5,942,14,0,2,6
6,0,500,4.5,1706,48,3,3,26
5,6,1000,4.0,1566,39,2,0,2
4,6,800,4.7,5437,13,3,0,19
4,3,800,4.0,3073,40,3,1,21
6,4,100,4.2,2189,31,4,1,19
3,3,1000,4.2,2874,6,5,2,20
2,5,400,4.2,1634,14,2,1,20
2,5,400,4.7,4688,5,4,1,1
6,0,300,4.2,6506,11,5,0,6
5,0,700,4.0,5042,17,4,2,3
1,2,300,4.2,4018,46,0,1,18
1,4,800,4.0,673,36,0,3,23
1,6,400,5.0,1047,8,5,1,14
1,5,400,4.5,923,35,4,0,12
2,0,700,4.7,6211,49,2,1,24
0,2,200,3.5,65,5,1,0,4
0,6,700,5.0,4859,26,5,3,8
0,6,600,3.5,5434,32,1,0,9
6,6,500,3.0,8544,31,2,2,21
0,2,900,4.2,6678,34,1,2,9
4,1,1000,4.5,8962,19,3,1,6
3,1,300,3.0,6395,42,4,2,11
5,0,300,5.0,916,26,4,1,8
0,7,400,3.5,8458,1,4,1,6
4,3,200,4.5,3987,32,4,2,4
2,0,200,4.0,2888,0,5,3,17
4,7,400,3.5,1412,8,3,3,25
5,0,300,4.5,4903,5,4,1,26
1,7,200,4.7,3168,7,3,0,11
5,4,900,4.7,4336,17,1,0,13
1,6,1000,4.0,2860,8,0,3,2
1,3,900,3.5,5326,23,3,3,1
5,1,500,4.0,4679,10,0,2,6
0,7,700,4.2,5012,48,4,0,3
3,6,200,4.2,3701,35,1,0,20
0,1,700,5.0,2566,17,5,3,11
5,0,200,4.5,1552,32,3,3,11
2,5,500,4.0,1084,0,5,3,23
1,5,200,3.5,3632,41,5,0,19
6,1,200,4.0,693,9,1,3,4
5,0,700,4.7,9046,6,5,3,13
0,6,600,4.2,8996,41,3,3,10
4,7,500,4.2,5572,49,4,3,23
0,1,900,4.0,7997,15,5,2,5
2,4,300,5.0,1903,42,3,0,11
6,0,700,4.7,2266,40,2,2,12
0,1,300,4.2,8382,24,4,3,14
5,5,700,3.0,2398,30,0,0,17
5,4,100,4.2,3924,30,5,1,0
2,2,100,3.0,7185,41,0,2,4
0,5,500,3.0,8022,17,1,1,9
0,1,900,4.2,572,49,1,2,9
4,4,600,4.0,8439,26,4,0,24
0,1,300,3.0,7119,20,4,2,13
5,4,500,4.0,722,23,4,3,1
0,4,400,4.2,8689,39,4,2,16
4,6,200,4.0,3172,37,2,1,8
3,0,500,4.2,4953,19,5,2,7
3,2,100,4.2,864,46,0,1,26
3,5,600,3.0,5406,34,3,3,11
5,4,100,5.0,4046,13,0,1,14
0,7,1000,4.5,3029,22,5,1,16
0,6,600,4.0,7265,4,0,2,17
4,3,900,4.2,2000,15,5,0,3
2,2,900,4.0,8736,2,4,0,6
3,1,200,4.5,2435,42,1,2,0
1,4,200,4.7,6136,29,3,0,26
6,7,800,3.0,4077,30,2,0,21
0,6,700,3.5,432,38,3,0,18
0,2,400,4.7,3672,6,5,3,0
6,2,500,3.5,9008,48,2,3,19
0,1,500,4.2,5942,41,3,2,16
5,7,600,4.7,2055,9,1,0,1
5,6,1000,4.0,7134,13,2,1,6
1,5,1000,4.5,2439,2,2,0,18
1,2,100,3.5,7493,29,1,2,14
4,4,400,4.5,3831,13,2,2,9
5,5,600,4.7,4943,5,1,2,19
0,3,500,4.0,5235,11,4,1,18
2,2,200,4.0,1975,29,2,1,13
3,4,500,4.2,1475,6,1,3,20
2,6,900,4.7,2000,1,0,3,7
0,2,1000,3.5,1363,23,0,0,23
3,2,500,3.5,197,48,4,2,4
6,0,600,4.7,5590,30,5,1,11
2,2,800,4.0,3077,30,5,2,17
2,0,500,3.0,7280,19,2,3,4
5,1,600,5.0,8082,17,1,0,3
0,1,200,3.0,9214,4,5,1,8
3,7,800,4.7,6152,48,3,1,1
0,2,900,3.5,3791,26,2,2,2
0,3,700,3.5,6109,33,3,0,23
0,7,800,4.0,6029,47,3,0,13
5,5,100,4.0,1606,30,0,2,24
2,3,100,3.5,2596,34,5,0,9
0,3,500,4.5,4586,44,4,3,6
4,5,900,3.5,7075,19,5,0,13
0,5,900,3.5,7226,35,5,2,3
4,0,800,4.7,5370,27,0,0,4
2,3,600,4.2,7731,27,1,0,7
1,4,800,4.5,4877,42,0,3,21
6,5,800,4.2,7496,41,3,1,16
3,3,700,4.5,1253,38,3,0,1
2,2,1000,4.0,5899,38,5,2,20
3,0,900,3.5,3119,12,2,1,20
5,1,600,3.0,3465,0,2,0,20
3,3,900,3.0,9664,4,5,3,17
5,1,200,4.5,1237,41,5,1,25
3,6,800,4.2,3467,27,1,1,19
1,3,600,4.5,8366,2,3,0,8
2,0,100,3.0,2044,35,2,1,26
2,7,700,3.5,5540,14,0,1,20
0,2,200,3.5,8082,30,1,1,19
6,0,700,4.5,58,22,0,0,0
6,4,400,5.0,7741,25,3,3,13
2,3,400,5.0,7168,8,0,0,20
1,7,600,3.5,2032,30,4,0,9
0,5,500,3.0,6705,37,3,3,24
4,5,500,4.7,7644,44,1,1,0
4,1,800,5.0,5106,32,1,3,15
0,5,400,3.5,4186,8,5,2,24
2,2,600,3.5,787,38,5,3,18
6,5,100,3.5,398,10,4,0,26
0,1,200,3.5,7883,1,0,3,4
6,3,700,5.0,1296,22,1,0,13
5,7,700,4.0,6877,38,1,3,0
4,3,400,4.2,6474,49,3,0,2
3,4,600,4.0,2598,27,1,0,9
0,4,600,4.0,215,38,2,2,21
3,0,900,4.2,581,46,5,1,5
6,2,100,5.0,7071,19,5,1,4
1,2,300,4.0,2179,7,3,0,20
1,5,1000,4.7,189,38,2,0,6
1,3,600,4.2,9199,29,3,0,21
3,1,600,4.7,8482,34,1,3,2
2,1,300,3.5,2034,49,4,0,26
1,0,600,5.0,2908,2,2,1,17
6,7,600,4.2,4024,25,1,0,2
5,6,1000,4.0,8303,43,5,3,16
4,7,900,4.2,8403,23,3,1,25
1,0,1000,3.5,4496,43,0,2,1
3,4,300,4.5,6352,4,3,0,2
2,3,400,4.0,6404,18,3,3,22
5,4,1000,3.5,376,19,4,2,1
5,1,700,5.0,9732,42,3,1,0
0,1,600,4.2,1102,47,1,0,13
1,0,900,4.0,937,5,5,0,8
5,1,700,4.0,4410,28,2,0,24
6,4,900,4.7,7634,38,3,0,18
5,4,600,5.0,652,6,5,3,20
3,1,100,4.5,4037,43,5,2,24
6,2,700,3.0,7160,26,2,0,8
0,7,300,3.0,4910,35,3,1,9
3,0,900,4.7,9197,31,2,2,20
5,5,600,5.0,6960,20,4,3,21
2,0,1000,4.7,2904,39,4,0,9
0,5,200,5.0,3870,48,1,1,10
0,4,400,4.5,7295,49,4,1,17
4,2,700,3.0,8671,4,2,1,18
0,6,900,4.5,4814,16,4,3,19
0,6,500,4.7,2273,29,3,1,11
0,2,300,4.2,6336,4,5,3,8
1,3,300,3.0,6073,24,3,0,2
1,3,500,3.5,694,27,4,0,1
4,7,200,4.7,5310,33,5,1,25
6,1,100,4.2,2623,11,1,3,11
4,1,400,3.5,1267,36,4,3,21
2,7,100,4.7,7076,29,5,3,25
5,6,400,4.7,8207,2,2,0,0
2,5,300,4.0,4999,10,1,0,25
4,2,300,4.7,3431,17,3,2,8
6,0,500,5.0,2073,32,2,2,1
0,7,500,4.5,4770,49,0,1,17
4,3,1000,3.5,2442,36,2,1,19
0,1,200,3.5,3793,31,2,3,16
3,6,200,4.7,8320,26,3,0,1
4,1,1000,4.5,8274,28,4,0,13
0,1,200,4.2,3447,17,5,0,18
6,1,700,3.0,8147,20,5,1,18
4,6,100,3.0,1536,30,4,2,10
4,3,600,3.0,541,19,4,0,14
0,7,100,3.0,6350,3,4,3,11
2,2,900,4.2,8271,22,3,2,19
2,2,200,3.5,8622,35,1,2,22
1,7,200,4.7,9545,30,3,0,19
2,5,100,4.7,3422,14,5,2,2
4,4,1000,5.0,6515,35,3,0,21
5,6,700,3.5,3060,21,4,0,8
1,5,200,4.7,7529,16,4,1,25
5,4,500,4.7,5157,19,2,3,4
4,0,600,5.0,7053,28,2,0,26
0,0,500,4.0,6176,44,0,1,9
4,7,300,4.2,6858,41,5,3,20
5,6,1000,4.7,9291,14,4,3,0
3,2,500,4.0,7523,20,2,0,3
4,3,100,3.5,6895,32,4,0,9
2,6,600,4.0,4586,20,5,2,25
4,6,600,5.0,3870,42,1,1,14
0,1,400,4.7,5293,32,4,0,26
0,7,600,4.2,5977,32,4,2,21
2,3,200,4.2,3115,19,5,3,10
3,0,1000,4.0,9850,5,5,2,22
0,3,300,4.0,8273,20,4,3,17
4,0,400,4.7,369,14,2,1,17
1,1,400,4.2,7210,2,3,3,6
6,7,400,4.2,246,22,0,0,17
2,1,400,4.0,1903,10,0,3,9
0,0,700,3.0,8685,36,1,1,5
2,2,400,4.0,341,37,4,1,19
2,5,400,4.7,8675,12,1,0,8
6,1,100,4.2,6569,19,2,2,6
4,6,500,4.0,3030,0,5,1,6
4,5,800,5.0,2371,36,2,1,19
6,2,100,4.7,264,21,3,1,13
2,0,700,4.2,3285,34,3,0,9
3,3,200,3.0,9666,45,4,0,2
1,6,700,4.0,9103,44,5,0,13
0,0,900,3.5,2323,33,5,3,2
5,2,600,3.5,5679,34,3,2,2
0,0,300,4.5,5297,0,1,3,10
1,3,800,3.5,1760,22,4,3,25
6,5,700,4.5,9937,28,3,1,23
5,7,300,3.0,3247,44,1,2,21
6,3,1000,4.2,9082,47,0,2,17
5,0,300,4.0,105,33,2,0,2
3,4,400,4.2,4046,13,3,2,14
3,1,900,4.2,3352,15,5,2,1
5,5,400,4.5,7706,10,0,3,17
0,6,900,3.0,4527,27,0,3,1
4,6,500,4.0,2976,44,5,3,2
4,5,300,4.7,7494,19,1,1,3
1,7,400,4.7,8672,39,5,1,1
1,7,500,3.0,3921,15,5,3,26
3,0,100,4.0,4017,18,1,2,18
3,3,100,4.2,5893,5,0,0,22
6,4,600,3.5,3196,20,3,1,18
3,5,600,5.0,8160,1,1,0,21
3,7,700,4.0,9632,40,0,3,20
6,7,900,3.5,5291,42,4,3,6
4,0,100,4.2,7022,36,2,1,19
3,7,100,5.0,2251,38,1,0,21
5,2,100,4.7,5829,26,0,0,13
6,0,900,4.0,5188,12,4,0,2
6,3,400,4.0,1464,6,2,3,12
5,4,100,3.5,5921,39,4,1,0
2,7,100,5.0,7857,35,5,0,20
0,0,800,5.0,5301,10,1,1,15
6,4,400,5.0,7394,11,0,0,21
1,4,100,5.0,4620,39,3,3,11
3,6,500,4.5,7883,18,1,2,2
3,5,1000,4.7,1061,40,2,3,2
0,5,100,3.0,1965,25,1,2,19
0,3,200,3.5,5399,12,5,1,0
0,1,100,3.5,5372,26,5,0,8
1,7,900,3.0,3290,23,3,2,17
4,3,200,4.0,8256,19,5,0,9
5,5,300,3.0,4129,22,5,0,6
3,0,700,3.0,6515,29,5,3,4
4,2,200,4.7,600,39,1,3,14
0,3,1000,4.5,1500,9,4,3,26
5,2,400,5.0,4249,20,4,3,20
5,3,700,5.0,8354,8,4,1,22
6,2,500,4.2,9757,35,4,1,12
2,5,400,3.5,7354,26,3,2,1
5,3,700,3.0,7578,10,4,1,25
2,1,700,4.5,3543,35,0,1,12
3,5,200,4.5,211,12,3,1,4
4,7,500,4.5,402,23,1,1,0
0,6,900,3.5,9680,38,2,0,3
5,3,200,4.2,3808,10,5,3,12
2,5,500,5.0,8142,44,4,1,0
6,1,500,3.0,1068,25,0,2,17
3,6,900,4.5,2249,42,2,0,18
1,2,800,3.0,4243,19,1,3,2
1,7,300,4.7,284,16,4,1,10
1,3,500,3.5,3705,27,3,0,4
2,0,1000,4.2,2962,20,3,3,6
3,5,100,3.0,8176,1,1,3,3
4,7,300,4.2,1308,44,1,0,24
1,1,600,4.0,5108,19,5,2,5
3,3,500,3.5,4427,38,4,0,13
2,1,900,4.7,1161,44,0,1,2
4,3,500,4.2,9930,11,4,1,17
4,0,400,4.0,1760,11,3,0,19
1,5,300,3.0,132,26,0,3,11
1,2,300,3.5,4491,15,4,1,18
0,6,200,3.5,2104,22,0,2,3
4,0,900,3.0,1107,12,2,3,25
2,0,200,3.5,8920,3,0,1,0
2,3,400,4.2,9617,23,0,2,6
1,6,100,4.2,723,41,2,1,12
1,4,400,4.5,4709,15,1,0,18
4,4,700,3.0,478,48,2,3,4
2,0,400,4.2,6183,37,0,3,6
3,1,600,5.0,3324,5,4,0,22
4,6,900,3.0,5377,35,4,1,22
4,7,900,3.5,8545,23,4,1,17
2,4,1000,5.0,595,25,4,2,13
2,3,600,5.0,3376,26,4,0,2
0,4,500,4.2,1029,21,5,2,18
0,7,800,4.0,833,44,1,2,21
1,7,200,3.5,1777,48,5,2,0
6,1,200,4.0,7845,20,5,2,23
5,6,400,4.7,8170,11,0,3,9
3,7,500,5.0,6276,46,5,1,20
4,3,200,5.0,1303,36,2,0,25
2,5,500,3.0,8648,20,2,2,3
3,1,100,4.5,331,22,0,2,19
3,3,700,4.7,6193,21,1,0,8
1,7,600,4.2,9341,25,0,3,2
3,3,400,3.0,7643,6,1,3,20
5,2,600,4.0,3655,46,3,1,24
1,6,700,3.0,6774,42,5,3,16
2,0,100,5.0,3781,32,4,0,13
0,2,300,4.7,4680,7,0,2,20
5,6,600,3.0,7440,36,2,3,0
4,6,900,4.7,7529,37,4,3,22
3,4,700,3.0,4068,41,5,0,0
0,3,1000,5.0,1534,21,3,3,15
4,0,600,4.2,4308,42,0,0,18
6,0,500,5.0,6062,31,2,1,17
5,7,900,3.5,387,3,1,0,13
6,7,800,3.5,1802,24,5,1,6
0,5,400,3.0,9617,7,3,3,18
2,2,900,4.2,7150,35,3,2,24
3,4,600,4.5,3560,19,1,1,4
2,1,400,4.5,4074,1,0,3,11
5,2,200,4.2,8750,44,0,3,25
1,4,600,4.5,5091,10,3,3,12
1,1,500,4.5,322,9,0,2,11
0,2,600,4.2,8893,36,4,0,4
5,6,1000,4.2,7721,6,5,1,18
6,1,700,5.0,2596,22,4,0,26
3,6,400,4.0,90,33,5,1,25
4,2,200,3.0,2396,48,5,2,7
5,1,300,4.0,7063,27,5,2,26
2,1,200,4.7,4410,11,0,3,20
1,2,800,4.7,4859,31,3,2,13
1,3,900,4.2,1499,8,0,0,13
3,0,500,4.5,2945,48,5,0,18
1,0,700,5.0,9248,18,3,2,16
5,3,500,4.0,6755,39,1,0,7
2,1,700,5.0,9049,14,1,0,13
2,5,400,3.0,8580,27,0,1,16
3,0,500,4.0,3428,14,3,2,25
5,3,100,5.0,6771,28,2,2,4
2,5,200,3.0,8157,25,1,2,12
3,5,400,3.0,5892,28,3,1,11
4,6,300,4.0,7755,31,2,1,25
1,2,900,3.5,1369,24,1,0,12
2,7,900,3.0,5985,12,1,2,26
5,4,400,3.5,2529,42,3,2,20
3,7,900,4.7,8898,25,1,3,3
5,3,700,5.0,7806,22,4,2,10
6,2,300,4.0,7507,29,2,1,24
2,4,600,5.0,5172,26,3,0,0
1,6,600,3.0,1529,31,3,2,9
5,3,1000,4.5,2601,36,0,2,14
6,5,400,3.0,2303,22,1,0,18
5,0,600,3.0,7745,48,3,0,14
3,0,700,4.7,6031,32,4,3,1
1,5,400,5.0,3369,22,4,1,18
3,1,200,3.0,3298,29,5,0,2
1,2,800,3.5,9647,29,1,1,16
2,6,100,4.7,3029,42,3,0,18
5,7,600,3.5,1579,5,5,3,18
2,4,600,4.2,7212,26,2,0,15
5,3,700,3.5,3732,16,4,1,23
4,7,100,3.0,6936,49,2,2,6
4,4,100,4.5,5056,4,4,1,3
5,4,800,3.5,6975,33,3,0,9
2,3,300,5.0,9279,24,4,1,26
5,5,900,5.0,2826,32,2,0,1
1,5,200,3.0,4734,27,4,1,2
0,3,1000,4.2,5455,3,1,0,10
3,7,700,4.2,5831,6,5,1,10
2,2,400,5.0,1717,9,1,2,3
2,6,1000,4.7,4962,5,2,1,4
4,5,900,3.0,5203,1,3,1,0
1,5,300,4.7,480,41,4,0,6
1,1,900,4.0,8842,9,5,0,22
0,7,700,5.0,4089,17,0,1,10
3,1,700,4.0,1246,16,5,3,1
0,7,200,4.0,6575,20,4,1,26
3,7,700,4.5,4687,44,2,0,21
0,0,1000,3.0,6537,5,4,3,22
1,4,700,4.2,516,29,0,3,8
5,0,200,3.5,9250,11,0,0,2
0,1,600,3.5,56,46,0,3,12
1,7,500,3.0,4509,41,5,1,9
0,1,900,4.5,2966,46,3,2,20
6,0,800,4.0,7746,6,5,2,9
4,1,200,4.2,5528,2,2,0,3
2,1,100,5.0,1805,43,0,2,12
5,2,200,4.5,7320,19,5,1,12
0,3,100,4.5,8038,19,0,2,13
2,7,800,3.0,7410,13,3,1,25
3,0,900,4.5,700,32,2,3,23
4,6,600,5.0,8706,43,0,2,25
3,0,500,5.0,8626,13,1,0,20
1,6,800,4.7,6637,28,4,0,12
5,5,800,4.7,6386,15,5,3,22
0,7,200,3.0,1001,36,5,0,9
6,0,600,4.0,5985,27,1,2,17
1,5,600,3.5,4401,33,1,0,15
3,1,400,4.0,472,32,5,2,17
6,7,600,5.0,7725,23,4,1,0
2,7,700,5.0,268,13,5,1,1
4,4,400,4.0,6173,0,0,3,22
5,6,300,4.2,7199,11,3,2,12
2,2,300,4.7,876,1,0,2,9
6,1,100,4.2,1020,31,1,0,1
5,2,100,4.2,9202,27,0,0,21
0,6,400,5.0,6287,35,1,0,0
6,3,1000,4.0,2940,39,3,0,26
6,4,100,4.2,1070,35,3,2,14
0,1,900,4.0,4300,34,1,3,26
6,5,500,4.5,3010,12,5,1,9
3,7,400,5.0,1280,49,1,0,6
4,6,300,5.0,7710,30,0,3,20
1,6,300,4.5,1917,8,0,1,4
4,3,600,4.0,3023,33,0,0,9
4,5,300,4.7,382,44,1,0,18
0,3,100,5.0,348,5,4,1,17
4,4,400,4.7,409,27,1,3,20
6,5,200,4.5,7155,42,2,1,10
6,7,200,3.5,2913,4,0,2,0
4,7,400,4.2,8748,46,0,3,9
3,7,400,4.5,2617,3,1,0,18
6,1,300,3.0,6548,14,0,3,24
2,4,1000,3.5,8476,31,5,2,22
5,7,900,3.5,2248,1,2,2,7
1,7,100,4.7,4629,36,3,3,20
3,7,700,4.0,3765,10,3,3,6
6,7,300,3.5,5367,9,4,3,18
2,5,100,5.0,6931,10,1,2,13
3,4,800,4.5,4449,0,3,3,9
1,4,700,3.5,6923,35,0,3,7
5,0,300,4.5,2403,11,4,0,13
2,2,800,4.0,2720,9,3,0,26
4,1,200,4.5,9951,13,5,3,0
4,7,700,4.0,7685,12,5,2,2
6,5,600,5.0,423,3,0,0,1
0,2,900,3.0,4104,5,5,3,20
4,1,100,5.0,8224,10,0,2,21
3,0,500,4.5,4795,40,3,2,6
5,6,800,4.7,8255,36,1,0,17
1,2,100,3.5,3277,17,5,3,1
3,5,400,4.0,1551,2,4,0,13
5,1,800,3.0,4011,42,4,1,9
0,4,400,4.2,7949,48,0,2,4
0,4,900,5.0,4898,43,5,3,23
4,5,600,3.5,427,35,3,1,18
0,0,600,5.0,203,36,0,0,14
4,2,500,5.0,3340,30,0,1,10
2,1,800,4.5,5313,29,0,3,25
1,0,100,4.5,3933,2,1,1,6
3,4,700,4.5,7671,19,5,2,20
5,1,200,4.0,1374,23,5,3,14
1,2,700,4.7,1009,4,4,0,4
5,5,100,5.0,3575,48,2,2,4
0,3,700,3.0,5451,49,5,0,13
3,2,700,4.2,189,3,4,1,9
4,7,500,3.0,347,9,4,3,17
2,4,300,3.0,2683,18,1,1,9
5,2,300,3.5,7669,24,5,0,9
2,7,900,4.0,6198,0,5,1,3
4,4,800,4.2,8396,44,0,3,8
2,1,900,4.2,1911,30,4,1,5
2,7,700,3.5,4071,16,3,3,8
5,3,100,4.2,8319,6,2,0,23
1,1,200,4.0,4597,31,0,1,2
3,0,300,3.0,9109,40,2,1,19
0,7,100,4.5,6615,27,5,3,21
3,0,1000,4.7,542,15,0,3,11
6,6,700,3.5,4621,14,1,0,4
6,1,700,4.7,868,33,5,3,20
1,2,300,3.0,6893,3,5,2,17
4,6,200,3.0,250,36,1,2,10
6,4,300,3.5,4563,17,1,0,24
6,6,800,4.7,8868,38,4,2,8
0,5,400,5.0,1743,45,1,3,6
2,5,200,3.0,1813,33,3,3,2
0,2,600,5.0,1660,18,5,3,14
4,3,600,3.0,4197,8,2,2,6
4,4,600,3.0,5530,25,3,2,12
1,6,800,4.7,8699,46,3,1,25
1,6,400,4.7,4127,47,4,2,13
0,1,200,4.2,6419,18,0,0,6
5,2,1000,4.0,6541,41,1,3,2
5,6,1000,3.5,7636,38,1,0,14
3,5,300,4.2,3491,8,5,1,8
3,6,700,3.0,293,26,0,3,13
3,6,300,4.7,6390,7,1,1,19
3,1,100,4.5,1426,17,4,1,2
0,3,100,5.0,361,47,5,3,14
1,5,500,4.2,1171,36,2,1,2
4,2,400,4.5,2232,43,1,3,22
5,6,600,3.0,5369,24,3,3,2
0,7,200,4.2,6083,2,5,2,21
0,4,1000,4.7,3375,20,4,3,0
4,4,1000,4.2,2716,11,3,0,10
2,7,500,4.2,6518,33,1,0,25
0,2,500,4.0,2193,14,0,0,19
4,1,800,3.0,7672,19,4,2,17
0,5,500,4.0,1259,21,0,0,26
1,6,700,5.0,5401,37,1,2,13
0,3,200,5.0,2256,29,0,2,9
6,7,100,4.0,4360,3,1,2,17
6,6,700,3.0,2287,6,1,2,21
2,1,500,4.5,2721,5,4,1,3
6,1,300,3.5,1048,43,1,0,14
6,4,900,4.2,5087,18,1,3,14
2,6,600,4.5,5505,15,0,3,24
2,4,600,3.0,796,18,4,2,0
2,7,300,3.5,8628,15,2,1,25
3,0,400,4.2,4396,1,4,1,25
0,4,900,5.0,9628,14,4,2,11
6,7,200,4.0,2359,39,3,2,18
5,2,100,5.0,8603,8,3,1,7
1,3,400,5.0,2149,14,0,0,19
0,5,600,5.0,625,27,2,1,6
6,0,600,3.0,87,2,3,3,21
6,6,300,4.7,4820,15,5,2,6
0,6,700,4.7,4418,2,5,0,15
4,6,500,4.7,136,47,2,1,4
4,7,600,3.5,2322,49,2,3,20
6,0,200,3.0,5977,23,5,2,20
5,7,400,3.0,6295,35,5,0,18
5,0,1000,4.2,2963,49,5,1,18
0,7,500,3.5,3724,15,1,1,14
0,2,900,4.2,9562,4,1,0,1
4,4,700,5.0,279,26,3,3,9
0,6,400,4.0,8742,21,4,2,25
0,3,200,4.7,5080,27,1,3,1
0,4,800,3.0,7624,34,0,3,11
1,5,400,4.2,8448,21,5,1,4
2,2,600,5.0,1881,39,4,1,3
5,6,600,4.2,514,34,1,1,19
4,6,600,5.0,9873,42,0,2,4
0,3,100,4.0,3132,25,4,1,7
6,2,500,4.5,6664,27,5,1,26
0,7,200,4.0,3382,43,3,2,2
6,4,300,5.0,1502,29,3,2,1
4,2,1000,3.0,5462,12,3,0,10
1,5,300,4.2,8077,46,4,1,23
5,5,200,3.0,4055,36,5,2,9
0,0,500,4.2,7306,0,4,3,21
0,2,900,5.0,600,11,1,2,0
3,4,1000,4.0,3750,6,1,3,17
3,4,700,5.0,9392,10,2,2,21
3,7,300,5.0,8635,1,5,1,13
5,1,300,4.2,539,16,5,0,8
4,4,900,5.0,716,48,1,0,6
0,7,300,4.7,5854,29,2,0,6
4,0,300,4.5,3636,31,0,2,23
6,2,400,3.5,694,37,3,2,13
5,7,300,4.5,3546,5,0,1,10
5,5,600,4.2,736,31,2,1,17
1,4,900,3.5,3148,37,5,2,4
3,0,1000,4.2,543,28,1,0,6
5,0,200,4.2,8906,12,3,3,10
3,1,500,4.2,4592,26,1,0,21
2,1,500,5.0,9663,9,2,2,8
3,0,600,3.0,7754,30,4,1,21
3,2,200,4.5,3925,41,2,3,2
0,0,1000,4.2,8493,6,5,3,24
3,2,300,4.0,2927,49,0,2,1
4,1,300,4.2,9161,0,3,3,18
4,0,100,4.0,1995,4,1,2,0
4,5,300,5.0,5078,11,1,3,17
5,7,800,5.0,5822,46,1,3,6
6,5,100,4.2,3762,16,5,0,20
4,5,900,5.0,1862,35,3,3,3
4,3,100,3.0,2723,43,1,2,3
5,1,300,3.5,1775,40,3,1,17
0,3,800,4.7,1455,31,1,1,18
2,7,200,4.5,9669,36,5,2,19
1,5,700,4.2,5786,1,3,1,13
4,1,700,4.2,5184,2,0,2,14
4,4,200,3.0,6373,45,4,0,9
0,4,300,3.5,3768,27,5,1,18
1,3,100,4.2,407,26,0,0,1
3,0,200,4.2,3510,5,0,1,18
1,3,400,4.5,7296,6,1,3,18
4,4,900,4.7,8196,36,1,1,20
6,5,700,3.0,9159,32,3,3,12
5,3,1000,4.7,8395,0,2,1,9
5,4,600,4.7,9122,19,2,1,1
2,1,200,4.2,6271,28,5,2,15
2,2,300,4.2,7372,10,3,3,19
3,5,700,4.2,8349,34,1,0,12
0,7,500,5.0,6266,18,1,3,21
3,3,200,3.5,1592,40,0,1,10
6,1,700,3.5,1608,9,2,0,11
5,4,600,4.2,4612,25,5,1,18
2,7,200,4.7,5295,47,0,1,22
5,0,300,5.0,4505,35,1,0,18
6,4,300,5.0,5944,17,5,2,19
4,4,1000,4.2,8207,29,0,2,3
4,5,400,4.2,190,0,3,2,8
5,4,800,4.7,5510,32,1,1,0
2,5,900,3.5,7015,29,2,1,2
3,5,200,3.0,1630,42,3,3,9
3,1,500,4.7,7679,27,4,2,17
6,3,500,4.5,9383,13,2,2,20
1,1,500,4.7,9062,15,3,1,22
2,7,700,4.0,8701,25,2,2,25
0,1,300,3.5,6526,6,0,2,1
4,5,800,4.5,5809,9,5,2,13
3,0,1000,3.5,4279,30,1,1,3
1,0,800,3.5,4276,0,3,3,0
5,5,400,3.5,8308,18,4,0,10
5,6,500,3.5,7738,1,1,2,9
5,0,900,4.0,7064,44,1,1,18
5,1,1000,3.0,7579,18,1,3,9
0,5,300,3.5,1174,12,5,2,11
6,7,600,3.0,8015,4,1,2,25
1,2,500,4.7,7075,18,3,0,6
5,1,300,4.7,5206,36,2,0,16
5,4,800,4.0,8250,46,0,2,16
1,7,700,4.7,4160,43,0,2,2
5,0,400,4.2,7756,38,1,0,20
5,2,200,5.0,3839,27,3,0,0
5,5,600,3.5,5968,34,5,2,9
5,1,500,3.0,5229,26,0,2,9
4,2,500,3.5,9819,45,2,0,9
5,3,1000,3.0,1133,10,1,1,6
4,4,600,4.7,1572,43,2,2,21
4,5,300,5.0,2435,20,5,2,20
6,7,200,4.0,4754,48,4,1,19
2,1,800,3.0,740,46,3,0,18
4,3,400,3.5,9856,31,2,1,6
6,4,300,3.0,7199,3,5,0,12
5,4,100,5.0,6712,23,0,0,1
3,0,200,3.0,9493,7,5,0,14
6,1,700,4.2,7377,5,4,3,6
4,6,1000,4.0,1411,49,4,2,25
0,2,300,4.7,7601,8,0,2,13
0,5,800,4.7,1639,12,0,1,23
1,4,700,4.7,2425,45,4,2,2
6,7,300,3.5,4267,25,5,3,2
2,6,500,4.5,2696,34,1,2,21
6,0,700,3.5,1644,16,3,0,24
3,6,100,3.0,8181,44,1,3,24
2,2,600,4.2,5703,37,0,0,2
2,3,300,5.0,3911,22,5,1,19
6,1,900,4.7,2487,46,1,1,6
2,5,500,4.0,7072,1,1,2,3
2,5,300,4.0,900,21,4,3,5
6,2,1000,4.2,6931,9,1,3,8
4,1,100,5.0,7896,9,1,2,19
4,5,400,4.0,8751,3,2,1,18
5,1,300,4.0,7565,29,1,3,18
4,4,500,4.0,6931,44,2,3,10
5,2,100,4.7,903,21,0,3,20
0,0,700,4.5,5046,13,5,1,6
4,5,200,4.2,3973,45,4,0,5
5,0,500,4.0,8202,11,5,3,0
3,6,800,4.5,2628,14,5,1,26
3,2,300,4.7,6425,13,0,2,7
4,2,100,4.5,1227,17,1,3,5
6,1,300,4.7,4228,46,0,3,17
4,0,500,4.0,7668,29,1,3,6
3,3,200,4.5,3546,20,4,3,6
0,7,400,3.0,9320,12,1,1,11
6,4,800,4.0,2692,29,5,3,0
3,1,100,4.0,7036,25,5,1,2
4,1,300,5.0,2604,31,0,1,20
4,3,100,4.5,8499,4,3,3,19
5,1,1000,3.0,2179,42,2,3,24
2,4,800,4.2,3010,3,5,1,2
5,3,1000,4.7,8885,45,0,2,19
3,7,100,5.0,9757,29,1,1,21
4,4,100,5.0,5911,32,0,2,21
4,4,100,5.0,8235,41,3,3,8
4,4,500,3.5,6956,11,4,2,13
3,2,500,3.0,3939,39,0,3,1
4,6,800,4.7,3746,40,3,1,8
4,4,600,4.0,6604,46,0,1,2
6,1,200,4.2,5880,11,5,3,11
1,2,200,3.0,2126,5,0,2,9
3,1,300,3.0,4474,25,4,0,22
0,4,200,3.5,497,33,1,3,12
1,6,300,4.2,9923,7,1,3,6
5,1,100,4.2,2747,31,0,3,6
3,1,500,3.0,2702,43,4,3,3
6,3,1000,4.2,2444,32,3,0,18
1,0,800,4.2,7521,8,1,1,4
6,6,900,4.7,7135,47,4,3,12
1,4,200,4.0,8210,22,1,3,25
0,0,400,3.5,4199,1,4,1,18
6,4,1000,4.7,2830,26,0,1,18
3,5,300,3.0,1221,44,0,2,21
0,1,200,3.0,9468,20,5,3,19
2,1,100,4.2,8412,31,0,2,19
0,0,500,4.7,4087,27,0,3,5
6,5,700,4.0,6768,30,0,2,25
4,1,600,4.5,8810,17,1,1,1
0,4,700,4.5,6984,34,4,3,13
2,6,200,4.7,8137,20,5,3,19
0,3,700,3.5,820,18,5,3,9
3,1,300,4.5,4252,8,3,3,5
2,7,1000,4.7,8740,21,4,3,17
5,6,100,4.0,7067,39,0,2,13
5,6,1000,3.0,8382,28,5,3,25
3,7,100,4.2,9228,36,2,0,4
1,5,500,4.0,7461,38,5,3,21
0,5,900,4.7,5669,46,3,1,13
5,0,900,4.0,363,40,5,3,17
6,0,800,3.0,1501,14,3,0,11
5,2,200,4.0,1980,0,2,0,1
6,2,200,3.0,4224,6,4,3,1
3,1,100,5.0,5544,22,4,3,4
0,5,900,4.2,6986,35,5,2,25
0,4,900,3.5,2201,8,5,2,10
2,5,100,3.5,4663,30,1,3,7
3,2,800,3.5,8047,0,1,1,24
5,0,200,4.0,4589,46,4,3,9
4,4,300,4.5,2009,7,4,3,18
5,4,800,4.7,3919,47,2,3,26
5,0,100,3.5,5963,30,4,2,13
4,2,1000,4.2,5575,23,1,1,25
4,0,100,4.5,593,49,0,1,15
2,5,300,4.5,3236,49,2,1,9
5,2,600,4.2,8144,49,5,1,24
5,7,400,4.5,7434,42,5,3,15
3,5,100,4.5,4271,42,5,1,20
1,4,900,3.5,5030,25,3,1,22
6,7,300,4.0,8165,17,4,0,21
6,1,500,4.0,9748,34,5,0,18
1,2,500,4.0,7733,1,0,3,6
2,1,700,3.5,864,4,3,2,26
3,7,1000,4.0,8949,22,0,3,18
1,5,400,4.5,740,11,5,2,4
0,7,600,3.0,8465,8,2,1,9
6,6,600,3.0,6167,25,4,2,17
0,3,100,5.0,1343,13,0,1,15
1,0,300,4.2,8309,31,4,1,4
0,0,300,3.0,3346,23,0,2,18
4,3,500,4.2,6484,33,1,1,9
6,6,700,3.0,8790,28,3,3,9
0,3,500,4.0,4847,0,2,0,10
4,0,500,3.5,4636,35,4,2,1
1,3,200,3.0,7633,46,4,2,25
2,2,1000,3.0,9968,18,5,1,22
0,7,800,4.5,3527,40,3,1,10
0,0,900,4.7,3078,45,4,1,2
5,2,300,4.2,4866,13,5,2,18
6,4,300,4.2,8437,5,0,0,17
1,5,1000,5.0,1755,49,3,0,14
6,4,400,3.0,9654,46,0,0,20
2,6,500,5.0,9068,18,4,3,13
0,1,100,4.7,6963,47,1,3,2
2,6,1000,3.5,3633,7,4,2,4
6,6,600,4.5,188,26,5,0,14
2,5,200,4.7,3778,26,3,3,6
4,1,800,4.0,6084,38,5,1,14
1,0,500,4.2,9570,16,0,3,12
0,1,100,5.0,8145,47,1,2,12
5,5,900,4.2,5115,5,4,3,1
6,7,800,3.0,9421,2,0,3,10
2,4,900,3.0,4981,16,4,2,26
4,4,1000,5.0,4157,18,0,2,2
6,6,400,4.0,8634,16,4,3,9
6,5,200,4.5,5055,40,1,1,13
3,7,500,3.5,5601,31,0,0,23
5,0,700,4.7,6676,17,4,2,2
4,3,300,4.2,2757,18,5,1,13
5,3,100,5.0,2122,36,1,2,0
1,0,300,4.2,6568,5,4,3,25
2,3,900,4.5,6770,31,4,1,16
3,2,400,4.5,7781,10,2,2,10
1,2,500,3.5,5285,17,2,2,15
3,7,100,4.2,8724,12,4,0,23
4,4,700,3.0,7207,37,4,1,9
6,7,400,5.0,2810,46,3,2,23
0,3,200,3.5,6618,10,1,2,23
3,4,300,4.7,5989,21,3,2,25
4,3,700,3.0,4551,18,4,2,11
5,7,1000,4.7,4522,2,1,2,6
1,0,400,5.0,113,39,5,0,6
2,4,900,5.0,7330,8,1,3,13
1,7,200,4.5,4215,47,5,3,9
6,5,800,3.5,66,12,3,1,22
6,7,700,3.5,9650,4,3,0,21
5,1,100,4.5,7386,10,4,3,23
0,4,500,3.0,308,12,5,1,13
4,1,200,3.0,2750,2,5,2,23
6,4,800,4.5,8847,16,5,2,21
3,2,900,4.5,6496,10,0,2,10
5,5,700,4.7,2366,4,1,2,10
1,0,900,5.0,3301,38,4,3,1
6,7,500,3.5,8697,19,4,2,1
2,4,100,4.2,5391,30,5,3,9
6,3,1000,4.2,1987,27,4,2,17
0,1,100,3.5,7581,17,5,2,21
6,2,300,3.0,3287,21,1,2,9
3,2,400,4.7,2412,28,2,3,6
0,5,500,4.7,6966,4,1,1,0
0,5,100,5.0,8950,19,0,2,9
2,0,100,4.7,387,49,4,3,25
4,6,700,4.2,337,3,1,1,13
1,4,300,3.5,9515,40,3,2,18
3,7,100,4.7,9717,1,5,2,21
6,4,700,4.7,7081,27,0,0,11
4,2,600,5.0,7636,32,3,3,16
2,0,500,4.5,1618,7,3,0,12
5,0,100,4.2,4519,6,0,3,19
2,4,800,4.7,1242,27,5,3,8
5,0,100,3.5,3430,39,5,0,7
2,7,500,4.0,1734,4,0,2,15
3,2,1000,4.0,3588,39,0,2,12
2,0,400,4.7,2103,20,0,3,4
0,1,400,4.0,7079,37,0,0,4
0,1,300,5.0,1415,47,2,1,15
5,4,700,4.5,5047,42,4,2,5
6,7,500,3.5,3606,47,2,3,8
4,5,600,3.0,3002,23,0,1,24
5,4,100,4.2,5740,38,4,1,21
2,4,500,5.0,4920,6,3,3,1
0,6,500,4.0,231,23,1,0,6
0,5,800,4.0,5506,6,4,0,15
0,0,300,3.5,2271,2,2,1,12
3,0,500,3.0,7474,3,0,2,10
3,0,200,4.2,6195,3,2,3,14
1,4,800,4.7,9309,13,0,2,18
0,6,700,3.0,3374,6,1,2,10
2,6,700,4.5,7891,23,0,1,14
3,1,900,5.0,1953,20,4,1,18
0,5,1000,4.5,4396,31,0,1,5
4,6,400,4.7,9413,21,3,2,18
2,4,800,5.0,6169,7,4,3,12
1,5,200,4.2,7020,40,3,2,21
5,0,900,4.5,2290,5,3,0,4
0,5,800,3.0,8766,15,2,2,26
2,6,500,3.5,1539,47,1,0,8
4,2,300,4.2,3929,42,4,1,20
5,0,200,4.2,8946,43,5,1,2
3,2,600,4.2,4125,22,4,0,20
0,1,400,4.5,9765,32,5,0,10
0,0,400,3.5,3096,20,0,2,2
0,6,500,4.2,2115,16,0,2,21
2,5,800,4.5,9662,39,4,0,13
0,3,700,4.2,9187,14,5,3,14
1,0,300,4.2,2508,21,4,0,9
5,3,800,4.5,9997,40,1,0,6
0,2,200,4.7,1153,28,2,3,23
4,4,700,4.2,6765,6,3,3,2
0,2,100,4.0,3005,22,2,1,3
2,7,100,3.5,6573,47,3,0,23
1,3,700,3.5,4243,29,4,2,9
0,2,300,4.7,710,31,1,3,18
2,4,400,4.5,8286,5,1,1,7
3,6,300,4.0,3474,6,4,3,14
1,6,200,4.5,9288,25,2,0,23
0,0,400,4.7,5739,37,5,2,18
3,1,100,4.2,5071,7,2,2,9
2,7,900,4.5,7562,5,0,0,13
3,3,800,3.0,7703,47,4,1,21
2,0,200,5.0,834,24,4,1,0
5,6,100,4.7,1376,24,3,1,17
0,5,300,4.2,6718,49,4,1,6
6,2,300,4.5,2649,38,1,1,16
4,6,400,4.2,1188,21,0,0,5
1,7,100,4.2,1881,6,4,2,2
2,3,500,4.0,9264,48,1,2,2
3,0,800,4.5,183,27,3,0,23
4,5,900,3.0,9759,2,1,0,3
0,6,200,4.2,5410,43,5,1,19
6,3,300,4.7,6753,16,1,1,8
5,7,700,5.0,8342,45,0,1,3
4,6,900,3.5,554,3,4,1,5
4,7,500,4.7,7183,43,3,3,22
4,2,200,4.5,7907,12,3,2,23
0,1,600,5.0,4978,49,2,2,17
1,7,800,4.7,763,28,1,1,15
2,1,900,4.2,2689,28,0,3,18
3,6,400,4.5,8314,5,3,1,4
4,1,400,4.7,1527,48,4,1,19
4,5,100,4.7,4935,34,5,1,7
1,6,900,5.0,1647,48,1,0,13
2,6,800,4.0,1046,7,2,2,5
6,7,300,5.0,9633,5,0,0,0
6,1,500,5.0,3959,4,1,2,15
0,7,1000,3.5,8257,31,4,3,21
2,2,300,3.5,6805,35,2,0,8
2,4,200,4.0,1725,31,1,2,2
1,6,1000,4.2,1688,4,5,1,9
2,5,500,4.5,4595,30,3,2,8
1,7,100,4.0,7607,13,2,3,6
2,0,400,5.0,5519,18,2,2,24
0,7,400,4.2,1040,29,2,1,17
4,4,500,5.0,7576,17,2,2,25
1,6,700,4.5,5154,12,3,3,20
5,5,600,4.5,5381,39,5,0,21
4,3,200,5.0,689,27,5,1,7
1,0,400,3.0,7873,25,3,0,12
0,0,500,5.0,7586,4,5,0,3
2,7,600,3.5,5144,46,5,1,7
4,7,100,3.5,9457,1,3,3,3
6,3,100,4.0,5271,33,0,0,20
3,2,200,3.5,5253,23,2,1,25
4,5,300,3.0,2510,26,4,0,21
4,4,400,4.2,1013,28,4,0,7
4,6,300,4.2,8916,34,3,2,12
0,4,200,5.0,2737,3,5,2,25
5,1,800,5.0,4565,49,4,1,4
6,6,300,4.5,7449,37,5,3,18
0,6,900,5.0,1353,28,1,1,6
4,5,800,4.0,1138,34,3,0,6
6,3,600,4.7,5873,34,0,0,8
3,3,700,4.5,2982,20,3,1,21
2,0,1000,4.0,9082,39,5,1,14
0,1,200,4.7,4484,32,4,3,20
0,0,900,3.0,4327,18,2,1,23
2,4,400,4.2,1164,23,3,2,5
6,3,100,3.5,7995,41,3,0,20
5,2,1000,3.0,328,11,2,0,3
3,2,900,4.7,3161,49,1,3,4
0,4,900,4.7,4802,12,3,0,2
4,7,100,4.2,6509,6,2,1,14
4,3,300,4.5,8470,15,2,0,18
5,7,700,4.0,4556,40,1,2,12
6,1,100,4.5,4526,48,0,1,18
3,7,100,4.0,4807,31,3,1,19
1,5,600,4.0,9681,6,2,3,6
5,6,300,4.0,6164,46,5,0,18
3,1,100,5.0,7262,27,0,0,5
4,0,100,5.0,2473,20,4,1,11
2,5,200,5.0,5275,5,5,2,18
0,5,200,4.0,9336,36,2,2,6
6,6,1000,4.7,6625,35,1,0,18
5,2,700,4.0,4222,22,0,3,1
3,5,900,3.0,1667,17,0,1,4
1,2,200,4.5,9754,40,3,0,12
0,2,200,4.0,2309,26,5,2,23
5,4,300,4.2,3557,31,4,2,11
1,4,900,4.2,4185,4,2,1,13
1,6,900,4.7,1341,0,3,0,20
2,5,100,3.5,4801,43,4,0,4
4,0,500,4.2,681,34,0,0,9
4,2,700,4.2,3972,2,2,3,2
5,5,900,3.0,6638,3,4,3,8
4,5,900,5.0,9114,33,4,1,2
5,0,500,5.0,6323,39,5,3,10
4,7,900,3.0,7869,28,1,2,0
3,7,700,4.7,2385,21,0,0,18
3,1,700,5.0,5132,0,5,2,21
3,4,1000,4.5,3872,23,1,2,17
0,4,500,4.0,3872,33,3,0,18
5,0,600,3.0,9915,42,3,0,25
6,0,600,4.2,1401,35,1,3,13
0,3,500,4.5,5435,48,1,0,7
2,3,400,3.5,1082,3,3,2,20
4,3,700,3.5,2296,33,3,1,24
4,2,1000,5.0,9339,41,3,1,18
1,1,900,4.0,4374,34,2,2,20
3,1,800,4.0,78,47,0,3,20
1,0,300,5.0,1495,34,5,0,12
4,1,500,4.7,834,25,0,1,22
0,2,600,3.5,8420,46,4,2,9
5,0,600,3.0,530,40,3,0,21
0,6,600,4.2,5185,14,5,0,20
4,4,700,3.0,5540,11,0,1,21
3,6,600,3.0,7996,7,4,3,21
4,1,700,4.7,7580,6,3,1,18
2,7,400,4.0,1568,9,5,0,9
6,4,600,4.2,6759,44,1,0,18
4,5,100,4.0,3899,41,0,2,0
1,4,400,4.5,3226,6,1,1,20
0,0,300,4.7,6366,42,5,3,2
6,3,1000,3.0,2988,16,3,3,12
4,2,400,4.2,1283,29,1,3,17
6,5,800,4.0,6592,11,4,3,3
6,1,600,4.7,6059,19,4,2,4
1,3,200,4.7,4408,42,1,0,11
1,1,400,3.5,7751,43,4,2,6
0,4,200,4.2,2747,31,2,0,7
5,4,100,5.0,2798,24,5,1,6
1,2,800,3.5,2692,29,3,3,11
1,0,200,3.0,9039,37,5,3,21
0,0,200,3.5,117,37,1,2,21
3,1,500,4.0,8826,29,1,2,13
5,1,100,4.7,5645,17,4,1,13
3,7,100,3.5,3882,44,0,1,13
6,6,900,4.2,8942,31,3,0,3
1,3,900,4.2,4018,9,0,1,12
3,4,800,4.7,7842,31,5,3,0
2,3,900,4.7,3707,42,0,3,9
4,0,600,4.0,7511,17,0,2,19
4,4,200,4.2,3995,0,2,0,2
2,2,500,3.0,5862,40,1,0,19
6,3,700,4.0,5737,34,3,1,2
5,1,700,4.5,2337,1,0,2,18
6,2,500,4.0,982,33,2,0,11
5,3,600,4.0,9560,9,3,0,10
0,4,600,4.7,4119,17,1,3,12
6,2,600,4.2,3520,9,3,1,6
3,4,800,3.5,8423,46,2,0,15
6,5,300,5.0,8310,34,1,0,2
4,4,300,5.0,7897,37,2,3,3
0,0,200,3.0,931,47,4,1,6
6,0,600,5.0,8958,44,0,1,4
0,0,400,3.5,6722,48,0,1,0
5,4,500,4.7,3397,33,5,2,1
0,2,900,4.2,7737,21,0,3,26
5,4,400,4.7,2920,23,4,0,6
5,5,500,4.7,6859,35,0,2,18
2,0,600,5.0,5990,5,1,2,16
1,7,800,4.0,6128,13,1,2,1
1,1,700,4.7,9574,43,0,3,0
6,7,800,4.2,6452,31,3,3,25
3,5,800,3.5,4664,41,1,0,2
2,2,1000,4.5,4715,42,1,0,12
0,5,800,4.0,5787,45,1,2,16
6,0,100,4.5,6868,4,1,2,20
5,5,200,4.0,4361,15,5,2,4
3,1,500,5.0,7963,25,4,3,2
1,4,1000,3.5,7003,22,0,1,17
2,1,800,3.5,5091,29,1,0,23
1,3,400,5.0,5240,6,1,1,20
1,2,800,3.0,506,31,5,3,13
4,4,300,4.2,8418,18,0,3,1
4,1,900,4.0,2709,30,4,3,20
5,1,900,3.5,1502,46,4,2,22
1,5,200,4.2,2559,3,3,2,25
5,5,800,4.7,2057,37,0,0,9
5,1,100,4.5,9426,44,3,1,15
1,4,200,3.5,8242,19,1,0,0
2,0,300,4.0,9122,35,5,3,21
2,3,900,3.5,4704,30,4,3,21
1,3,500,3.0,2535,49,5,2,12
4,5,500,4.5,7399,2,3,3,2
5,2,700,4.0,6176,33,1,2,15
1,0,200,3.5,9203,45,1,2,2
6,4,300,5.0,2027,48,1,1,9
2,4,1000,3.5,4298,27,3,2,14
3,4,300,4.5,3152,18,1,2,26
5,4,900,4.7,3388,8,3,0,4
5,0,300,4.5,9928,40,3,1,22
6,4,400,4.5,4853,25,1,2,0
1,2,400,4.0,5161,15,1,0,10
4,3,100,4.5,4883,16,0,2,26
5,5,200,4.7,9366,44,2,3,21
5,2,200,4.7,6501,47,4,3,3
2,3,800,3.0,9200,41,4,0,20
5,2,100,5.0,4650,9,5,3,12
0,3,100,4.0,3476,43,0,0,4
1,4,800,4.7,2075,34,1,0,11
3,7,500,3.5,5922,48,5,3,22
4,0,1000,3.0,7636,28,2,3,2
5,6,800,5.0,8952,41,4,3,8
1,3,400,4.7,948,2,0,0,25
6,3,200,4.7,3144,28,1,1,5
3,4,1000,4.2,9053,45,0,1,16
0,2,500,4.7,3772,44,3,0,20
5,4,500,4.2,8188,26,0,0,25
4,0,500,4.2,7827,21,0,3,20
4,7,100,3.5,1959,40,0,3,6
3,0,700,4.5,8134,48,1,0,18
5,1,1000,4.5,5400,28,0,2,10
5,7,900,3.0,8584,33,5,1,24
4,0,500,4.5,5223,11,2,1,1
5,4,300,4.7,8046,23,3,3,15
1,2,900,4.0,4353,3,1,0,14
1,7,600,3.5,5252,6,2,1,20
2,0,900,3.5,5731,8,4,2,18
3,7,700,4.2,5835,49,4,3,20
2,3,200,4.0,161,23,3,1,21
1,4,1000,5.0,1840,37,1,2,21
4,0,1000,4.2,8170,36,2,3,26
2,3,800,4.7,62,25,3,2,9
1,7,900,4.5,9466,33,3,3,17
0,5,100,3.5,9985,17,3,3,8
5,0,900,4.5,7392,36,4,0,15
4,3,500,4.5,1522,16,1,1,1
0,0,800,5.0,8184,40,5,3,18
0,6,600,4.5,7130,6,0,0,21
2,4,300,4.0,9570,40,5,2,2
1,1,100,5.0,4682,21,4,2,4
1,2,200,4.7,7158,25,0,3,9
4,7,200,4.5,400,44,0,1,21
0,2,800,3.5,633,6,1,0,14
6,0,700,5.0,5123,43,0,1,18
1,0,700,5.0,4647,41,1,1,13
5,3,600,3.0,8167,2,1,0,13
4,1,700,4.5,1468,12,0,1,8
3,2,1000,4.5,6109,21,2,3,14
2,4,900,3.5,8230,35,1,2,11
0,7,600,3.0,5470,42,1,3,4
4,5,600,5.0,9204,44,3,2,5
3,6,400,5.0,9913,38,2,0,10
6,2,900,4.0,3341,37,3,2,23
2,3,600,5.0,3634,25,3,2,10
6,7,800,4.7,2726,20,4,2,25
2,1,500,4.5,382,5,2,1,16
2,1,800,3.5,4886,20,3,2,12
6,5,600,4.5,2593,4,0,3,9
0,4,600,4.2,1369,2,2,1,20
1,2,700,3.5,9562,9,5,3,17
6,1,700,4.2,256,13,0,1,6
6,7,200,3.5,2134,41,0,0,24
4,2,600,3.5,2014,41,4,2,0
3,6,600,5.0,5988,11,5,2,3
4,3,800,4.5,8546,14,0,1,24
0,1,600,4.2,5635,2,3,3,18
4,3,900,4.0,267,42,2,3,12
1,2,100,4.7,7623,43,5,2,24
6,5,500,3.5,7218,0,3,0,19
0,2,100,3.0,1519,6,5,2,22
1,7,1000,4.0,9366,42,5,0,4
0,5,100,3.5,179,7,2,1,22
0,5,500,4.5,6719,11,1,1,0
1,1,300,3.0,9837,45,2,3,25
5,4,200,3.0,6715,8,1,3,9
6,7,200,3.5,4961,23,2,2,8
6,7,800,4.7,7884,20,1,1,2
6,0,200,3.0,5344,40,0,3,23
6,7,800,4.0,202,40,1,2,23
6,4,700,4.0,5089,47,2,2,8
1,5,700,4.0,4271,9,3,0,2
0,6,600,3.5,842,18,3,0,13
6,3,500,5.0,8736,42,3,0,4
6,6,400,4.2,6600,14,5,3,13
4,2,1000,3.0,9560,4,0,0,20
2,2,600,3.0,5791,38,0,0,9
5,4,1000,4.0,4077,22,1,2,2
5,3,600,4.2,135,45,5,2,8
4,5,600,5.0,6678,18,2,3,24
5,6,400,3.5,5673,25,1,0,26
1,6,200,4.5,2657,7,5,1,25
6,1,100,3.5,5503,7,2,3,6
2,7,600,4.5,2364,36,1,2,4
6,1,400,4.0,2429,12,1,1,20
2,4,500,5.0,8131,7,3,1,13
3,0,200,4.7,8886,26,3,2,13
3,4,200,4.0,8238,27,1,3,9
5,6,400,3.5,9014,49,0,3,14
3,7,800,5.0,4318,11,5,0,6
6,1,1000,4.0,4909,21,0,1,26
1,3,1000,3.5,177,9,4,0,1
5,4,1000,4.2,9657,41,2,0,16
5,0,200,4.0,2543,29,2,3,21
6,6,100,3.0,1821,6,0,0,18
2,1,800,5.0,7671,48,3,1,15
3,1,900,4.5,8423,32,3,0,12
6,2,400,3.5,8124,12,3,2,23
6,6,100,4.0,8169,20,1,0,2
6,6,400,3.5,1391,23,3,1,14
4,3,100,4.5,2098,27,5,0,4
1,7,200,5.0,8344,11,3,3,1
0,3,600,5.0,4979,11,1,1,25
4,3,100,4.0,3722,32,4,2,14
1,7,500,3.0,6570,35,4,2,18
3,2,400,5.0,8304,3,1,0,9
5,7,500,4.0,8467,0,0,0,10
0,1,900,5.0,6250,28,2,2,10
3,3,900,3.5,7061,21,5,2,5
3,1,400,4.7,9572,2,3,2,18
6,0,400,4.7,7880,48,5,0,15
3,4,500,3.5,731,31,5,2,4
3,0,600,4.5,4391,22,2,2,11
1,7,600,4.2,2485,8,1,2,8
1,7,300,5.0,233,28,3,3,17
6,3,1000,3.0,2444,49,3,0,24
6,6,200,3.5,8563,8,4,1,1
0,3,300,4.2,8767,38,2,1,1
3,7,300,5.0,5642,41,5,2,0
3,6,900,4.0,5388,27,3,2,12
5,6,800,4.7,7615,27,3,3,2
5,7,1000,4.2,768,15,4,1,14
6,5,1000,3.0,7523,36,0,2,20
2,5,700,4.5,952,29,0,3,2
6,6,600,4.2,1815,32,1,3,3
1,2,700,4.0,3574,39,2,0,14
0,6,500,4.2,7397,16,5,0,1
5,7,600,4.5,4694,3,1,3,1
2,4,100,4.7,4729,43,5,0,11
1,3,1000,3.0,8499,12,2,2,23
0,1,600,4.7,3824,30,5,2,20
2,5,900,4.2,7032,21,2,1,13
0,1,500,4.0,4098,27,3,1,0
0,3,300,4.7,810,38,1,1,8
2,6,200,4.2,635,7,2,1,1
5,4,700,4.2,1469,40,0,3,19
0,0,1000,4.2,5981,24,1,0,4
4,2,800,4.5,2209,28,1,0,0
5,0,100,4.7,9926,1,2,3,25
0,5,700,3.0,1648,28,5,0,18
3,4,600,3.5,4627,29,0,3,21
4,0,900,5.0,5813,28,2,0,26
2,6,800,3.5,8644,2,1,1,0
6,0,200,4.7,2758,49,3,2,13
3,7,700,3.5,4027,47,5,0,0
1,7,500,4.7,9900,19,3,3,14
5,4,100,3.0,1211,30,3,3,18
2,6,800,5.0,7538,12,5,1,21
6,3,900,4.0,7016,11,5,1,14
4,3,400,3.0,131,4,3,1,3
4,0,600,4.7,3433,46,1,0,19
0,3,500,4.7,3473,16,2,3,20
2,1,300,4.2,4965,32,3,3,1
1,1,100,5.0,9323,16,5,1,15
3,1,900,5.0,5929,47,2,0,3
2,5,300,4.5,6860,40,3,3,2
6,1,400,4.2,3520,29,2,2,9
4,6,300,4.2,506,43,2,3,13
6,7,100,4.0,530,3,2,0,21
4,0,200,5.0,2006,37,3,3,10
0,2,300,5.0,9773,9,2,0,6
2,7,200,3.0,4633,18,1,0,7
0,5,200,4.2,2828,29,4,1,5
1,6,100,4.5,8861,5,1,3,6
0,6,100,3.0,961,19,0,1,2
0,0,600,5.0,2306,11,1,3,14
2,2,900,4.0,1774,8,3,3,16
6,6,200,4.5,491,26,2,1,22
3,7,1000,3.5,5990,32,4,1,16
0,6,400,4.5,6659,19,0,2,18
4,3,900,4.5,9197,13,2,3,14
5,3,300,4.2,9605,18,0,0,4
1,7,600,4.5,5518,42,4,1,15
1,0,1000,4.2,9460,23,5,3,19
4,0,300,3.5,4248,33,2,1,1
3,2,800,3.5,6783,39,5,0,20
1,3,200,4.0,5017,14,1,2,20
5,5,400,4.2,6291,26,3,0,8
2,2,600,4.2,6728,2,3,0,18
4,0,700,4.2,1567,38,5,0,25
3,7,100,4.2,414,48,4,0,11
4,6,300,4.7,6561,16,3,3,18
0,5,500,5.0,7710,25,1,1,14
2,4,100,4.0,5427,39,3,3,0
2,6,200,3.5,7456,36,4,2,23
4,5,1000,3.0,4510,28,1,2,0
3,6,1000,4.5,6695,45,2,1,2
6,7,700,4.0,265,24,1,3,8
1,2,100,4.0,1909,12,0,3,2
1,4,900,4.7,9134,10,2,2,25
1,6,400,3.0,6778,28,2,1,14
5,4,400,5.0,5810,7,3,3,9
2,1,300,4.5,267,47,2,3,1
4,6,900,4.7,9294,15,2,2,13
4,4,600,5.0,1012,13,0,1,6
2,0,100,5.0,1596,33,0,0,0
6,3,100,4.5,6725,45,4,1,13
6,7,100,3.5,6511,6,5,2,20
6,4,300,4.2,2895,49,0,1,6
1,6,800,4.0,1011,49,2,3,1
1,4,800,4.7,2148,34,2,1,26
0,1,400,3.0,8148,0,1,1,6
2,1,800,4.5,6951,30,2,1,20
5,3,300,4.2,7897,27,0,1,22
4,0,900,4.2,9786,39,0,2,26
1,7,300,3.5,9719,35,4,1,18
4,0,100,4.5,9106,3,2,0,0
1,0,800,3.0,8595,44,0,0,5
6,3,300,5.0,1183,14,0,2,13
3,5,700,5.0,6833,8,0,0,8
3,1,200,4.5,370,15,1,2,14
0,4,100,3.0,8900,3,5,2,8
2,4,400,5.0,1134,23,1,1,12
2,1,400,4.2,1011,20,0,0,13
3,2,900,4.5,890,40,4,0,24
2,0,700,5.0,7124,30,4,0,4
5,0,800,4.5,3203,18,1,1,11
6,5,1000,5.0,8993,35,5,3,5
0,6,600,3.5,1196,27,3,3,7
1,2,500,3.5,7885,3,4,0,8
0,0,300,4.7,8392,46,1,2,10
3,1,100,3.0,2411,48,4,3,8
2,7,100,4.0,9158,14,5,1,2
3,0,700,3.5,9054,23,5,0,12
4,6,600,4.2,4355,30,3,3,6
3,2,200,4.5,889,28,0,3,5
4,0,1000,4.5,4812,32,3,2,0
4,7,300,5.0,5309,17,2,3,21
4,4,100,4.7,7875,1,0,2,4
2,1,800,4.0,786,14,2,2,4
6,6,1000,4.2,688,8,5,0,2
1,5,400,4.7,1630,26,1,1,22
2,1,1000,3.5,4583,15,1,2,19
2,6,700,5.0,5835,5,4,0,22
5,4,500,5.0,1706,13,1,2,26
5,4,100,4.7,969,7,3,3,20
3,7,600,3.5,9465,25,5,2,7
2,6,700,4.0,1710,9,4,2,1
2,1,100,3.5,5046,29,3,0,10
3,6,200,3.5,7971,15,2,1,24
3,3,700,4.7,9439,33,4,2,25
6,0,300,3.5,6370,30,3,0,2
3,0,200,3.5,8651,2,2,3,1
2,1,900,3.5,4217,37,5,0,0
2,5,700,4.7,3832,2,3,1,4
0,0,1000,5.0,8559,27,2,0,13
2,3,300,4.2,6111,3,2,3,21
4,6,800,4.0,841,40,0,2,2
5,2,200,5.0,2392,49,2,2,15
4,2,400,4.0,5264,49,2,0,1
2,5,400,4.5,2448,35,1,2,17
4,0,300,4.0,6263,13,4,0,21
1,5,500,4.7,5144,4,2,2,20
0,0,400,4.2,7387,38,0,3,7
3,7,500,4.7,9057,47,4,3,17
4,2,700,3.0,5631,17,4,2,11
1,6,1000,4.2,9231,44,5,2,17
2,3,500,4.2,7089,33,0,2,16
3,0,700,4.2,8457,26,0,0,10
0,3,700,4.5,3283,7,3,1,2
1,4,1000,4.0,7734,43,0,0,6
0,6,1000,4.2,5851,28,2,0,2
2,2,1000,4.7,6230,8,1,3,20
4,1,600,3.5,3709,12,2,2,7
6,3,900,4.5,7787,0,1,1,24
0,3,700,3.0,9951,35,4,3,19
6,3,1000,5.0,6695,42,0,3,18
0,0,700,4.2,5398,14,3,3,7
5,6,100,4.7,5422,3,2,0,10
4,4,400,4.5,2936,33,4,1,26
3,4,700,5.0,6394,28,5,1,11
0,5,700,4.5,5620,44,0,2,25
3,1,900,3.0,4108,36,2,1,14
3,4,200,4.2,3208,35,3,0,17
5,5,800,4.2,4368,26,2,3,21
6,0,700,4.2,2362,29,1,2,26
4,0,100,4.2,2534,20,2,1,12
4,7,1000,4.5,4691,25,1,3,10
3,4,300,3.0,7291,5,4,0,1
4,5,800,4.2,7994,4,3,0,17
5,5,300,4.7,5330,10,2,3,5
6,1,600,4.7,7740,25,3,0,21
2,6,400,4.2,1463,0,5,1,16
0,5,600,3.0,9247,3,3,0,9
2,1,200,4.2,4722,21,5,1,18
2,3,500,4.7,5876,0,0,1,7
3,0,1000,4.7,9018,39,5,1,21
4,1,700,3.0,2165,12,4,3,13
5,3,600,4.0,1211,19,1,0,21
0,5,500,3.0,9759,15,1,1,3
2,2,700,4.7,6737,34,4,1,24
1,6,400,4.7,435,48,5,3,23
4,4,300,4.7,3925,32,2,3,22
2,1,700,4.0,320,19,1,2,17
2,3,500,4.7,7697,49,5,3,1
4,3,500,4.0,9402,3,3,1,9
1,7,100,3.5,3615,2,0,2,21
1,6,900,3.5,1112,0,5,0,4
3,7,200,3.0,4596,26,3,0,19
6,2,900,4.7,4741,7,1,1,8
5,3,100,5.0,7288,45,1,0,12
1,4,300,4.0,7394,3,0,3,8
3,0,800,4.7,9997,44,5,3,10
4,5,900,4.0,2644,1,0,3,0
4,7,400,4.7,9206,10,1,2,13
2,2,300,3.5,2579,16,1,0,18
5,5,700,4.0,2715,46,5,3,1
2,2,1000,4.5,7975,16,5,3,12
0,4,900,4.7,6572,47,2,3,21
2,5,600,4.2,779,45,2,2,18
3,5,900,4.0,5042,42,5,1,23
5,7,600,4.2,9006,23,5,0,6
4,1,700,4.5,5696,35,3,3,24
3,6,800,4.5,4843,35,4,3,4
5,3,800,5.0,9745,26,2,2,3
0,6,200,5.0,8667,25,4,3,8
0,2,700,4.5,3372,38,2,0,4
3,2,700,4.0,5363,39,2,0,26
5,5,700,4.7,9448,21,1,1,0
3,0,300,4.7,7779,13,5,3,9
6,2,900,4.7,9961,0,2,2,18
6,1,800,3.5,5900,2,1,0,21
0,2,700,4.5,2718,42,4,3,0
3,3,900,4.2,3214,30,0,1,9
3,7,100,4.5,1545,22,4,0,6
2,5,400,3.0,4803,31,4,3,25
6,6,300,4.5,9598,45,0,3,9
2,6,200,4.7,3961,36,2,3,14
2,6,1000,4.7,8515,49,5,2,20
2,3,400,3.0,4395,7,1,0,2
5,6,100,4.0,5962,0,1,2,1
4,2,100,4.0,3360,33,5,0,24
3,0,1000,4.2,3188,43,0,2,1
4,3,700,4.2,3768,5,5,1,25
1,0,100,3.5,6611,2,5,0,2
2,5,200,4.2,7769,47,1,3,25
1,0,300,3.0,5245,49,4,3,13
5,1,700,3.0,2956,4,1,2,3
0,1,200,4.2,5760,24,4,3,7
3,1,600,4.0,8426,17,2,0,1
6,3,900,3.5,7420,31,0,0,17
1,3,200,4.7,7177,48,1,1,16
0,3,300,5.0,7300,44,2,2,18
3,0,300,3.5,8352,39,4,2,15
2,6,200,5.0,854,44,3,2,6
0,6,800,3.0,1586,46,3,0,9
2,7,400,4.5,5052,16,0,2,10
3,1,300,4.7,2417,13,5,3,19
4,5,500,4.7,6132,42,1,1,20
2,7,500,3.0,3283,1,4,0,3
0,7,600,4.7,5878,16,5,1,23
2,5,200,4.0,1349,3,5,1,19
1,1,100,3.5,9028,24,3,1,5
2,1,200,4.5,179,18,3,1,23
5,0,200,5.0,4479,25,0,0,23
2,4,600,3.0,2491,1,0,0,25
3,0,1000,5.0,7921,44,5,3,22
2,3,300,3.5,8260,3,3,1,14
4,4,1000,5.0,6109,28,0,2,23
3,5,1000,5.0,757,36,3,3,23
0,1,200,4.0,5541,13,1,2,6
0,4,700,5.0,2636,6,5,0,2
3,2,300,4.5,1925,43,4,0,23
1,0,100,4.2,7807,21,3,0,13
6,3,700,4.0,4701,32,4,0,1
0,3,1000,3.5,8676,24,4,1,2
0,2,1000,4.0,5970,36,2,1,2
1,3,200,3.5,1546,7,4,1,6
1,4,900,3.5,2241,37,4,2,1
2,1,800,3.5,6197,10,4,0,24
1,6,700,4.2,1537,31,0,3,25
2,7,200,3.5,9621,7,3,0,9
3,7,600,4.5,6539,22,2,1,9
1,4,300,5.0,1250,38,0,1,9
5,3,800,4.2,3006,34,4,3,19
2,5,800,4.7,8427,10,1,1,20
3,3,500,4.7,4030,40,1,1,21
4,4,600,4.5,8751,8,3,0,7
6,1,100,4.0,2308,35,1,3,13
1,3,300,4.5,7956,13,0,0,18
2,1,900,3.0,947,40,4,2,4
0,2,100,4.7,1856,17,0,1,25
6,2,700,4.2,5822,24,3,1,21
1,4,300,4.5,7431,19,0,0,17
5,1,1000,3.0,2460,4,0,0,3
3,2,200,4.5,4218,24,5,1,23
4,1,600,3.5,5548,10,2,1,24
2,6,700,4.0,1898,10,5,3,5
1,0,500,4.2,9823,18,1,1,26
1,6,300,4.2,9290,4,3,2,13
6,6,400,3.0,992,24,5,2,6
1,5,600,4.7,1093,32,0,3,11
0,4,100,4.5,1570,14,0,0,23
0,0,200,4.5,7620,39,4,0,21
2,7,200,4.2,7277,8,3,0,2
6,1,900,3.5,7641,24,5,1,8
6,3,1000,4.7,9265,34,4,2,23
4,3,100,4.7,3319,10,2,1,6
5,5,300,3.5,9599,16,0,2,10
5,3,900,4.0,803,34,5,1,18
0,7,100,3.0,3225,14,4,3,16
4,0,400,4.7,9318,47,4,1,1
6,3,1000,3.5,6354,29,2,1,14
0,3,600,4.7,8177,12,0,0,2
6,0,900,3.0,4316,42,5,2,6
1,0,500,4.5,2759,39,4,0,19
5,5,700,4.7,887,14,4,1,1
4,5,700,4.5,4755,20,0,0,15
6,0,300,3.5,7265,17,4,3,1
2,6,900,4.5,4301,1,2,2,5
0,7,300,4.2,7494,25,0,0,7
2,7,500,5.0,3511,9,5,0,25
4,3,1000,4.7,5603,10,2,0,16
5,5,600,5.0,177,27,4,0,3
2,5,300,4.5,3144,14,2,1,2
6,2,200,4.0,3357,48,2,1,2
0,4,900,4.2,6689,13,1,3,19
1,0,200,4.7,6740,4,4,0,14
6,2,100,4.0,5022,49,1,1,23
1,1,500,5.0,8186,6,5,0,3
3,7,800,4.2,7309,36,3,2,6
3,7,900,5.0,650,2,5,0,18
4,6,100,4.7,6179,16,5,2,10
6,3,1000,3.0,7444,14,4,0,15
6,4,400,4.2,6413,5,5,1,21
6,0,1000,4.7,3758,42,5,1,13
2,5,500,4.5,9600,43,5,0,13
4,2,400,4.2,4934,32,4,0,7
1,4,100,5.0,2976,1,4,2,19
0,6,800,3.5,9000,34,5,1,4
0,5,300,4.7,3220,9,5,2,0
4,2,100,4.2,2003,20,2,3,3
4,7,800,3.0,1813,4,4,0,23
5,3,100,4.2,2330,15,0,3,15
3,6,400,5.0,9648,13,0,3,12
4,2,100,4.5,211,18,4,2,20
4,4,300,5.0,7686,30,5,0,4
6,6,400,3.0,9165,26,1,1,9
2,7,1000,4.5,7148,48,5,3,19
4,3,900,5.0,4440,31,0,0,12
2,3,1000,4.7,3095,41,4,0,13
2,0,600,4.7,1100,22,2,0,1
0,3,700,3.0,6823,25,3,3,1
0,1,900,4.2,2568,6,2,3,15
0,1,100,4.2,52,0,5,0,21
3,3,400,3.0,6118,8,3,0,26
5,7,500,4.7,160,39,0,1,3
3,2,200,4.0,3036,32,3,2,20
3,0,400,5.0,3839,3,2,1,12
0,0,200,4.5,4511,25,5,0,21
2,1,400,4.0,158,0,4,1,8
0,7,100,5.0,7800,44,0,1,17
3,0,400,5.0,1234,7,2,0,0
4,2,1000,3.0,4299,9,5,1,13
0,2,600,4.2,8226,39,4,1,2
0,1,300,3.5,6426,0,3,2,9
1,3,800,5.0,3455,17,0,0,4
5,6,900,4.7,869,46,4,1,13
2,4,700,4.0,319,41,4,2,4
2,3,900,4.5,9670,13,3,3,19
1,5,200,4.5,3011,39,0,1,16
6,6,700,3.5,246,11,1,1,5
5,1,300,4.2,7301,26,3,3,23
3,0,900,3.0,7243,43,5,3,14
3,7,300,4.7,4534,17,2,0,21
2,7,700,4.5,8032,14,5,3,4
4,2,300,3.5,3415,2,3,3,10
6,5,800,4.0,6585,4,0,3,19
5,1,100,5.0,2321,30,5,1,20
0,5,500,5.0,7586,9,3,1,17
5,6,100,4.5,8870,45,4,2,23
3,1,500,4.0,8964,25,2,0,4
4,0,900,3.5,427,0,2,2,18
5,4,100,5.0,8546,38,3,3,9
2,6,200,3.0,8007,7,0,0,14
2,3,600,4.2,7876,24,3,3,25
6,0,100,4.0,3911,39,3,2,4
1,4,600,5.0,3319,36,3,1,22
6,3,600,4.5,3178,22,4,1,1
2,6,700,4.0,1343,13,1,2,6
3,1,700,4.7,7952,31,5,2,0
1,2,800,4.2,828,16,1,3,10
2,3,100,3.5,8753,8,4,2,17
0,6,900,5.0,8507,28,0,1,10
6,1,300,3.0,631,16,5,1,7
4,0,700,4.5,5086,19,2,3,2
6,3,800,4.7,4666,40,2,1,14
5,2,600,4.0,6305,14,4,2,2
6,6,1000,4.7,939,28,1,0,13
1,5,800,4.2,4310,6,4,0,13
6,0,600,4.5,9476,24,5,1,12
6,2,800,4.0,6105,29,3,3,12
2,0,100,5.0,4007,37,3,2,21
6,4,300,4.0,5035,41,1,1,0
5,4,100,4.0,4492,19,0,3,23
4,4,400,5.0,9369,41,3,1,24
3,5,400,3.0,2209,42,1,1,19
2,2,800,4.0,4779,11,2,0,16
3,4,900,3.5,2767,15,0,1,13
2,4,200,4.0,5451,40,3,1,8
6,4,500,3.0,1439,24,2,1,16
2,7,300,5.0,1856,39,4,2,26
1,5,100,4.2,5558,39,1,0,17
4,3,200,4.5,9206,17,4,0,18
0,0,100,4.2,9450,9,4,1,18
5,2,200,4.0,8785,12,0,2,5
4,1,500,3.5,9917,36,0,1,0
1,6,400,3.5,4797,27,0,1,20
6,1,700,4.5,1444,20,5,0,3
6,1,100,3.0,3643,43,0,3,19
2,0,800,4.0,4968,41,0,1,13
4,2,400,3.0,2799,16,5,3,18
3,7,300,3.0,6979,10,4,1,17
6,1,500,5.0,9366,16,3,2,19
2,6,1000,3.0,3830,15,0,2,14
4,4,100,5.0,6902,1,4,0,6
5,1,200,4.7,7279,17,5,3,1
5,1,1000,4.0,7262,18,1,0,8
1,3,200,5.0,9457,0,0,0,3
1,3,1000,4.0,8944,47,4,2,21
6,5,900,4.7,3896,35,3,2,9
0,0,1000,4.5,3285,29,2,3,7
4,3,600,4.2,6702,13,5,1,3
2,4,1000,3.0,4124,27,5,2,18
0,4,700,4.2,5638,4,1,2,20
4,6,900,5.0,3360,18,1,1,19
2,0,100,5.0,4917,4,5,3,1
0,6,400,4.2,9622,23,5,1,25
0,6,800,4.2,3397,48,2,2,11
2,5,100,3.5,887,17,1,3,13
2,7,900,4.7,2976,17,1,2,9
6,0,600,4.7,7812,29,3,2,19
2,4,600,4.5,3943,4,0,3,12
4,7,400,3.5,3020,18,0,1,6
4,4,200,4.7,4285,14,2,0,13
0,4,200,3.5,3280,8,1,1,2
4,1,400,5.0,7002,37,1,1,20
5,6,900,4.0,945,36,2,2,17
2,4,500,4.7,6775,18,5,0,9
2,4,900,3.5,9824,37,1,3,2
5,4,800,4.0,3490,2,3,1,9
6,5,100,3.5,7406,33,5,3,20
2,5,100,4.5,7534,41,4,0,24
0,0,600,4.0,8261,30,0,3,6
6,4,700,3.0,9938,1,2,1,23
6,0,100,4.7,720,42,3,3,13
2,5,700,4.2,2119,45,1,2,19
2,1,300,4.7,3710,10,4,2,0
3,1,800,3.5,1095,47,3,1,24
4,1,100,3.5,8629,6,1,2,7
3,5,1000,4.2,4471,8,3,3,17
0,6,1000,4.0,8359,49,1,2,20
3,6,300,4.0,4114,17,1,0,13
5,3,800,5.0,787,39,4,1,13
6,7,200,4.5,9672,45,2,3,12
2,1,700,3.0,229,41,1,1,8
1,1,500,4.5,6737,46,5,1,3
3,6,600,4.5,1537,41,4,3,5
2,4,800,5.0,9320,34,1,1,21
1,3,100,4.0,6146,14,5,3,3
0,4,200,4.7,8340,45,1,2,21
4,2,300,5.0,2821,18,4,0,20
5,0,500,4.7,3326,36,2,2,12
4,5,400,4.7,2853,12,3,2,25
6,1,700,4.5,2249,9,0,0,7
4,2,1000,5.0,7255,40,5,2,6
6,4,800,5.0,4026,48,5,1,0
0,5,900,3.5,1333,2,3,2,20
5,3,800,3.5,3343,7,3,0,18
1,1,500,3.5,8145,13,3,1,4
5,0,500,4.0,4039,26,5,3,23
3,1,500,3.0,2632,8,3,2,18
3,2,700,5.0,3479,33,1,0,1
5,4,800,3.5,2601,11,1,0,9
1,1,1000,3.0,2471,36,3,3,12
2,4,1000,4.2,8093,22,4,2,14
5,3,700,3.0,759,48,5,3,11
5,7,900,4.0,7999,23,5,2,8
5,1,900,4.0,9995,22,3,3,0
1,0,100,5.0,2743,9,2,3,0
4,7,500,4.2,6332,25,5,1,4
0,3,700,3.5,7007,33,2,1,3
2,5,400,4.7,9868,33,1,0,2
0,7,900,5.0,8803,37,1,2,16
2,1,800,3.0,4568,48,4,3,20
4,6,100,3.0,3175,10,1,3,1
2,5,400,4.0,4377,26,0,2,9
0,3,500,4.0,7924,25,3,3,9
2,7,800,4.0,2100,49,0,2,14
5,2,600,4.7,9734,22,2,3,26
6,7,300,4.5,9854,47,4,3,10
6,1,800,4.7,4959,31,3,0,23
0,2,300,4.5,4218,4,1,2,0
1,6,700,4.0,5010,2,2,0,3
4,3,800,4.2,7563,39,3,1,4
3,5,900,5.0,9982,5,3,1,18
6,5,1000,4.2,6177,33,4,3,12
0,4,200,4.0,5031,47,1,1,19
0,3,200,3.5,6356,7,1,2,15
5,7,600,5.0,2544,28,4,3,26
2,4,800,4.5,200,15,3,0,12
0,4,100,3.0,9976,42,4,1,17
2,2,200,4.0,1922,45,3,2,25
4,3,300,5.0,7190,11,2,0,21
1,2,300,4.5,898,11,5,1,21
6,2,800,3.5,7699,41,0,3,4
5,7,300,4.7,5241,29,2,3,18
0,0,1000,4.0,3505,16,0,3,3
5,0,100,3.5,7549,42,1,2,25
1,6,1000,3.0,6386,25,5,3,6
4,0,200,4.0,1697,39,4,0,20
3,1,400,3.5,2249,5,0,1,23
2,0,800,4.2,3284,8,5,3,17
1,6,100,5.0,2054,13,2,1,18
6,5,300,4.5,3923,10,3,2,26
0,3,100,4.0,8088,1,3,3,4
3,1,600,5.0,8817,31,4,3,3
0,6,800,4.5,3165,34,0,1,16
0,4,100,4.5,5506,23,2,2,19
4,7,300,4.7,7967,23,0,0,9
0,7,200,5.0,1706,23,2,2,6
5,3,700,4.0,6298,37,5,2,15
6,1,800,3.0,6945,43,1,2,22
3,1,100,4.2,1373,39,2,2,18
1,0,700,3.0,4426,24,4,3,24
5,7,1000,3.0,6440,36,1,1,13
5,4,200,3.5,1793,20,5,3,21
4,7,400,4.5,247,40,4,2,13
3,3,200,4.0,9453,22,5,0,3
4,2,600,5.0,8184,25,5,1,14
2,3,900,3.0,4540,39,2,0,19
2,5,800,3.0,2849,14,5,0,0
3,0,100,4.7,4787,17,0,2,8
1,7,100,3.0,3102,27,0,1,23
3,0,100,3.0,5299,43,1,2,20
1,3,300,4.0,6427,47,4,2,8
5,1,1000,4.0,1077,15,1,1,21
6,0,600,3.5,3279,27,0,0,10
1,7,1000,5.0,4090,6,2,2,26
1,5,900,3.5,9788,20,2,0,10
4,2,600,4.0,1257,1,4,3,19
4,2,300,4.5,5308,23,1,0,18
6,0,1000,5.0,5357,7,4,2,4
3,3,700,4.5,4748,45,1,1,2
4,5,900,4.7,5108,45,1,1,20
1,6,500,3.0,6984,29,5,3,24
1,5,700,4.5,5333,10,4,0,4
3,0,400,3.0,7747,44,2,2,10
0,4,600,5.0,3696,11,2,2,5
5,0,300,3.0,6693,10,2,0,2
5,3,800,4.0,364,12,3,3,9
4,5,500,4.7,8381,18,2,3,6
1,4,900,4.7,2782,27,1,2,23
0,2,400,5.0,9368,15,0,3,2
2,4,900,4.0,802,36,1,2,10
0,5,500,3.0,4375,13,5,0,4
0,0,1000,3.0,5344,35,3,3,18
2,5,800,5.0,3565,40,3,2,9
4,6,900,4.2,7717,42,1,1,14
0,2,1000,4.0,1395,35,1,0,1
6,4,100,3.5,1477,17,2,0,23
6,5,700,5.0,2096,1,0,2,17
2,1,500,4.0,2090,18,0,3,13
6,0,300,4.7,4911,43,1,2,25
6,1,200,5.0,4283,49,4,1,6
1,2,300,3.0,4064,26,5,1,15
6,6,1000,4.0,1319,31,2,3,20
4,2,100,3.5,214,34,5,3,25
0,2,900,4.5,9873,8,2,0,13
6,0,400,4.7,8869,25,1,3,19
1,6,100,3.5,7276,16,3,2,25
4,4,800,4.0,6391,19,0,3,4
0,7,800,3.0,2931,15,1,0,1
3,0,200,4.7,5927,5,3,1,26
1,7,800,5.0,2699,15,1,0,17
2,5,400,4.7,2552,15,4,3,7
2,2,500,3.0,3128,46,3,3,25
1,5,600,5.0,8013,40,1,3,20
0,4,200,5.0,5146,11,3,2,16
0,4,400,4.2,5074,36,2,3,18
5,2,300,3.0,1992,0,4,0,16
3,2,300,4.2,855,23,5,1,19
1,5,500,3.5,6168,47,5,2,1
6,0,400,4.0,1307,39,3,1,9
5,1,200,3.5,4802,37,2,1,20
2,2,700,4.0,442,6,3,3,24
1,0,100,5.0,9327,21,5,0,2
0,7,1000,4.2,9476,10,1,0,19
4,4,700,5.0,7061,46,3,0,6
3,4,700,5.0,8745,13,3,0,24
1,6,300,5.0,3295,31,5,0,26
1,6,300,4.2,2776,24,3,2,18
1,3,300,4.2,8785,24,1,0,20
2,4,100,4.5,1336,47,3,0,8
6,2,200,4.2,2442,5,0,0,2
3,2,200,3.0,2141,1,2,3,2
3,6,900,4.2,4060,39,4,2,24
2,1,900,4.7,8253,23,4,0,2
5,2,400,4.2,3186,18,1,1,19
1,0,700,4.0,1625,3,3,0,25
6,2,800,4.7,7458,20,3,0,9
0,3,100,4.0,3102,3,1,1,2
6,1,400,4.0,6139,0,4,0,14
6,2,200,4.2,2458,21,2,1,13
1,4,800,4.0,9285,36,2,0,25
2,0,300,4.5,2496,14,5,2,8
0,4,800,4.7,9121,34,2,1,9
2,3,600,3.0,72,48,5,1,9
0,5,900,4.7,3375,45,1,1,18
3,4,800,4.7,8097,41,3,1,25
4,2,900,4.5,581,14,2,0,26
0,2,1000,5.0,9589,21,5,3,9
1,1,300,4.2,9033,8,3,1,20
1,5,400,3.0,2155,27,3,0,10
0,6,300,4.0,2063,12,0,1,6
3,0,700,4.0,1773,23,5,0,6
0,3,300,4.2,9925,22,3,0,22
6,1,600,4.0,2836,25,2,0,2
4,4,800,3.5,726,8,0,1,19
6,5,200,4.7,1431,21,2,2,18
5,4,200,4.5,7693,12,0,0,10
4,3,600,4.5,7792,9,5,3,7
6,4,400,3.0,1769,22,0,3,21
1,0,800,5.0,7891,34,2,1,5
0,1,300,5.0,6897,18,4,2,22
1,5,500,4.0,1165,3,3,1,6
1,6,100,4.2,7920,22,3,2,13
1,7,800,5.0,492,5,0,1,14
4,7,100,4.0,797,39,4,2,13
4,5,400,3.5,4046,2,4,3,10
6,6,300,4.7,5691,49,3,1,14
3,1,600,4.0,317,47,4,1,4
0,3,500,3.5,9038,30,3,1,10
1,3,400,5.0,2662,17,5,2,13
4,3,1000,4.2,8241,13,0,1,6
0,3,300,3.5,6089,25,3,1,17
1,5,500,4.2,3161,47,0,0,16
0,0,1000,4.7,9326,21,2,3,20
2,3,300,3.0,1592,25,5,0,3
4,1,500,3.5,6570,35,4,1,19
3,6,1000,4.7,5592,21,0,1,5
1,4,800,4.5,2629,30,5,3,20
2,3,400,4.0,9252,8,4,3,18
3,2,300,4.7,505,8,3,2,6
4,4,400,4.0,6194,44,1,0,0
6,7,500,4.7,8602,29,0,2,21
5,3,400,4.7,1311,21,3,1,24
4,6,800,4.7,2501,13,0,2,21
4,1,900,3.5,8340,26,3,0,13
5,1,600,4.7,9928,7,5,0,5
0,5,1000,4.0,7305,28,4,2,21
2,1,700,3.5,9938,37,1,2,3
1,3,1000,3.0,7028,9,2,1,9
3,0,800,3.5,4212,19,5,0,2
5,2,700,4.5,4079,40,1,2,2
0,4,800,4.0,6622,3,4,2,3
4,1,300,4.5,9622,45,4,1,13
2,4,1000,4.7,6181,19,3,1,13
5,7,100,4.2,260,41,1,1,1
6,7,900,3.5,4245,27,5,3,23
1,7,400,4.7,4479,37,4,2,11
3,2,100,3.0,8535,45,1,3,5
5,5,800,3.0,1807,22,5,3,1
0,0,700,3.0,9284,35,5,0,11
2,1,800,4.7,6591,42,2,2,12
1,7,1000,5.0,7018,4,4,0,17
6,7,900,4.2,5838,45,2,2,19
3,7,700,4.0,932,16,5,1,20
0,6,500,4.2,334,47,0,1,7
2,1,200,3.5,222,32,3,3,6
3,4,1000,4.0,928,37,4,0,17
5,0,400,3.0,6269,12,0,3,6
1,6,400,4.7,4417,42,0,0,18
0,2,200,3.0,8299,44,0,1,14
5,5,700,4.5,7010,48,0,1,3
4,0,700,4.0,1334,27,3,1,0
5,0,900,4.7,5545,13,2,3,4
2,3,200,3.0,6298,11,5,0,10
3,5,200,3.0,2763,13,1,3,6
2,6,100,3.0,1131,0,0,3,12
5,2,700,4.2,313,32,0,2,3
6,5,300,3.5,1680,1,3,3,13
2,5,1000,4.0,8904,2,0,3,8
3,6,800,4.7,2625,0,3,2,14
1,2,1000,3.0,6123,13,5,0,7
6,2,800,4.2,1612,44,2,3,18
2,4,200,4.2,2490,46,2,2,5
1,4,1000,5.0,5477,29,0,2,1
0,4,700,4.5,9018,13,3,3,17
5,4,600,3.0,3410,22,2,3,0
5,7,300,5.0,7773,8,0,3,20
1,5,800,4.0,127,20,2,0,23
6,3,300,3.0,9893,15,5,2,3
4,2,600,3.5,7050,40,4,0,6
2,4,500,5.0,3192,26,4,3,15
2,3,1000,5.0,466,39,1,2,9
5,1,200,3.0,3626,8,2,2,14
0,0,300,5.0,8175,11,3,0,4
2,7,400,3.0,1239,18,4,0,16
2,0,900,5.0,2280,2,0,2,18
3,6,100,4.2,3045,35,4,1,14
3,2,300,4.5,4766,32,1,2,3
1,5,800,5.0,3613,20,1,1,16
2,2,500,3.5,4562,25,2,1,11
1,2,1000,4.7,6050,10,3,3,5
1,4,600,4.7,5981,31,3,2,6
4,6,400,4.5,9344,22,0,1,9
2,1,200,5.0,8833,4,2,0,6
0,3,400,3.5,8624,38,5,2,25
5,6,400,4.0,5829,8,4,3,21
6,1,100,3.5,8973,12,5,1,0
2,0,200,4.2,735,2,2,0,21
2,1,500,5.0,7780,5,4,1,1
1,5,800,4.7,8601,0,4,1,8
3,6,200,3.0,2911,46,5,3,1
2,6,500,4.0,1679,16,1,2,21
2,2,200,4.0,1476,37,2,3,21
0,1,300,4.0,9498,13,5,0,22
5,0,200,3.0,9890,38,3,2,7
4,6,800,5.0,9075,45,5,0,9
0,6,400,4.2,522,28,0,0,17
3,0,800,5.0,1636,45,4,2,2
6,0,300,4.7,2963,2,3,3,14
3,4,400,4.7,3580,49,0,3,19
3,5,500,3.0,5164,20,0,0,15
5,1,500,4.7,671,39,3,1,6
4,2,300,4.0,2387,21,3,0,2
1,6,600,4.2,7809,30,3,2,21
6,7,500,4.0,9945,6,4,0,14
6,6,100,4.5,2654,25,3,1,6
2,3,800,4.0,9823,5,4,1,8
1,2,100,3.5,4809,44,0,3,8
4,7,500,4.0,7928,18,5,2,15
0,2,1000,5.0,8689,16,3,1,8
4,4,900,3.5,2488,38,5,3,20
0,5,1000,3.0,9114,18,1,2,1
3,4,900,4.0,932,0,1,0,1
5,7,1000,4.5,8356,18,4,3,20
6,3,200,3.0,8753,40,3,1,18
3,0,700,4.0,6310,8,5,1,21
4,4,900,3.5,6449,46,0,3,4
3,1,500,4.5,8162,20,0,0,13
2,0,200,4.5,8270,49,3,2,15
0,1,700,4.2,2218,26,4,3,20
1,7,200,5.0,8119,45,0,0,16
3,0,600,4.7,150,26,0,1,22
0,3,700,3.5,2237,28,5,3,1
6,4,500,4.5,1703,12,5,0,12
6,6,900,3.0,6464,30,0,3,3
3,7,300,4.5,4712,43,5,2,2
6,5,500,4.2,2512,21,1,2,0
1,3,500,4.5,3580,40,0,2,20
5,6,1000,3.0,228,10,1,2,17
1,5,800,5.0,4983,7,2,0,20
0,5,100,4.7,2507,48,5,2,20
2,3,300,4.7,773,39,4,0,3
3,5,800,3.0,5894,6,3,0,3
3,4,500,5.0,630,0,2,3,15
4,0,900,4.0,8349,44,1,3,11
0,0,600,4.0,817,45,5,3,17
5,0,100,4.2,9926,46,0,0,9
0,4,100,4.2,7315,0,4,2,4
6,3,500,4.7,2696,1,1,3,17
6,4,1000,3.0,2098,49,2,2,14
4,3,800,5.0,4564,43,5,2,13
2,5,100,5.0,6905,28,3,2,0
1,4,500,4.0,2727,13,2,0,21
0,2,200,4.0,221,15,1,3,19
4,6,800,4.2,8760,42,2,0,22
6,7,1000,4.2,626,18,1,3,18
5,7,800,4.5,1284,30,3,0,26
0,0,600,5.0,3081,6,5,0,1
4,5,200,4.5,8437,43,4,2,23
0,7,700,4.0,1543,46,5,3,10
4,3,700,3.0,5552,13,1,1,10
3,3,700,3.0,7381,43,2,0,20
5,4,800,4.0,8251,10,3,0,4
1,1,900,5.0,4582,24,5,1,6
1,2,300,5.0,8043,3,5,1,18
6,2,600,4.5,8135,36,1,3,6
1,3,900,4.2,8006,30,5,1,20
3,3,500,4.2,854,8,5,0,1
1,3,200,4.7,1460,3,1,1,19
5,5,800,4.7,8412,39,3,1,4
4,0,600,4.2,1987,19,0,0,5
1,1,800,4.2,1003,36,5,2,8
6,4,600,5.0,7903,10,3,2,26
4,7,500,5.0,9110,2,3,3,2
6,6,100,5.0,1882,1,1,2,20
6,7,900,5.0,1278,32,0,3,25
1,7,900,4.5,2713,4,5,0,9
2,0,600,4.0,8898,2,2,0,2
6,3,500,3.5,4026,29,4,2,0
0,7,100,5.0,9760,5,1,3,25
2,5,400,4.2,222,12,0,0,7
2,4,200,4.0,6105,43,0,0,19
0,4,600,4.2,675,43,5,0,20
2,7,100,5.0,3138,46,5,1,9
2,5,1000,4.2,6735,12,2,0,6
0,0,500,5.0,4570,24,4,0,13
2,4,700,4.5,2500,41,5,1,3
3,6,900,4.2,915,17,0,2,1
0,3,400,3.0,6689,5,5,3,17
1,2,500,4.0,6911,12,2,3,13
1,7,600,4.7,5968,48,3,3,8
3,7,500,5.0,5994,4,3,2,11
2,5,900,4.5,5014,21,4,2,0
4,0,800,5.0,7218,33,5,0,21
1,4,400,4.0,162,19,5,0,18
1,2,300,4.7,3393,8,4,0,2
5,6,700,3.0,8297,12,0,2,20
5,7,700,3.5,9578,7,0,0,15
5,4,800,3.5,7664,34,5,3,22
3,0,300,4.5,4322,18,3,0,20
0,3,500,4.7,5770,26,5,0,10
1,4,400,4.0,3226,47,3,2,11
5,7,900,5.0,2653,17,0,1,10
5,3,800,4.0,783,5,1,1,0
1,3,1000,4.5,8482,4,4,2,20
4,3,500,3.5,5652,7,3,0,0
3,6,700,4.5,3141,8,3,2,2
3,1,400,4.7,8600,9,1,3,20
0,4,300,4.2,4490,36,0,3,18
2,1,500,4.0,417,48,3,3,10
5,4,700,5.0,569,8,3,3,3
4,5,600,4.5,9584,40,2,0,9
6,3,900,4.7,9678,28,2,3,19
5,0,700,4.5,1563,25,3,3,4
3,7,700,3.5,8759,49,3,1,17
5,2,600,4.0,7155,0,4,1,13
5,3,900,4.5,4460,23,4,1,9
3,7,300,4.2,1665,20,2,1,25
6,1,800,3.5,4770,45,1,0,6
0,0,600,3.0,773,13,0,2,16
1,3,900,3.0,4088,38,1,0,21
1,7,600,4.5,9688,25,4,3,3
5,0,1000,5.0,8304,30,0,3,20
3,6,1000,4.2,497,31,5,2,7
2,6,300,4.5,601,31,1,1,9
6,4,400,3.5,3870,14,0,2,0
5,4,100,5.0,117,47,2,1,5
2,2,600,4.0,6059,37,5,2,9
0,3,300,4.5,7275,36,3,2,9
3,0,600,5.0,1276,0,5,2,0
6,2,600,4.5,497,23,5,3,0
1,3,200,4.5,4623,28,5,1,1
0,0,500,4.7,6762,43,1,1,16
3,6,300,4.2,2968,34,4,1,5
2,3,700,5.0,8711,9,4,1,17
3,6,900,4.2,3929,22,3,2,23
1,6,600,3.0,7729,48,4,0,7
2,3,700,4.2,6135,14,3,2,4
3,7,300,4.0,2637,34,1,0,8
0,1,500,5.0,65,34,1,3,25
3,4,900,5.0,3186,4,3,0,25
6,6,200,4.7,5498,9,2,1,20
2,6,500,4.7,5971,9,1,1,6
3,4,700,3.0,7666,36,4,2,20
0,3,200,4.5,5272,15,5,3,16
5,2,1000,4.0,7405,1,0,2,13
6,5,100,4.5,6224,34,5,3,26
1,3,300,4.2,6005,4,4,3,6
5,7,800,4.7,3721,25,2,0,7
2,1,400,3.5,5963,13,4,0,6
3,4,800,3.5,2924,47,2,3,18
5,2,500,3.0,2808,32,4,0,23
1,5,700,5.0,7431,37,3,1,24
3,7,200,4.0,86,6,2,2,4
5,3,800,5.0,2286,4,2,3,11
0,4,900,5.0,8649,12,5,3,3
5,7,700,5.0,6214,11,4,0,13
5,6,900,4.2,3202,25,0,1,19
5,6,800,4.5,8619,2,5,1,2
0,7,400,4.2,8188,4,3,3,16
3,5,200,3.0,7545,33,5,0,19
5,6,900,3.0,8150,13,1,0,1
0,2,800,3.0,8301,39,5,1,5
2,4,600,3.0,4677,49,5,3,14
1,4,700,4.7,7677,21,4,1,2
1,3,1000,4.5,7199,29,3,3,9
5,6,400,3.0,9255,39,5,0,24
5,7,400,4.7,7215,33,5,3,18
1,5,100,3.5,8144,40,3,2,5
6,3,400,4.5,7997,3,4,3,4
5,5,100,4.5,3325,14,2,1,0
0,7,300,4.0,1305,25,3,2,13
0,5,800,4.5,4564,24,5,1,16
4,7,400,3.0,3806,22,0,2,5
3,6,400,5.0,9340,33,5,3,5
0,7,500,3.5,8151,14,4,1,2
3,0,900,4.5,3886,7,5,1,1
2,7,100,4.0,2973,8,5,2,17
1,4,700,4.7,449,20,0,0,9
6,1,700,4.2,8466,33,1,3,13
6,3,100,4.2,1294,17,0,2,11
6,2,800,5.0,8208,28,0,0,4
4,3,700,3.5,7156,12,1,3,21
1,3,700,4.2,929,18,4,1,4
5,6,500,5.0,6693,44,3,1,8
5,6,900,4.5,6138,13,3,3,13
0,2,800,3.0,6121,11,4,3,9
5,0,500,3.5,384,11,3,2,22
2,4,200,4.7,1878,38,2,3,3
2,5,900,4.2,5672,29,0,1,21
6,0,300,3.0,5398,7,5,1,18
0,5,700,4.7,825,7,2,1,0
3,2,500,4.2,6931,47,0,0,21
4,5,100,3.5,5087,21,0,0,3
5,3,100,5.0,6024,13,2,0,18
0,0,200,4.5,3543,19,4,3,2
3,0,800,3.0,5228,27,2,1,21
4,7,500,4.2,3509,47,5,0,2
4,2,100,4.7,3572,28,4,1,18
1,6,900,4.2,4562,20,5,0,6
0,0,700,4.7,8164,3,4,1,16
5,1,500,3.0,8986,10,5,3,12
1,7,1000,3.0,4301,22,3,0,4
4,1,700,5.0,6654,13,1,1,18
1,5,700,5.0,4246,2,3,2,25
0,4,900,4.2,903,48,4,1,2
4,1,1000,3.0,5781,48,4,3,0
1,3,300,4.5,9345,23,1,2,3
5,7,300,3.5,4053,32,3,3,1
6,5,100,4.5,6409,47,2,1,13
3,1,200,5.0,2909,22,4,0,23
2,1,700,3.0,5257,35,5,3,15
5,6,300,3.0,2747,9,0,0,14
6,6,100,3.5,1644,18,5,0,13
5,6,700,4.5,7106,8,1,1,0
0,3,100,4.0,5268,0,3,2,1
1,0,500,5.0,8873,24,4,0,18
6,1,200,3.0,9454,21,5,2,17
5,5,200,3.5,2789,45,4,1,18
6,5,800,5.0,645,12,5,3,14
3,7,400,4.7,2510,25,4,2,3
2,4,400,3.0,3369,49,1,0,16
2,3,700,4.2,1601,41,5,1,1
1,6,300,5.0,2259,13,5,2,7
1,7,400,4.5,475,10,4,2,8
0,6,800,4.2,9854,25,3,2,21
1,2,900,4.7,6620,20,5,3,9
0,2,600,5.0,8538,39,5,0,15
6,2,400,5.0,7306,35,1,1,8
3,1,800,3.0,9648,9,5,0,14
1,7,400,4.2,9031,6,0,2,5
1,5,100,3.0,8669,16,2,0,5
1,2,900,4.0,8133,16,1,3,13
6,7,700,4.0,4921,32,0,3,21
0,4,700,3.5,7513,23,2,2,18
1,2,500,4.0,5746,1,4,2,17
6,5,400,4.2,7184,32,3,0,24
4,4,200,4.2,6139,28,2,3,9
0,5,600,3.0,5161,42,0,1,10
0,2,800,4.5,3088,29,1,0,0
4,6,900,3.0,5015,10,1,3,18
4,0,700,3.5,9050,18,3,0,1
6,7,500,4.2,9024,27,5,3,0
0,4,900,4.2,1428,25,0,2,2
4,7,800,3.5,9900,49,3,1,8
0,7,700,5.0,5268,32,4,1,2
1,2,300,4.7,9133,31,4,3,7
0,2,1000,3.5,2345,39,1,0,18
4,7,100,4.5,8278,14,0,3,6
4,5,100,4.7,1537,30,3,2,0
0,0,1000,4.2,9831,10,1,1,18
5,0,700,3.0,4184,22,0,2,20
0,4,200,4.2,9305,6,3,2,23
4,6,800,4.0,5985,20,5,0,9
0,4,800,3.5,7105,21,0,0,3
0,0,1000,4.0,2626,5,3,0,21
3,6,500,4.7,6615,32,0,1,3
1,7,500,4.2,6509,30,0,3,18
3,4,600,4.7,9374,24,5,3,18
5,1,200,4.0,9203,25,3,2,23
6,6,500,4.5,1762,2,2,1,21
3,3,400,3.5,1296,14,4,3,9
0,5,100,4.7,6966,42,4,1,7
4,4,500,4.5,7177,38,1,3,0
2,4,800,4.2,1343,48,0,2,13
4,7,900,4.7,1729,10,5,0,9
6,2,500,4.0,7792,49,3,0,10
0,7,900,4.5,915,31,5,2,10
2,6,500,4.2,1076,6,1,0,4
2,7,500,4.7,3497,28,1,2,10
2,1,200,5.0,7001,35,3,2,9
3,6,400,4.0,2250,40,4,3,14
2,0,100,4.2,9139,33,4,1,13
3,3,100,5.0,517,21,0,3,10
6,2,900,3.5,3937,20,3,2,14
1,5,300,4.0,3208,10,5,2,2
4,2,1000,4.0,8244,22,3,3,13
0,7,900,4.7,3679,20,4,3,0
6,7,900,4.0,3744,10,5,2,1
6,6,400,4.2,4735,27,2,2,21
0,0,1000,4.7,3943,23,4,3,12
5,7,500,5.0,1895,45,5,3,1
6,5,600,4.0,9566,3,5,0,5
0,2,400,4.0,9389,45,0,3,10
5,4,900,4.7,4552,9,5,3,11
0,4,900,3.5,3270,37,0,1,20
4,3,600,3.5,6572,9,5,3,18
1,7,800,4.7,7330,5,0,2,1
6,7,1000,5.0,7562,30,5,1,6
6,1,800,5.0,3620,48,5,3,12
0,5,800,3.0,9852,7,2,1,12
0,7,500,4.2,8764,32,1,3,11
5,4,300,3.0,9063,21,3,3,14
6,3,400,5.0,5522,3,5,1,8
2,3,1000,4.5,6766,5,0,3,10
4,4,200,4.2,7550,11,3,3,6
0,3,200,3.0,9738,9,1,1,7
4,2,300,4.2,2936,12,1,3,12
2,6,700,4.5,7891,17,2,1,11
3,1,300,4.0,4686,26,4,2,26
6,0,900,4.7,1211,36,2,0,9
4,0,600,4.2,5842,38,0,1,18
1,7,600,3.0,6573,40,0,3,6
4,5,100,3.5,3359,48,1,2,14
3,3,400,4.0,5544,19,1,0,1
5,3,800,3.5,1957,36,5,1,9
6,1,700,3.0,3197,46,0,2,20
5,3,300,4.0,3810,29,0,2,24
1,2,1000,4.2,1196,46,4,1,10
4,6,200,3.5,9131,45,2,0,16
0,3,1000,5.0,2326,2,4,3,14
0,5,200,3.5,1342,21,5,1,14
3,1,500,4.0,8574,9,0,2,2
6,0,1000,3.0,5442,42,2,2,20
5,3,900,3.5,3827,6,3,2,12
4,0,900,3.0,5059,45,5,0,14
0,2,1000,4.0,6097,34,4,2,9
2,4,900,5.0,9678,31,1,0,21
4,7,600,5.0,6736,45,2,3,10
4,2,600,4.7,4013,36,5,0,13
3,0,100,4.0,6323,15,5,3,4
4,1,500,5.0,1604,13,2,1,11
5,3,1000,5.0,5678,35,3,1,10
0,3,400,4.7,8108,9,5,3,13
6,7,100,4.7,295,24,0,0,8
1,1,500,3.0,4026,18,0,0,4
5,7,800,5.0,9503,46,1,1,18
5,0,800,5.0,7751,6,1,3,6
3,2,100,4.5,339,27,1,0,17
0,6,100,4.5,4976,9,0,1,4
5,1,400,4.5,7339,43,2,1,9
5,0,900,4.0,7543,1,3,2,6
6,2,200,3.5,946,8,2,3,11
6,7,600,4.5,4115,32,3,0,25
5,6,800,4.5,5628,37,0,1,20
1,5,500,3.5,6169,13,2,0,8
5,2,500,5.0,5102,48,4,2,13
2,1,1000,3.0,5260,29,1,0,9
4,2,900,5.0,1119,25,4,0,14
1,2,400,5.0,8247,44,2,1,21
4,2,100,4.0,2832,1,2,0,11
5,6,600,4.0,2147,36,1,1,12
2,0,1000,4.2,9207,17,3,0,25
1,5,400,5.0,7743,44,4,1,10
3,0,1000,4.7,7724,39,1,2,14
0,0,1000,4.7,2442,3,5,0,23
0,0,900,4.0,610,18,5,1,17
5,3,600,3.0,8149,24,1,3,16
5,5,1000,4.2,1306,29,0,0,13
5,6,800,4.0,3565,31,5,1,4
6,3,800,3.0,8650,37,4,1,10
6,5,600,4.0,1621,40,0,1,9
4,3,400,4.0,1128,16,5,1,13
4,3,500,4.0,5290,43,3,0,6
0,2,100,4.7,1818,12,3,0,16
2,7,700,4.7,3504,32,1,1,23
3,0,100,3.0,2591,38,5,3,14
2,1,600,5.0,7442,1,2,0,18
3,5,800,3.0,9390,35,4,0,6
0,6,700,4.5,3764,25,1,1,9
4,5,300,4.0,2356,47,4,1,6
6,2,900,4.0,2846,17,5,2,9
4,3,700,4.0,3241,29,5,2,25
3,3,700,3.5,3987,41,5,2,20
3,0,300,4.2,3921,20,2,3,6
4,4,1000,4.0,3610,42,2,3,9
4,7,100,3.0,3807,32,5,3,21
4,4,300,4.2,5470,19,5,3,19
5,5,1000,4.7,7133,7,2,3,18
2,0,400,3.5,8866,48,1,3,8
1,6,1000,4.0,4399,23,5,0,1
6,5,700,3.0,276,5,3,2,4
3,4,100,4.7,6842,16,1,3,9
1,2,600,5.0,1128,46,2,0,4
4,1,600,3.5,2515,47,2,0,4
2,3,500,4.0,1397,7,0,0,20
0,0,800,4.5,7757,43,2,3,20
4,2,200,4.5,5458,16,4,1,0
1,6,200,4.5,7320,38,5,3,12
0,3,1000,4.2,8336,21,3,1,6
1,0,200,3.0,6650,31,2,3,9
0,1,200,4.5,1846,26,5,1,16
5,5,700,4.0,2099,19,4,1,20
2,7,700,3.5,9006,40,0,3,4
4,7,600,3.0,9432,16,3,3,11
2,4,600,5.0,6115,10,2,3,6
4,2,500,4.2,3254,22,2,1,20
4,3,200,4.0,3350,45,1,0,6
2,5,700,4.7,8062,7,1,2,21
5,6,500,4.0,5291,18,5,3,17
2,6,700,4.5,1857,18,0,2,2
3,4,200,4.0,2106,31,0,0,18
6,3,1000,4.0,905,39,2,1,5
1,0,800,4.7,7614,49,2,3,3
5,1,600,4.0,6384,0,4,1,14
5,1,600,3.5,2522,23,2,3,1
6,7,800,5.0,6843,18,5,1,19
3,6,300,3.0,7524,47,0,2,3
2,6,300,3.5,6067,14,2,2,6
1,0,300,4.7,2507,20,0,0,15
2,1,600,3.5,3865,40,0,0,17
1,7,600,5.0,2008,3,2,0,4
2,7,1000,3.5,7542,30,5,0,21
3,5,800,3.5,1131,37,4,3,16
2,1,100,4.5,4804,36,3,0,13
0,6,500,4.5,2323,33,4,3,1
2,2,900,3.0,8914,49,4,3,2
0,0,1000,4.5,582,40,3,2,18
1,0,1000,4.2,8883,45,0,2,20
4,7,200,5.0,225,41,0,2,22
5,6,200,4.5,3727,39,4,1,17
4,2,400,3.0,1501,48,3,3,20
3,0,800,5.0,4529,46,0,3,9
5,7,500,3.0,8218,33,1,0,8
5,2,800,5.0,935,40,1,3,9
6,1,800,5.0,3278,23,3,3,21
6,2,700,4.7,4248,10,4,3,1
6,4,700,3.0,5318,41,1,1,13
4,1,100,4.5,8542,1,1,0,1
1,1,500,5.0,8450,4,3,2,21
1,2,900,5.0,640,19,4,1,12
6,1,200,4.0,6587,33,5,3,15
3,5,800,4.5,363,28,1,0,21
3,4,300,4.2,4799,17,1,0,18
4,4,200,4.0,9227,5,1,2,14
1,7,100,5.0,7131,39,5,1,14
1,0,700,4.5,6251,19,4,3,23
3,5,700,4.5,7915,0,4,0,15
6,4,600,4.7,4391,2,2,1,7
5,7,700,3.0,7371,43,2,3,18
0,2,300,4.5,2595,32,4,0,13
4,0,100,4.5,3822,36,0,0,21
6,0,500,3.5,3814,39,3,0,24
6,5,600,4.5,923,26,3,2,26
3,0,900,5.0,4069,16,0,0,7
0,4,400,4.5,5369,42,3,3,0
3,7,400,4.2,2509,24,1,3,8
3,5,700,5.0,1624,46,3,2,17
2,4,600,5.0,8536,30,1,0,26
1,0,600,5.0,1408,4,1,2,10
6,6,400,4.7,9280,21,0,0,16
0,5,300,4.7,8758,0,4,3,12
3,6,900,3.0,2676,8,3,0,12
6,7,600,3.5,1739,5,0,2,9
6,7,500,4.7,1443,34,1,2,18
6,3,200,5.0,4953,24,0,2,8
5,1,600,3.5,7931,45,4,2,20
4,1,800,4.7,4768,29,0,2,17
3,3,300,4.0,5848,28,1,0,10
2,1,800,4.2,6083,9,1,0,20
1,2,300,4.7,2542,48,1,3,2
4,7,900,4.2,8456,19,1,1,4
6,4,700,4.7,7269,13,2,1,20
2,4,500,3.5,9670,12,4,3,22
6,2,700,4.0,9833,43,2,0,9
6,0,700,3.0,1089,11,2,3,9
3,1,300,3.0,2634,46,4,2,20
5,0,500,3.0,7609,33,3,1,9
2,4,600,3.0,4827,47,4,3,20
1,0,900,4.5,7327,28,2,0,26
2,2,400,3.0,1960,21,1,1,1
2,3,900,4.0,716,24,1,3,5
3,4,200,5.0,8022,44,1,1,19
2,7,200,3.0,5717,40,5,0,8
0,3,300,4.7,1477,9,5,0,2
6,5,300,5.0,825,31,5,1,0
2,6,200,4.5,8238,47,4,1,4
1,1,500,4.2,9128,28,5,1,13
1,6,100,4.7,6712,46,3,0,2
5,2,200,3.0,7872,19,5,0,20
2,0,700,3.0,5909,41,4,0,4
5,7,1000,4.5,1967,13,1,1,6
6,3,700,4.2,168,36,3,3,13
0,6,500,4.7,3376,3,3,3,2
6,7,800,4.7,5032,14,1,1,22
6,2,300,4.7,9397,41,0,0,21
1,1,400,3.5,9138,17,0,2,21
3,6,900,4.5,4832,22,2,1,10
2,4,200,3.0,8530,45,4,2,18
6,4,200,5.0,6570,17,0,3,23
4,7,400,4.7,1831,18,5,1,12
4,6,200,4.0,5716,21,1,0,15
4,0,700,4.5,7791,42,4,0,19
6,1,400,4.2,8465,8,3,3,8
1,6,900,5.0,4795,37,5,3,9
6,5,300,4.2,6213,32,5,2,9
5,4,100,4.2,3254,23,4,0,15
6,6,200,4.7,6360,42,5,2,21
2,3,800,3.0,5593,14,5,3,10
5,5,700,4.0,2899,29,5,1,6
4,0,400,3.0,7392,49,5,2,25
6,5,300,4.0,5591,38,3,2,19
5,7,800,4.7,8114,4,2,3,23
1,0,300,3.5,3189,6,0,1,4
4,5,300,4.0,2224,18,4,0,20
1,1,400,3.5,6302,20,5,0,3
2,4,500,3.5,2309,26,0,1,10
3,7,400,3.0,8925,10,4,1,4
3,5,900,3.0,2112,37,5,2,19
4,3,1000,4.5,997,36,0,2,1
2,3,600,4.0,9119,46,0,0,16
1,6,400,4.0,8668,1,4,3,21
3,2,800,3.0,9216,26,0,1,13
3,3,400,3.0,1229,16,3,3,18
2,6,400,3.0,5115,13,5,0,20
3,4,600,4.0,8248,48,2,0,20
4,1,700,5.0,2141,23,1,1,1
5,4,300,5.0,1379,2,1,2,20
0,3,200,4.2,8251,46,5,0,6
2,5,100,3.0,1838,39,3,1,19
0,4,700,5.0,532,14,3,0,4
1,2,300,5.0,1084,49,1,0,25
3,3,500,4.5,9867,14,1,1,5
5,2,500,4.5,2022,39,0,0,24
2,2,500,4.2,7150,9,1,3,8
1,5,100,4.2,8940,24,2,0,4
0,4,900,3.5,454,7,0,2,1
4,1,500,4.7,2662,7,4,0,13
2,7,700,4.2,4521,5,3,0,9
2,2,1000,4.0,9825,28,0,3,2
1,0,100,3.0,2798,2,1,3,2
2,6,100,4.0,8475,31,5,2,12
2,6,300,4.5,8759,9,5,2,9
6,7,300,3.0,7874,19,0,2,1
4,0,100,3.5,7099,5,4,1,19
4,7,200,4.2,5166,40,5,0,16
5,3,800,3.0,6389,44,5,1,12
0,2,300,4.7,9429,5,5,1,8
3,1,200,3.5,4477,9,5,0,6
2,5,500,3.0,6555,20,0,2,12
3,6,200,4.5,9136,17,4,2,9
0,6,400,5.0,623,3,4,2,18
4,3,400,4.7,7660,32,5,0,13
0,7,500,4.2,8344,26,4,0,18
4,3,1000,4.7,5597,14,0,2,4
2,4,800,5.0,351,2,1,3,1
6,7,600,4.7,1228,1,1,0,26
6,6,200,5.0,7160,3,5,0,2
6,1,600,3.0,9871,27,5,3,26
2,0,1000,4.0,3141,7,0,3,16
4,4,100,5.0,3497,43,0,0,21
2,4,800,5.0,3400,44,0,0,3
4,7,600,3.0,5998,19,2,0,17
1,3,600,3.5,3710,47,1,0,11
4,2,300,4.0,256,27,0,3,20
3,0,400,5.0,2141,6,4,1,2
5,6,800,3.0,4446,17,2,1,20
5,7,800,5.0,6149,33,2,2,10
0,4,1000,5.0,3587,25,0,1,15
1,6,800,5.0,318,7,4,0,5
6,3,500,3.5,9293,16,2,1,4
3,4,1000,4.7,904,20,4,2,21
1,5,400,5.0,382,43,4,3,12
1,6,1000,3.5,3034,29,2,3,16
0,3,100,4.2,7670,21,5,3,0
6,0,200,4.5,3907,12,3,0,12
5,4,300,3.5,7382,46,4,3,5
4,7,100,3.5,4538,41,0,3,20
2,4,100,3.5,3225,9,5,1,6
1,4,700,3.0,3423,34,5,2,0
3,6,500,4.0,5911,23,0,0,3
2,0,400,4.2,5546,6,4,3,15
0,0,900,5.0,8932,0,5,1,15
2,6,600,3.0,6415,48,3,0,0
1,4,200,5.0,1046,35,0,3,22
4,3,100,4.7,4991,10,2,3,3
3,2,300,4.2,4299,13,5,1,21
4,3,500,5.0,8876,35,3,1,2
1,6,100,4.7,9400,38,2,3,16
4,5,900,5.0,4559,29,1,3,16
2,6,1000,4.5,1967,0,1,2,25
0,1,300,3.0,7706,26,4,0,21
4,4,300,4.5,2738,14,5,0,2
5,5,400,3.5,7286,14,3,0,9
5,0,600,3.0,4339,14,1,1,17
5,5,500,3.0,7986,19,3,0,2
3,4,200,4.2,1966,10,4,2,2
0,6,100,4.5,6358,48,4,0,3
4,7,500,4.7,2930,25,1,3,6
3,3,800,5.0,7107,8,1,2,15
4,4,200,3.0,694,11,5,0,17
5,5,700,4.7,7698,24,3,3,18
1,7,200,4.5,7021,28,3,1,24
3,0,700,3.5,972,2,5,0,3
4,7,400,3.0,7396,42,2,2,9
3,7,100,3.5,4055,43,0,0,2
0,7,100,3.0,5184,18,3,1,17
6,2,200,4.0,2809,18,2,2,9
2,5,1000,4.2,7976,0,3,1,9
0,2,500,4.7,2971,49,4,2,20
0,7,400,4.2,3283,37,3,1,18
3,5,600,4.7,3990,14,5,3,17
2,5,400,5.0,4237,1,2,1,3
2,7,700,4.0,6776,12,3,3,5
5,5,900,4.0,3427,17,2,3,21
1,2,800,4.5,3025,5,4,3,20
6,6,800,4.5,2198,40,3,0,7
6,5,500,4.0,9085,45,5,3,22
0,6,500,5.0,5421,45,2,0,11
3,7,1000,4.0,1713,13,4,0,17
0,6,900,4.7,7549,10,4,1,24
2,5,800,4.2,1676,43,0,0,22
5,1,300,3.5,9970,2,0,3,5
1,1,500,4.5,7772,40,1,1,17
1,2,1000,5.0,9903,19,2,0,11
3,1,900,4.5,9489,28,5,1,20
2,1,1000,3.0,1686,24,5,3,24
5,6,700,4.2,6444,33,1,3,22
5,1,200,4.7,5620,27,4,1,23
1,2,100,4.0,9928,30,0,0,25
6,0,200,4.0,6755,27,3,1,23
0,1,1000,4.5,1348,42,3,2,17
4,2,800,4.5,2278,8,4,3,4
2,5,400,3.0,7969,46,5,2,12
3,1,400,4.0,6646,16,1,1,8
5,1,500,5.0,8340,30,4,0,5
2,7,100,4.0,6364,48,0,3,20
4,3,700,5.0,5529,44,0,2,4
2,1,600,4.0,3563,12,0,2,21
0,1,100,4.2,1802,41,4,3,9
3,3,900,5.0,5289,32,0,2,17
0,5,1000,4.5,6799,30,5,3,16
4,4,600,4.7,1565,19,1,3,21
0,2,500,3.5,4024,20,3,2,16
0,0,800,4.0,9714,16,1,2,0
6,4,400,4.0,1251,20,5,0,6
6,6,800,5.0,7071,40,1,0,16
3,4,300,4.0,2866,22,2,0,24
0,3,1000,4.5,3016,1,0,2,6
4,1,400,4.5,2365,34,5,0,4
2,7,100,3.0,6480,31,4,0,19
1,5,900,3.5,498,35,4,2,5
5,2,500,4.7,1584,23,5,1,4
1,5,900,4.7,1234,18,4,1,20
1,0,400,4.5,5375,21,0,3,10
6,6,700,3.5,8696,32,4,0,6
5,7,600,4.7,6406,13,2,1,22
1,7,600,4.5,8219,7,2,1,2
3,0,800,3.5,1163,1,5,1,14
4,3,300,4.2,4144,18,0,3,22
5,6,800,4.5,2827,20,4,3,2
3,6,900,4.2,6469,18,4,2,0
2,4,400,5.0,1145,24,2,2,21
5,1,200,4.5,8552,21,3,2,2
1,4,400,4.7,7878,10,3,3,17
6,6,900,4.0,5725,27,3,3,3
6,6,600,5.0,5559,11,2,2,13
0,0,400,3.5,9751,49,1,1,19
5,1,100,4.0,5510,16,1,1,6
1,6,800,4.2,8084,28,4,0,19
1,3,100,4.2,8542,43,5,2,8
6,0,500,4.0,6203,18,1,0,16
6,2,500,4.2,7502,45,0,1,10
0,1,800,4.7,4379,20,0,3,21
6,6,200,3.5,9522,27,2,1,13
6,0,600,4.7,9752,34,1,3,0
2,4,1000,4.7,2982,10,5,2,6
2,5,1000,3.0,8157,26,4,3,8
0,1,400,5.0,2292,39,4,1,16
4,7,800,4.2,9182,39,2,3,9
3,0,100,3.0,9763,25,5,0,17
6,5,200,3.0,3449,11,3,2,15
3,4,300,4.7,5383,47,0,0,4
3,3,600,4.0,5296,46,3,0,26
0,5,1000,3.0,3540,37,4,1,0
2,4,100,3.5,509,31,1,1,26
0,1,100,4.7,6242,27,3,2,23
2,5,500,3.5,2400,26,1,3,13
5,1,500,4.2,9951,15,2,0,8
6,1,100,4.2,9965,1,0,0,23
0,3,600,5.0,560,10,0,1,18
2,5,100,3.5,1308,28,4,2,9
4,7,800,4.5,618,44,3,1,1
3,6,400,4.2,1619,36,3,2,24
0,4,600,4.7,662,29,5,1,1
2,4,700,4.5,4712,46,3,0,3
4,5,1000,3.5,1972,29,5,1,15
1,5,300,3.5,4026,29,1,0,22
6,6,800,4.7,2009,18,0,0,21
2,6,300,5.0,2082,31,4,0,10
4,1,1000,4.0,528,22,4,2,0
3,0,400,4.2,3593,6,4,3,21
2,6,1000,3.5,2751,16,5,3,10
2,3,200,3.0,3840,37,4,3,18
5,5,400,5.0,4819,4,4,3,0
3,5,500,3.5,3376,37,0,3,20
6,0,700,3.5,8324,21,2,0,1
5,2,800,4.7,3555,31,2,0,6
6,3,900,3.5,8907,47,0,1,8
3,5,900,4.5,2973,35,4,1,3
4,5,900,4.5,5311,14,5,1,25
4,5,800,3.5,1201,28,4,2,19
0,4,500,4.0,5603,24,2,1,13
3,3,800,5.0,645,12,5,0,21
0,6,700,4.2,810,32,3,3,20
4,4,100,4.2,374,10,1,3,20
2,1,600,4.5,5605,12,3,0,20
4,4,1000,4.2,1152,16,1,3,11
6,3,1000,4.2,6754,38,0,0,18
4,7,100,4.7,5049,30,5,0,2
5,3,700,4.7,2013,9,1,2,19
2,0,800,3.5,3582,10,3,1,25
2,1,300,4.7,5103,31,1,0,14
3,5,900,4.5,6563,0,1,3,0
6,2,300,4.7,3974,15,1,3,22
3,3,1000,5.0,2119,8,0,2,12
2,4,600,4.2,9077,34,4,1,2
5,6,100,3.0,7842,0,3,0,16
4,2,900,5.0,7105,32,2,3,11
3,7,400,4.7,7884,5,2,2,7
2,5,1000,3.5,5914,12,4,1,22
2,2,500,3.5,9060,1,2,1,17
3,6,500,4.2,5370,1,2,3,21
6,5,100,4.0,5140,14,2,3,20
2,5,800,5.0,4943,28,1,1,25
1,6,200,5.0,4034,29,2,3,9
4,3,400,3.5,6530,26,4,2,25
2,5,700,3.0,5897,12,0,1,25
2,1,400,3.5,3783,9,1,0,0
4,0,500,4.5,4803,6,4,1,9
2,3,700,3.0,7217,1,5,2,12
6,7,300,4.0,5360,43,1,3,24
1,7,300,5.0,8610,3,5,2,4
1,0,800,4.2,628,39,5,3,25
6,6,400,4.0,7387,32,1,1,13
1,4,600,3.0,8125,38,2,2,18
5,0,700,4.5,5214,6,0,3,9
5,7,700,5.0,3910,33,0,1,12
1,1,1000,4.0,2198,32,5,3,9
6,5,500,4.5,5430,47,2,0,4
1,1,100,3.5,9852,3,0,1,20
4,0,100,4.2,8391,21,5,0,0
2,4,900,4.7,4548,42,3,0,6
2,7,900,4.2,4177,19,2,3,21
6,3,300,4.2,4400,1,2,0,7
1,4,600,3.5,6769,17,3,1,22
1,5,500,3.5,7163,12,3,3,6
1,7,200,3.5,6939,46,3,0,6
6,6,700,3.5,51,43,5,2,20
4,7,1000,5.0,4603,6,0,3,6
3,2,200,3.0,4464,49,4,2,9
2,3,300,4.2,5877,11,4,1,21
6,3,300,4.5,2954,12,4,0,9
3,4,800,4.7,2715,36,5,3,13
6,5,400,5.0,347,47,1,2,1
2,4,100,3.0,6288,17,1,0,20
5,4,1000,4.7,5465,4,3,0,25
3,0,200,4.2,6449,20,0,2,21
1,4,900,3.0,5054,48,0,1,22
5,2,400,4.2,8223,24,4,3,15
4,0,800,5.0,1443,13,4,0,0
6,3,200,4.7,2042,40,4,0,25
0,2,500,3.0,3935,2,0,2,18
4,2,600,5.0,3021,41,1,0,16
1,2,500,4.2,7587,36,1,2,4
3,5,400,3.0,4530,28,2,2,7
4,1,900,4.0,7243,14,0,3,9
2,0,400,3.5,1589,9,5,2,9
4,5,1000,5.0,9939,31,5,3,3
2,0,200,4.2,5967,1,1,3,9
2,6,900,4.2,3515,30,2,0,2
1,5,1000,4.0,4818,33,2,3,9
4,0,600,3.5,2674,15,3,3,6
6,7,400,3.5,6297,34,3,1,18
1,3,400,3.5,8743,33,1,1,6
1,1,400,3.0,2360,47,2,1,5
6,2,100,5.0,6427,36,3,2,9
0,4,400,5.0,1834,37,5,3,21
6,3,800,4.2,1317,24,5,3,26
2,4,400,4.2,2616,31,0,3,6
4,0,600,4.0,5105,11,1,2,20
4,5,1000,4.0,9517,24,3,1,12
2,0,900,4.5,4434,40,5,2,9
1,7,1000,4.0,1682,32,0,1,2
0,3,600,3.5,2641,31,0,1,7
6,2,800,4.0,1027,3,1,1,21
0,4,900,4.0,146,12,2,0,9
3,4,500,3.5,2187,26,0,3,20
1,5,700,5.0,4329,1,4,1,13
6,7,700,3.5,9482,25,4,2,7
4,5,500,4.2,458,39,3,3,2
1,6,300,5.0,7365,33,4,0,9
4,0,400,4.2,6386,6,0,1,17
1,1,800,3.0,9400,2,2,0,14
0,7,500,5.0,2998,15,5,3,21
1,2,300,4.0,8858,43,1,1,10
1,5,300,3.5,3934,20,5,0,12
4,5,500,5.0,2286,0,5,3,18
5,6,700,3.0,3077,49,0,0,20
6,2,500,4.7,6650,45,3,1,2
2,3,100,4.5,86,30,1,2,15
5,7,100,4.0,7988,8,4,3,1
6,5,800,3.0,4441,7,0,3,6
1,3,700,3.0,8804,46,0,3,17
1,0,100,3.5,1470,5,2,2,16
1,4,200,3.5,7980,15,0,0,19
0,4,400,4.7,7823,35,0,2,18
0,0,400,5.0,214,21,4,2,17
6,6,600,4.7,3062,18,2,2,7
0,2,800,4.0,3135,15,3,2,22
4,5,100,4.0,8787,1,2,2,18
5,7,100,3.5,6829,17,1,2,26
4,5,1000,4.5,3664,32,4,2,26
2,1,200,3.0,728,27,1,2,9
3,4,1000,4.0,1092,13,2,0,20
4,0,200,4.7,7856,18,1,3,9
4,4,500,4.2,1164,40,3,0,3
0,5,800,4.5,2595,35,0,2,4
5,7,100,3.0,3867,36,1,0,20
4,2,800,3.0,7169,49,1,0,13
4,5,500,3.5,712,20,2,1,24
5,2,600,3.5,6532,13,1,1,15
6,5,300,4.2,645,7,0,2,13
1,0,400,5.0,6741,11,2,2,9
5,2,200,4.2,5470,16,1,3,24
4,7,800,4.0,4005,13,2,3,2
3,6,900,4.7,9301,13,1,1,7
4,2,800,3.5,5874,24,5,0,13
4,3,400,4.2,2114,35,5,0,21
5,0,800,4.0,5809,16,4,1,13
4,0,800,3.0,1812,6,0,2,24
2,0,1000,5.0,4194,31,1,3,9
5,2,100,4.0,6709,16,3,2,20
2,6,300,3.0,9555,44,5,1,9
1,7,700,5.0,4272,31,4,3,22
5,6,200,4.2,788,42,1,0,11
5,1,300,4.7,958,37,2,3,14
3,2,1000,5.0,1530,10,1,0,18
5,3,900,5.0,9755,38,3,1,20
4,4,900,4.7,3710,49,3,3,0
5,5,100,4.2,2868,22,1,3,4
1,4,800,4.2,949,14,0,3,20
5,5,500,5.0,219,40,1,0,17
6,2,600,4.7,6228,27,1,1,11
0,7,300,5.0,7248,49,2,2,21
0,0,1000,4.7,6436,17,0,3,3
2,5,100,4.0,1867,9,1,1,13
5,2,600,4.7,9184,10,2,2,10
0,6,200,5.0,3629,24,2,1,25
6,6,100,4.0,8354,35,3,1,0
0,2,500,4.0,544,20,3,3,16
5,7,500,4.0,1767,38,5,0,26
1,1,100,4.0,6926,31,1,0,25
0,6,900,4.2,3836,33,5,1,21
6,6,300,4.2,389,38,2,1,25
2,0,900,3.5,9555,13,4,0,18
6,1,100,4.5,6252,31,5,0,20
6,7,200,3.0,5688,48,2,2,10
4,6,500,5.0,6570,34,3,1,21
6,1,200,5.0,1077,6,2,1,9
4,7,900,3.5,1291,37,0,0,19
4,1,100,3.0,614,31,4,2,9
1,0,900,3.0,225,25,4,3,3
2,0,1000,5.0,222,18,0,2,4
2,6,100,4.7,5757,27,1,0,23
6,6,200,4.7,5622,14,2,3,13
6,5,200,3.0,9826,26,5,2,2
1,3,300,4.2,5166,26,0,2,10
2,2,400,4.0,8474,8,4,0,0
6,5,800,5.0,7661,40,4,0,12
1,6,500,4.5,2420,27,2,1,3
1,6,700,3.0,5995,37,3,3,6
4,0,500,4.5,1983,38,2,2,18
4,1,400,3.5,5465,45,0,1,13
4,4,300,3.0,9652,41,1,0,18
5,1,700,4.0,8207,39,3,3,21
0,1,1000,4.2,7810,43,2,0,10
2,6,900,4.2,6842,37,5,0,26
0,7,900,3.0,5632,49,3,3,16
0,6,700,4.7,4483,20,1,2,25
1,7,100,3.5,9522,10,3,1,18
4,7,800,3.5,4545,41,4,1,18
3,3,100,4.0,9259,40,3,1,4
0,0,900,5.0,8019,41,5,3,20
5,6,400,3.0,742,13,0,1,8
6,1,900,4.0,9622,25,2,3,13
5,4,200,3.5,610,1,4,0,6
6,2,100,4.7,5812,26,1,1,25
1,3,400,4.7,7462,38,0,1,5
4,0,800,4.5,2298,29,2,0,12
4,5,400,4.0,4513,41,4,0,26
6,3,300,5.0,9412,14,4,1,9
1,0,800,4.5,1419,32,3,1,2
1,3,400,4.5,1345,21,5,3,13
1,7,700,4.0,2604,42,0,0,6
4,5,700,4.7,7884,42,0,2,2
1,5,100,5.0,6711,26,3,0,4
4,0,600,3.0,5030,18,4,0,13
6,6,100,3.5,8806,18,1,3,21
6,7,500,4.5,6040,17,0,2,21
6,7,900,4.5,9171,26,1,0,1
6,2,800,4.7,5473,16,5,3,11
3,3,800,5.0,4444,18,2,3,4
4,1,1000,4.0,4129,38,5,3,23
2,6,900,5.0,9109,28,4,1,6
6,3,900,4.7,7893,25,1,2,21
1,5,200,5.0,4669,18,2,0,10
1,2,900,4.2,6200,42,4,1,8
1,3,1000,3.5,6352,43,1,3,26
5,2,100,4.0,1388,39,4,2,9
5,3,700,4.5,892,35,0,1,11
5,6,400,4.5,1723,32,1,3,6
3,6,200,4.0,9129,26,0,1,25
5,1,1000,3.0,7692,30,5,0,4
1,3,100,4.2,2131,19,5,1,4
0,4,100,4.0,9316,46,2,3,0
2,4,200,3.5,4135,35,4,2,26
2,4,300,3.5,1062,40,5,1,21
3,0,600,4.7,4848,22,2,2,12
6,4,1000,4.5,7427,44,3,0,0
0,2,700,4.5,766,3,5,3,10
5,6,100,4.7,2234,44,0,0,13
5,0,100,4.2,8901,30,0,0,19
2,7,500,3.5,9975,21,0,2,19
2,6,900,4.5,1320,7,5,0,2
3,4,600,4.5,9809,28,2,1,2
5,1,300,4.5,7784,15,0,3,18
2,6,300,4.5,4666,19,1,3,26
6,1,1000,4.0,9563,14,2,1,12
3,1,1000,3.0,3917,41,1,3,25
2,4,300,4.7,3888,47,4,0,18
0,3,700,5.0,1148,21,5,0,25
4,5,700,3.0,6247,44,0,0,25
6,5,800,3.0,7518,4,2,1,2
6,2,200,4.7,2753,44,3,1,18
1,1,100,3.5,1101,43,1,2,17
5,5,100,3.5,1474,16,0,0,20
6,3,100,4.5,9550,16,5,3,9
5,3,100,3.5,4206,23,5,1,4
4,0,1000,5.0,5398,1,0,0,2
0,4,900,4.5,1595,25,2,2,10
5,6,200,4.7,3966,2,2,2,2
3,3,800,3.5,8496,18,2,0,12
5,0,500,4.7,882,32,5,3,7
1,6,900,4.2,1603,37,0,3,17
5,1,400,3.0,7826,8,4,3,13
0,0,800,4.5,2395,47,2,3,0
0,2,100,5.0,2354,48,1,2,9
2,4,1000,5.0,1539,49,0,0,17
4,4,100,5.0,5972,46,4,3,20
5,0,200,4.7,9745,27,3,1,22
2,4,700,3.0,6245,25,5,1,20
0,4,600,3.0,1849,7,2,1,20
2,6,700,5.0,3798,21,4,2,26
0,4,500,4.5,364,49,1,3,18
4,0,1000,4.0,3793,45,4,3,9
0,7,500,4.7,4097,21,4,0,15
6,7,1000,3.0,6960,5,3,0,12
4,5,300,4.0,2936,20,3,3,21
2,7,500,4.0,4487,21,2,3,4
2,6,1000,5.0,1179,26,2,2,6
1,0,200,5.0,4401,9,2,0,26
2,1,400,4.0,2588,49,3,3,8
5,6,900,3.5,6908,31,1,2,1
1,2,600,4.0,2780,7,2,1,6
6,2,700,3.0,601,18,0,0,3
4,7,700,4.7,7182,16,4,0,0
6,3,1000,3.0,1899,44,2,0,24
6,3,200,4.7,5924,34,2,0,21
3,2,100,4.5,2204,31,3,0,18
3,4,200,4.0,7229,31,1,2,24
2,6,1000,4.2,4700,5,0,0,10
1,6,600,3.0,9473,25,5,0,21
6,3,300,4.2,8091,18,4,3,11
4,5,800,4.7,8441,9,1,2,4
5,7,600,3.5,2812,39,5,3,15
4,4,200,5.0,2267,17,3,0,19
2,6,800,4.2,7942,12,1,2,21
0,7,800,4.0,7480,38,4,2,9
2,5,500,4.7,3255,46,1,0,4
2,5,1000,3.0,8175,27,4,1,10
5,1,400,4.0,4924,8,4,1,8
3,5,100,3.5,862,16,4,3,26
6,5,300,4.2,7451,17,0,2,16
3,6,800,4.2,9278,18,4,2,4
0,7,600,5.0,153,38,1,2,6
3,0,900,4.7,1968,1,3,2,4
4,6,400,4.0,2646,20,1,2,14
5,5,200,4.7,2003,44,1,2,17
3,3,400,3.5,7075,20,5,2,2
4,7,700,4.2,3831,2,0,2,0
2,2,200,4.5,704,45,0,3,26
4,3,300,4.7,2297,48,1,3,3
1,1,600,3.5,2170,38,3,2,2
4,3,900,5.0,639,46,3,3,22
3,6,800,4.7,4674,34,3,0,15
6,0,800,4.5,2207,47,5,0,23
2,5,100,4.7,9319,14,1,3,25
0,4,200,3.0,2725,20,1,3,0
1,5,400,4.0,7100,42,4,2,9
6,0,100,3.5,8063,8,2,1,26
5,3,800,5.0,3582,32,5,2,4
6,0,600,4.0,7230,13,2,0,16
0,1,200,4.7,3134,1,1,3,22
2,7,1000,5.0,7082,21,5,1,17
3,5,1000,5.0,8140,10,5,1,3
4,1,200,4.5,3808,43,1,3,2
1,7,100,3.0,3901,40,4,3,0
0,3,200,4.5,1890,36,4,3,13
3,6,300,5.0,4722,1,1,2,9
4,0,800,4.2,7488,23,0,3,25
6,4,800,3.0,3128,44,4,0,1
6,1,700,3.5,8795,31,5,0,9
1,1,600,4.5,9341,11,4,3,18
0,4,200,5.0,1966,35,2,3,20
0,0,100,4.0,5726,35,2,2,0
2,6,800,4.0,270,5,3,2,5
6,7,800,4.5,1588,12,1,0,6
1,0,100,4.7,4416,44,4,2,21
4,0,900,5.0,9635,20,3,1,20
1,0,1000,4.7,1720,48,4,0,6
4,4,700,3.0,3372,32,2,0,9
2,1,600,4.0,2688,37,0,3,13
5,5,400,4.0,2823,6,0,3,3
2,5,800,3.0,6246,30,4,0,12
1,5,500,5.0,4726,34,4,3,24
6,1,300,4.7,4679,0,2,0,16
5,6,300,3.5,5625,0,2,0,21
4,0,900,3.5,5711,31,4,2,12
6,6,400,3.5,7941,27,1,1,9
1,5,900,4.0,7205,7,2,0,19
2,7,300,4.0,9376,0,4,1,1
3,4,300,3.0,9322,47,2,2,1
6,3,200,4.2,5562,20,5,1,26
0,1,600,4.2,4329,34,4,3,5
0,2,800,5.0,7045,3,2,3,7
2,2,200,5.0,3257,10,0,3,6
2,7,300,4.0,7761,25,2,0,18
0,4,400,5.0,7847,42,3,0,2
4,1,1000,4.0,3243,8,0,2,13
5,4,600,4.0,1877,12,5,1,19
4,6,100,3.0,7512,19,4,3,18
6,7,100,4.0,5054,16,3,1,25
3,5,600,4.7,2933,10,2,0,13
5,5,400,5.0,9130,9,4,3,26
6,6,1000,3.0,1156,46,1,3,21
3,4,200,4.7,6426,22,5,0,25
5,4,900,4.2,4815,37,1,2,10
5,7,200,3.5,8385,36,4,0,17
1,6,500,4.5,4434,41,3,1,13
2,6,600,4.2,5930,6,0,3,24
6,3,700,4.5,7967,41,1,3,2
6,7,500,3.0,7331,10,3,0,1
4,3,200,5.0,3739,32,5,2,18
5,7,400,3.5,2440,34,1,3,21
5,7,1000,4.2,6596,31,3,3,12
4,0,500,3.5,3185,27,3,2,23
1,7,200,3.0,3161,7,5,0,13
3,7,1000,3.0,724,48,1,1,2
3,0,100,4.7,8475,49,1,0,20
1,2,100,4.5,636,11,1,3,18
6,1,700,4.7,2793,46,4,0,8
6,4,1000,3.0,2141,42,1,1,8
2,3,800,4.0,7121,28,4,3,9
4,1,300,3.0,3848,24,2,0,19
3,1,300,3.0,8551,39,3,3,4
3,5,100,4.5,9289,32,0,1,25
2,1,1000,4.0,4845,24,3,0,13
3,5,300,3.5,7168,36,1,1,16
0,7,300,4.0,7925,6,5,2,3
2,1,400,4.5,1264,48,0,3,18
1,5,1000,5.0,6295,35,1,1,3
4,2,300,4.7,8946,27,5,2,18
1,6,400,4.2,9693,37,5,0,7
2,7,200,3.0,4755,12,4,0,24
5,0,1000,4.0,3083,46,1,3,6
6,4,800,4.0,1209,33,2,1,1
0,3,100,3.0,8848,23,1,2,9
2,7,100,3.5,6325,19,3,0,7
3,1,300,4.2,6501,11,3,1,26
6,1,1000,3.5,9545,48,2,0,26
0,2,500,4.5,537,44,2,3,5
0,0,1000,5.0,9195,49,1,3,8
5,5,200,4.7,7910,35,3,1,24
5,6,600,4.0,1115,6,4,1,2
5,7,800,3.5,8097,9,1,2,14
0,4,500,3.5,8604,47,5,3,24
0,4,800,4.0,9083,30,5,1,13
4,2,200,3.0,2364,17,5,0,17
0,0,1000,4.5,5816,31,1,2,16
6,0,400,4.2,1653,28,4,0,1
1,7,500,5.0,5976,20,3,2,21
1,7,900,4.5,5004,32,5,2,1
6,7,200,3.5,4139,18,2,1,17
2,2,600,4.7,7432,36,1,0,1
3,2,600,3.0,1280,39,0,0,18
5,5,200,5.0,4087,21,3,3,16
6,4,300,4.2,4158,2,0,3,6
3,5,500,4.2,1273,40,1,3,21
0,2,1000,3.5,4957,31,0,0,4
3,5,300,4.0,7554,24,5,0,6
1,6,400,5.0,2473,27,3,0,22
4,1,600,4.5,7871,23,0,3,11
1,0,100,4.2,1773,35,1,1,2
0,3,300,3.0,7196,25,4,3,25
3,5,600,3.5,1931,12,5,1,18
3,4,500,4.0,8578,18,5,0,2
2,0,500,4.2,3509,18,4,2,21
2,3,700,4.7,495,0,0,2,17
2,1,400,4.0,6539,32,5,0,18
4,2,800,4.5,5540,27,1,2,9
5,0,900,4.2,1255,46,2,0,15
0,1,200,3.5,9457,33,0,1,16
4,6,200,5.0,5402,3,3,0,3
4,1,1000,4.7,3771,21,1,1,8
6,2,1000,4.5,557,35,3,1,17
3,0,900,3.5,4070,44,0,2,18
5,4,600,4.2,3537,38,3,3,0
3,3,500,4.2,3225,28,3,0,6
1,4,200,4.5,4321,24,0,1,2
3,2,600,3.0,1833,27,0,3,20
6,5,200,4.7,8410,31,5,0,21
5,6,300,3.0,4377,3,1,2,13
1,6,900,4.0,6860,16,3,1,6
0,2,100,3.5,8285,43,3,2,25
6,1,900,4.5,6482,9,5,0,19
2,2,200,3.0,741,23,3,2,24
0,7,700,4.0,8191,14,3,0,2
6,6,1000,4.0,8358,22,0,0,18
2,1,500,3.5,351,0,0,0,19
5,7,300,4.7,1503,13,0,0,1
4,7,400,4.0,7418,19,1,3,3
2,5,700,3.0,6586,31,2,3,0
1,7,700,4.5,1445,33,0,0,11
0,0,200,4.2,748,31,0,0,8
0,2,700,4.7,9124,17,5,3,7
3,0,100,4.0,5734,15,0,2,12
0,6,400,4.7,4320,7,4,2,23
1,0,600,4.0,9701,11,5,2,4
5,3,1000,4.5,6508,21,3,0,15
3,2,300,3.0,5278,13,5,0,22
6,2,200,5.0,9020,29,5,3,13
2,7,900,4.0,9450,15,1,2,16
1,4,1000,5.0,5899,11,5,1,17
6,0,400,5.0,6064,34,0,0,20
5,4,600,4.0,2751,16,1,2,13
4,0,200,4.0,7194,25,5,0,9
5,7,400,3.5,9567,48,1,3,14
0,6,700,4.7,4828,14,0,2,19
1,0,900,5.0,9257,26,1,0,21
3,5,1000,3.0,3049,13,3,0,4
0,7,800,4.0,767,48,4,2,14
5,1,200,4.2,5696,26,1,1,13
1,4,500,4.0,9032,1,3,2,15
5,4,100,3.0,7469,12,5,0,21
0,5,900,4.5,7501,8,1,1,13
6,2,100,4.0,3512,48,1,1,20
4,2,600,3.0,8466,25,0,3,11
1,2,500,3.0,9425,48,2,0,21
4,5,500,5.0,2845,8,0,0,0
3,3,300,4.2,6862,0,1,1,16
1,0,400,4.0,5570,41,5,1,1
5,6,300,4.5,1468,39,4,1,2
0,2,100,4.0,4240,30,0,2,1
3,0,800,4.0,3741,41,1,1,18
5,3,600,5.0,4236,45,0,1,4
1,6,500,4.7,5301,22,4,0,12
0,4,200,4.7,8314,16,0,2,26
5,1,400,4.0,5255,31,0,0,23
3,6,400,3.0,7341,26,0,1,15
3,5,1000,4.0,2576,33,4,1,7
1,3,500,3.5,7987,26,3,1,1
3,3,100,3.5,8144,7,1,0,20
0,2,600,5.0,583,22,3,1,14
6,3,500,4.5,6241,46,1,3,6
6,1,700,4.0,8365,1,4,3,14
5,0,500,4.2,5411,7,0,3,23
3,3,800,4.7,73,39,5,1,18
3,7,700,4.7,5748,12,0,0,10
0,7,700,4.5,4347,30,5,0,22
5,3,800,4.2,5388,20,4,2,7
0,7,900,3.5,7750,42,3,3,21
3,6,600,4.5,1068,39,5,2,18
0,0,800,4.5,2303,20,4,1,7
4,5,100,4.2,6645,16,5,2,6
6,0,300,4.5,8420,21,5,0,10
0,6,300,4.0,6901,22,4,2,9
2,2,700,4.0,2348,26,1,3,4
5,6,600,3.5,8972,49,0,2,2
4,6,900,3.5,1867,4,2,2,7
3,6,400,5.0,8760,5,5,3,2
4,5,800,4.2,5122,7,3,1,13
4,2,200,4.5,2422,18,3,0,17
3,7,700,4.0,7519,6,0,0,17
5,4,200,4.5,2646,5,4,0,3
5,0,400,3.0,2145,17,1,3,13
4,6,600,3.0,1910,41,0,0,0
6,4,1000,3.0,4013,20,3,2,16
6,5,900,4.7,4999,42,5,1,21
3,0,200,3.5,8666,34,1,0,1
3,6,900,3.0,3050,1,4,3,17
6,5,800,4.2,2864,43,1,3,1
3,3,900,3.0,7980,48,3,0,9
2,3,100,4.7,9342,28,4,3,0
4,6,100,4.2,7674,37,0,3,0
0,5,100,4.5,2612,16,2,0,13
0,6,200,4.2,6354,35,2,3,0
2,3,900,4.2,3757,49,4,3,18
2,3,1000,3.0,496,2,5,1,24
6,5,500,5.0,7162,11,4,1,11
4,2,700,4.0,7525,44,1,1,6
0,7,600,3.5,5068,39,3,3,12
0,1,900,4.5,6897,34,4,1,21
4,2,1000,4.7,8984,32,1,3,12
0,1,800,4.7,6924,11,0,0,21
4,4,600,3.5,6456,38,0,0,13
4,2,400,4.2,5688,8,0,3,22
5,2,200,4.2,4945,42,3,3,21
3,1,200,4.2,3457,16,0,2,2
2,2,100,4.0,1239,10,0,2,20
1,0,800,3.5,6518,48,4,1,1
4,1,900,5.0,3885,29,4,3,16
5,1,300,3.5,5478,49,3,1,2
2,5,600,3.0,3542,37,5,2,10
3,2,900,4.7,3328,6,3,2,17
5,2,800,4.0,5896,34,1,0,4
0,2,200,4.7,8234,16,2,3,18
4,4,200,4.7,9418,40,0,2,11
1,5,300,5.0,4780,9,0,3,25
6,5,600,4.0,3558,33,2,1,6
2,5,1000,5.0,2906,47,4,1,1
1,3,800,4.5,751,23,3,2,22
1,6,600,5.0,5123,29,1,2,3
2,7,700,5.0,4818,34,5,2,6
1,4,300,4.0,8088,9,4,0,18
4,2,100,5.0,2025,29,1,0,0
0,1,900,4.5,5681,33,3,2,19
6,2,400,4.5,2122,48,4,2,14
2,5,300,3.5,6375,8,3,2,0
1,4,300,4.2,6042,32,3,0,17
3,1,800,3.5,6080,3,0,1,12
4,6,300,5.0,2104,38,5,1,17
3,4,1000,4.0,4729,1,0,1,17
6,3,900,5.0,1390,49,4,1,16
5,3,100,4.0,2918,6,3,1,9
3,3,100,4.7,408,24,5,1,26
3,1,800,4.7,5190,48,1,2,2
1,6,500,4.0,7499,41,3,2,9
2,4,500,4.5,5695,38,4,1,18
0,4,1000,3.5,3022,45,3,1,26
0,0,900,4.2,3370,40,3,3,0
6,3,200,5.0,3437,16,5,0,12
2,5,800,4.7,9590,36,2,2,24
5,1,200,5.0,6767,7,0,3,7
1,4,500,3.0,1168,33,3,2,20
2,5,400,4.5,7754,17,1,0,19
3,3,100,4.0,1478,25,1,2,10
5,2,1000,5.0,2669,3,4,2,18
6,6,600,5.0,9534,4,2,0,4
5,4,900,5.0,3310,33,1,0,9
6,5,100,3.0,6215,45,0,0,8
0,7,900,3.0,7137,6,4,3,21
5,2,500,5.0,8389,9,1,2,2
0,1,200,3.5,5723,2,4,3,19
0,6,200,3.5,9572,46,3,2,10
4,0,100,4.7,7390,48,0,3,11
5,5,300,4.7,6830,27,0,0,2
0,7,800,5.0,5117,11,2,0,17
3,7,900,5.0,8699,32,3,2,21
4,2,500,4.5,8834,38,1,3,1
1,4,900,4.0,5115,46,4,0,10
0,4,300,4.2,932,49,4,3,10
5,7,200,4.7,7971,3,4,0,21
2,5,400,4.5,5158,24,0,0,8
6,7,100,5.0,3437,38,5,2,14
4,7,1000,4.7,4490,42,3,0,21
3,3,300,4.0,9110,22,5,1,19
1,6,200,4.5,7444,19,5,3,19
4,3,400,5.0,6449,33,0,3,21
1,4,100,3.5,8544,15,3,1,11
1,5,100,4.0,4567,31,5,3,17
0,5,800,3.5,4563,34,4,0,5
6,4,400,4.2,4667,7,3,2,10
1,0,700,3.5,3262,21,5,1,0
0,3,200,3.5,1928,26,0,1,17
1,0,200,3.0,7290,42,5,1,20
0,2,700,5.0,7874,37,0,2,6
3,7,200,5.0,5407,22,5,0,9
1,1,400,4.7,3327,39,0,1,12
1,1,500,4.2,72,47,4,3,14
5,3,800,3.5,1459,40,0,0,6
3,4,600,4.5,3383,10,0,0,12
0,5,800,4.0,6542,14,0,2,21
6,7,600,3.0,168,14,4,1,20
2,4,400,3.5,7749,35,5,0,15
0,3,500,3.0,8257,30,2,3,13
6,2,900,4.5,8947,15,3,3,2
3,2,900,3.5,255,14,2,1,2
3,6,400,3.0,5191,13,5,0,4
0,4,700,4.0,3789,9,0,3,10
3,5,700,4.5,2373,37,2,0,24
4,2,100,4.2,5090,26,3,0,23
0,7,800,4.0,5447,33,3,1,14
0,0,400,4.7,3032,36,0,3,6
1,0,1000,3.0,151,36,4,0,6
0,1,500,3.0,5135,4,1,3,3
1,1,100,4.2,986,26,0,3,16
6,0,1000,4.7,2236,6,0,2,2
3,2,400,4.2,3598,30,2,0,19
2,2,900,4.2,4419,5,1,0,16
0,4,500,4.2,9235,0,4,3,13
0,4,800,5.0,6246,4,4,0,9
0,3,600,4.2,5933,24,0,2,14
6,4,500,4.7,6211,49,4,0,4
0,3,500,4.0,1649,21,4,3,25
6,4,700,4.2,2146,13,1,2,17
0,3,600,4.7,4798,5,3,0,14
0,2,900,4.5,2352,8,3,3,11
4,4,500,4.0,2065,47,1,1,9
2,2,700,4.2,6875,4,5,0,17
6,5,200,3.0,5070,41,0,2,2
6,4,700,4.5,5918,14,0,2,20
1,3,400,5.0,428,43,5,0,1
6,4,800,4.2,261,25,3,3,4
5,6,800,3.5,1628,26,1,2,0
5,5,100,3.5,6988,29,0,0,6
4,0,300,4.5,702,35,2,0,14
1,0,600,4.0,4173,17,3,0,23
3,7,100,4.2,6995,11,1,1,9
0,5,900,4.0,4725,48,2,2,1
3,7,900,3.0,2228,7,2,2,21
4,2,200,3.0,5355,43,2,1,15
5,7,800,5.0,5374,38,3,1,22
3,5,900,4.7,7486,32,0,0,25
3,6,600,4.7,9694,29,5,0,19
4,1,600,4.2,3079,7,3,1,3
1,1,400,4.2,4305,29,2,1,2
2,5,600,5.0,2301,25,5,0,0
3,1,800,4.0,4678,16,0,1,4
4,2,600,3.5,733,45,4,2,26
5,6,200,4.5,5723,22,2,0,19
5,4,200,3.5,2900,18,0,0,21
5,7,600,3.5,7394,38,0,3,1
3,2,1000,3.0,7580,47,0,2,3
2,2,200,4.5,648,45,5,0,20
5,0,500,4.7,584,35,1,1,19
1,3,700,4.5,6057,19,0,2,4
0,6,900,4.7,1070,28,4,2,6
2,2,800,3.5,4090,46,1,0,13
0,7,400,5.0,9003,5,2,3,8
6,0,200,4.5,3865,11,5,3,0
5,7,500,4.0,8211,1,5,0,14
4,6,800,4.7,7045,48,2,3,11
4,3,100,5.0,2248,28,5,1,8
3,7,1000,4.5,3308,3,0,2,2
5,3,600,4.0,5595,35,0,1,0
3,4,200,5.0,6962,10,1,2,20
3,4,900,4.2,4147,31,5,1,14
3,5,200,3.0,728,10,4,3,24
6,6,400,3.0,8619,28,2,3,0
1,1,1000,4.2,6480,45,1,1,7
4,6,900,5.0,7395,15,2,1,18
6,4,400,5.0,4596,32,3,3,13
2,2,300,3.5,7372,14,3,0,25
3,2,700,3.5,9093,6,2,1,12
0,4,900,5.0,1774,19,2,3,11
6,5,1000,3.0,8167,29,4,0,15
3,7,400,4.0,791,39,5,0,6
4,0,100,5.0,8717,28,0,0,7
5,4,900,3.0,8149,10,3,2,6
1,6,1000,4.7,4793,29,0,2,2
3,5,500,5.0,3324,47,5,0,14
4,7,500,5.0,8480,26,5,2,8
6,2,100,4.2,130,40,5,2,21
5,4,500,4.7,5365,42,2,2,14
3,4,600,4.0,5972,49,3,3,6
2,4,300,3.0,6349,7,1,0,14
3,3,800,4.7,9336,12,4,2,9
1,0,200,4.7,3903,30,2,2,4
2,2,600,3.5,450,47,1,3,13
3,1,300,4.7,8175,21,3,0,8
6,0,300,4.0,8746,0,3,2,22
4,4,300,3.5,6013,6,0,0,1
0,3,300,4.7,1879,19,0,1,23
3,3,1000,4.5,4465,42,0,0,25
5,6,300,3.0,4155,26,4,0,22
2,2,400,4.5,1426,7,3,1,19
5,4,700,4.5,9292,37,5,1,25
3,3,900,5.0,905,17,4,0,21
0,7,1000,3.5,5277,33,2,3,9
4,4,700,4.5,8213,32,3,0,8
6,0,400,3.5,67,20,4,3,22
3,5,800,4.2,9780,30,0,3,12
5,3,900,4.0,454,18,4,1,17
3,2,100,4.0,9952,24,2,2,16
5,6,900,4.7,1915,13,4,2,1
5,1,300,5.0,7168,27,3,0,22
3,6,300,3.5,853,17,2,1,1
5,7,700,3.0,7579,48,1,3,12
5,2,700,4.0,1833,47,1,3,21
4,6,800,4.5,6770,48,2,2,14
0,0,300,4.2,3759,13,5,0,26
2,5,1000,4.2,1642,27,5,0,18
1,7,100,4.5,9782,45,3,0,11
5,0,600,4.7,1256,19,4,2,13
6,1,500,3.0,489,46,4,2,13
2,3,300,4.0,94,35,1,1,0
6,4,500,4.7,4027,41,0,1,9
5,7,900,5.0,6691,16,2,1,17
1,5,800,5.0,8770,44,2,2,18
5,7,900,4.5,621,1,5,1,5
6,6,500,3.5,8072,48,0,2,10
1,6,500,4.5,1766,4,2,1,3
1,4,200,4.0,5354,19,2,2,5
5,7,300,4.0,7756,27,1,2,14
1,0,100,3.0,7537,45,3,2,2
5,3,900,3.0,9550,45,0,3,21
6,0,200,4.7,7364,1,5,2,21
6,7,900,4.5,1610,16,2,3,6
6,5,500,4.2,3814,35,4,0,17
5,0,1000,4.2,6732,16,4,2,1
2,2,100,4.2,6052,33,2,3,3
4,1,100,4.5,3676,2,5,1,18
2,5,300,5.0,8334,19,3,1,2
3,2,100,3.5,8675,47,3,2,4
0,2,1000,4.2,3906,47,5,2,21
2,1,300,4.2,3073,35,3,1,21
0,6,600,3.5,1615,19,5,2,2
6,1,300,5.0,9910,12,1,3,13
6,1,1000,4.7,1488,1,0,2,8
4,6,700,4.2,6641,42,1,1,1
0,5,300,4.7,8187,35,5,1,2
3,6,800,4.0,4446,31,5,3,19
2,0,700,4.5,3909,21,3,0,3
1,3,400,3.5,7969,28,3,1,9
4,2,500,5.0,8118,8,4,0,8
3,6,500,3.5,1953,4,1,2,9
2,7,600,4.2,3171,47,3,1,25
0,0,900,4.0,8965,7,3,3,9
4,6,400,4.0,5727,38,3,0,15
5,0,400,5.0,8157,43,2,3,15
1,4,200,4.5,673,23,0,3,0
3,2,1000,4.7,4705,42,2,1,19
3,0,700,4.5,3650,34,3,1,12
6,2,700,5.0,1335,7,3,0,23
2,4,800,3.0,3969,22,0,2,1
6,0,1000,4.7,8631,4,0,0,18
0,4,400,4.2,301,9,4,1,25
1,1,400,4.2,6101,40,1,1,12
5,7,500,4.5,2117,7,3,3,25
3,7,200,4.7,8461,23,5,3,24
5,3,600,3.0,8658,37,4,2,2
0,7,1000,4.5,5940,43,1,0,4
6,5,400,4.2,5285,13,1,1,10
5,4,300,4.7,1616,13,4,0,10
5,3,700,4.5,9644,36,2,1,6
3,7,300,4.5,5774,22,2,1,21
6,4,900,3.5,8679,8,4,0,8
5,2,900,4.7,8168,20,3,1,9
0,2,100,4.7,9199,5,3,0,17
6,3,1000,4.0,5551,15,0,1,4
6,4,500,4.2,8586,18,4,0,0
2,3,1000,3.5,1351,23,2,0,22
6,2,500,4.5,2890,36,3,2,16
2,7,500,5.0,8364,34,1,1,1
4,5,300,4.7,7385,19,5,1,12
0,4,200,4.2,8781,36,4,3,2
4,2,600,4.2,2029,23,5,2,23
4,6,300,4.2,60,28,3,0,19
6,0,800,3.5,6738,49,0,1,2
6,5,500,5.0,3561,25,3,1,25
1,0,300,4.5,1460,6,1,1,4
4,1,700,4.0,7263,42,3,0,20
6,3,1000,4.0,4673,19,2,2,17
6,3,500,4.7,2615,1,1,1,6
6,7,700,4.0,897,5,3,1,0
6,4,700,4.2,7054,35,5,0,20
5,2,700,4.5,8229,3,2,1,9
2,2,1000,4.7,4617,39,0,2,21
4,0,900,4.7,69,20,5,3,20
5,1,800,3.0,1769,39,5,0,20
2,7,700,4.2,8286,33,1,3,7
5,4,100,3.0,8472,15,1,1,1
5,1,500,4.5,8490,6,4,3,10
5,2,300,4.2,2748,4,4,2,2
6,0,200,3.5,2224,44,1,1,5
4,5,900,4.7,2220,3,3,0,10
3,1,100,4.0,6500,13,1,3,25
1,5,500,4.0,4177,15,1,2,8
4,0,900,4.5,8342,27,5,3,9
0,3,200,4.7,2472,25,2,1,2
5,0,200,4.2,5911,26,1,1,9
2,6,900,4.2,8868,46,0,0,9
5,7,200,4.5,1363,14,0,0,20
2,7,400,3.5,912,20,3,2,4
2,5,500,4.2,5943,1,2,1,8
4,2,200,4.2,562,28,5,0,18
6,7,700,4.7,4679,39,3,3,21
0,5,400,4.2,8577,27,5,2,20
2,1,300,5.0,1492,19,3,1,20
0,5,800,4.0,4973,8,3,3,9
6,1,1000,4.0,8445,16,2,1,0
5,0,600,3.5,3982,46,5,1,18
0,1,800,4.5,733,12,5,0,2
3,4,500,4.5,4154,16,2,1,1
3,3,300,4.5,5737,48,0,1,19
2,2,500,3.5,9349,33,1,2,23
5,0,500,5.0,6448,33,1,3,3
0,1,1000,5.0,4233,47,3,2,20
1,3,300,3.0,519,10,3,2,19
3,2,700,3.0,3886,25,0,3,22
0,7,200,4.0,219,10,3,1,18
2,3,400,4.5,9964,13,3,3,1
0,4,600,4.7,435,30,0,1,2
3,4,700,4.0,4115,11,1,0,9
0,5,700,4.2,2184,2,5,0,2
4,3,300,5.0,6090,23,1,1,5
4,3,700,4.7,8314,15,2,0,6
0,5,100,4.0,9840,32,3,2,4
0,4,900,3.5,9620,3,3,0,1
2,5,900,4.0,6514,4,2,3,20
5,1,800,4.2,6496,21,3,2,20
6,3,600,3.5,9498,44,3,3,1
5,6,400,3.0,3471,32,1,2,18
2,4,700,3.0,5342,13,1,2,13
5,1,200,3.0,7171,40,0,0,21
5,0,100,3.5,2477,20,2,1,19
0,3,800,4.5,7359,31,1,1,13
6,5,200,3.5,2058,11,2,2,25
3,2,800,4.5,760,3,1,1,24
3,2,700,4.0,8965,26,4,0,23
5,5,800,5.0,2856,48,4,2,25
3,2,500,4.5,612,1,0,0,21
1,5,500,4.5,2295,36,1,1,2
6,6,100,4.7,3500,42,0,0,18
3,4,900,4.5,8865,37,4,1,12
0,7,400,4.2,9033,11,0,3,10
2,3,900,4.0,4687,47,1,1,16
4,4,600,4.5,9151,22,1,0,17
0,5,200,4.0,7222,25,4,1,10
0,3,100,3.5,9168,41,2,1,20
1,2,700,4.0,296,38,3,3,21
5,0,100,3.0,4954,46,1,2,21
5,6,400,4.2,9117,5,0,3,20
0,0,1000,4.0,7067,22,1,2,23
0,5,1000,5.0,9645,46,5,1,3
3,1,300,4.5,2599,13,2,1,9
0,7,900,3.5,385,23,1,0,3
4,0,900,4.5,2199,48,5,2,15
3,3,800,3.0,3333,37,4,1,3
6,6,500,3.5,5695,34,2,1,15
5,6,700,4.7,9733,47,2,3,18
5,7,300,3.5,956,2,0,3,15
4,4,500,5.0,707,3,3,2,13
6,5,100,4.0,2701,43,1,0,22
6,5,800,3.0,6143,28,5,0,21
5,0,700,3.0,762,3,5,0,21
1,3,1000,4.0,5543,36,3,3,12
0,5,900,3.0,6028,44,4,2,9
3,6,300,4.7,6858,33,0,3,23
0,0,300,3.0,2211,25,0,3,12
0,5,100,3.0,7977,18,5,2,12
4,2,1000,4.7,459,1,1,1,3
6,7,600,3.5,6905,49,3,2,25
1,0,1000,4.5,7403,32,3,3,24
3,4,600,3.0,6631,39,2,3,20
6,4,300,3.5,1897,32,3,2,1
0,0,200,4.7,3005,24,3,2,10
0,6,400,5.0,2524,31,3,0,2
1,0,1000,4.0,4995,32,2,1,12
6,2,800,3.5,2479,13,2,1,5
1,4,900,4.0,2196,26,0,3,18
5,6,900,5.0,7044,11,2,1,25
1,7,700,4.0,5636,32,5,1,5
5,7,800,5.0,3621,25,4,2,2
0,2,300,4.2,3034,6,5,3,25
1,5,700,4.5,2443,47,2,0,7
6,3,100,4.0,3530,16,0,0,19
0,4,1000,5.0,675,2,2,2,20
1,2,400,3.5,6282,24,5,2,9
5,2,1000,4.0,5496,29,3,1,12
0,0,200,4.2,8468,8,5,2,6
0,2,900,4.5,3590,22,5,0,16
3,5,400,4.0,7663,29,3,2,18
6,5,400,4.2,5432,28,3,3,1
4,6,600,4.2,248,45,2,1,19
6,6,100,3.5,2162,12,4,1,9
5,2,300,3.0,6691,29,0,2,13
6,5,1000,3.5,4352,18,4,1,23
1,2,1000,3.5,1816,23,1,1,21
5,1,200,4.2,6231,33,5,2,21
2,3,900,3.5,2126,31,5,3,22
6,1,400,4.5,9647,27,0,1,4
6,1,1000,4.7,2614,20,3,0,26
5,1,900,3.5,4853,12,4,0,20
0,3,600,5.0,9881,29,5,3,0
3,1,900,3.0,5130,4,2,1,12
1,7,200,4.5,6858,10,0,1,17
1,2,700,4.5,3644,10,5,3,13
2,3,700,3.0,9403,41,2,2,7
0,0,400,3.5,5496,48,0,0,18
6,6,900,4.2,8165,41,0,2,14
0,3,400,4.0,5418,28,0,1,7
2,0,700,4.0,3498,9,2,3,23
3,3,900,3.5,2351,46,2,3,4
5,7,200,4.7,3455,19,3,1,4
4,0,100,4.0,2468,20,1,2,9
3,6,900,3.0,3252,30,1,1,9
2,6,500,4.5,2596,38,5,0,15
2,3,1000,3.0,6597,20,1,1,26
5,5,400,5.0,6641,8,0,1,7
1,3,200,4.2,1873,45,3,0,13
4,2,700,3.5,6029,20,2,1,1
6,4,100,4.2,8146,34,1,1,14
1,1,200,3.0,1289,25,2,1,18
3,7,200,4.0,7171,32,5,1,1
2,0,900,3.5,1753,8,4,2,17
2,3,100,3.5,8613,32,1,0,23
3,2,900,5.0,3583,33,3,1,26
1,3,500,4.0,9464,43,4,0,1
0,2,700,4.2,4862,30,5,3,7
5,5,900,5.0,717,20,3,2,12
2,5,200,5.0,1215,0,5,2,4
3,0,100,4.0,5130,25,2,1,24
5,5,1000,4.5,276,49,2,0,25
1,5,500,4.7,3233,20,4,3,6
2,6,300,4.7,1094,22,2,1,9
2,3,200,4.0,9297,44,2,1,5
2,6,700,4.0,843,4,2,0,20
3,7,200,3.5,9724,47,1,3,22
1,2,1000,4.2,3795,40,0,2,6
6,2,1000,5.0,6797,29,3,3,18
3,0,300,4.7,767,40,0,0,23
5,3,500,3.5,3008,18,5,0,0
2,2,700,4.0,5690,44,4,3,6
2,1,300,5.0,4323,19,0,2,11
4,2,600,5.0,6018,9,5,0,13
2,7,100,3.0,2174,4,5,0,11
1,2,600,4.2,3938,14,1,0,10
2,6,500,4.2,2615,48,4,3,17
1,1,400,4.2,2245,24,4,0,6
3,3,400,4.7,120,9,2,0,16
2,3,100,3.5,8108,35,1,1,2
1,2,400,4.5,9617,41,4,0,10
4,5,500,4.2,7957,1,1,1,18
4,0,800,5.0,2985,18,0,0,21
1,0,1000,3.5,6576,24,1,0,13
2,1,200,3.0,1216,8,3,1,16
4,6,100,3.5,6240,14,2,2,10
4,7,700,5.0,2335,33,4,0,4
2,1,1000,5.0,7293,34,3,1,1
0,1,600,3.0,2558,6,1,2,10
4,5,100,3.0,9751,35,3,1,13
5,7,400,4.7,1633,13,0,0,18
0,2,1000,4.7,3151,9,5,0,9
4,3,700,4.0,2701,16,0,1,1
3,4,400,4.0,8526,47,3,2,15
1,7,800,3.5,9794,26,4,0,2
4,3,600,4.5,10000,45,3,0,20
4,6,400,5.0,5461,5,4,1,17
4,4,100,5.0,1309,40,1,2,16
2,2,900,5.0,3677,21,0,2,14
2,4,800,3.0,7312,9,4,3,12
6,4,900,5.0,7376,33,0,0,18
0,1,200,4.2,4914,17,0,2,20
0,4,900,3.0,5561,42,3,2,9
2,6,1000,4.7,1746,21,0,2,24
0,1,100,3.5,5481,25,0,3,0
4,3,1000,4.7,186,49,0,1,7
0,7,900,4.2,6518,31,2,1,0
3,0,500,3.5,7684,47,2,0,13
3,7,800,4.5,2013,14,5,3,21
0,3,200,4.7,9556,28,3,1,1
6,0,100,5.0,7060,30,0,2,13
0,7,300,4.2,8955,4,1,1,24
5,1,400,3.5,3647,14,1,2,10
2,7,500,4.5,3042,5,2,2,8
1,6,1000,4.2,9052,2,5,0,6
4,1,900,5.0,4864,25,4,1,4
0,5,500,4.7,1609,1,1,3,20
6,5,900,4.0,602,1,0,3,2
1,4,700,4.2,4840,48,0,2,19
5,3,100,4.5,7131,17,0,2,15
0,5,500,3.0,7827,20,0,2,9
2,3,300,4.2,6819,47,0,3,25
3,7,800,5.0,962,42,2,0,24
1,5,700,4.2,4845,14,0,3,19
2,3,800,3.0,8706,33,3,2,6
6,2,400,3.5,7986,26,2,3,9
3,7,400,5.0,2351,44,4,3,9
4,3,500,4.0,3440,4,3,3,20
1,3,500,3.0,2248,47,1,1,22
6,3,100,3.0,3170,34,0,2,9
6,0,500,4.2,7168,10,5,1,4
4,1,200,5.0,5554,39,1,2,18
5,4,500,5.0,8896,2,2,1,12
0,6,500,3.5,8152,34,0,0,3
1,2,700,4.0,2453,13,3,3,1
0,0,800,4.0,4186,36,1,3,10
3,7,900,3.0,4310,16,0,0,22
2,0,800,4.5,9128,41,0,1,6
5,7,300,5.0,2351,49,0,0,3
3,4,600,3.5,2946,0,2,1,25
2,5,400,4.2,7281,27,1,2,0
5,5,100,4.0,8399,7,0,2,14
4,1,300,4.5,8281,9,4,0,8
0,0,600,4.5,1771,5,5,0,13
3,4,700,4.2,2919,44,5,0,9
4,1,500,4.7,7308,32,5,1,6
0,4,400,3.5,6449,47,1,2,9
3,3,700,4.7,3448,0,5,0,18
0,2,800,4.7,4697,11,1,1,24
4,5,900,3.0,7433,45,2,3,6
0,7,600,4.0,762,17,5,3,0
4,1,700,4.2,7945,22,1,0,21
6,3,400,4.2,8572,13,4,0,26
3,3,600,3.5,6904,5,3,1,18
6,1,1000,5.0,8489,38,0,3,23
2,3,900,4.0,4731,37,2,1,4
0,5,800,3.5,6107,47,2,2,1
6,6,700,4.5,813,3,5,2,4
2,0,1000,4.2,513,12,5,1,3
5,0,1000,4.5,6559,26,3,3,1
1,0,800,3.0,1770,38,4,0,20
4,2,200,4.7,4851,46,1,0,18
0,5,800,4.0,5608,45,5,3,21
4,3,800,4.2,7476,35,2,2,14
0,4,800,3.5,9003,35,4,1,25
1,2,600,5.0,5668,38,5,1,17
1,3,800,5.0,9976,13,1,1,6
1,4,900,5.0,8364,3,1,2,21
3,3,900,4.5,1767,49,3,1,23
2,2,900,3.5,7761,40,2,2,25
6,4,600,5.0,767,22,1,0,20
2,1,800,4.0,7245,43,1,0,15
1,1,100,4.2,7764,37,5,0,9
2,0,1000,4.2,1994,26,5,0,12
3,7,800,4.7,8297,3,2,1,4
6,4,900,3.0,68,46,1,3,2
0,0,700,5.0,2261,13,2,3,0
2,2,900,3.5,2702,44,0,2,2
3,4,300,4.7,5697,2,3,0,18
0,2,700,4.2,85,29,0,0,25
6,7,700,4.2,7956,28,5,3,4
5,3,100,4.7,9844,39,3,1,11
0,7,200,4.2,8307,23,1,1,23
0,2,400,4.7,9049,48,2,2,18
6,7,900,3.0,2082,12,1,2,14
3,4,1000,4.7,6533,13,0,1,6
2,4,400,4.7,7147,8,4,0,14
6,1,900,4.0,656,38,1,2,17
4,1,700,4.5,424,47,1,2,2
3,3,1000,4.2,671,22,0,3,21
4,4,600,4.7,1431,48,5,1,7
5,1,1000,3.5,7065,22,0,1,14
1,3,100,3.5,5311,26,1,0,11
4,1,300,3.0,1886,16,4,0,21
6,6,800,4.5,8533,19,1,2,14
1,2,100,4.7,494,48,4,3,16
2,7,800,3.5,3158,20,5,3,12
2,0,700,4.5,704,9,5,1,6
2,0,900,4.2,6126,0,5,0,20
5,0,100,4.7,4280,25,5,0,9
4,1,300,4.5,1849,33,0,3,2
2,2,200,3.0,3447,24,1,2,17
1,6,900,4.7,2566,16,0,0,13
2,1,800,4.5,4142,16,5,2,7
2,0,1000,4.5,3038,1,2,0,3
4,7,700,4.2,550,34,1,2,4
1,4,300,5.0,3959,23,4,2,19
4,7,500,4.5,8115,5,4,1,1
3,7,200,4.2,6551,17,1,1,20
4,3,500,4.2,5115,41,4,3,2
3,3,900,4.7,363,27,2,1,22
2,3,100,4.2,7437,35,1,1,8
6,1,300,3.5,1935,17,5,2,11
4,0,600,5.0,9252,5,5,3,9
2,2,700,4.5,6141,8,1,1,8
0,5,400,4.2,6501,34,5,0,0
1,0,500,3.5,3279,17,0,1,17
1,4,600,4.2,2395,6,3,0,14
6,3,300,4.7,6075,11,5,2,9
6,0,600,3.0,6385,29,4,3,18
0,2,500,4.5,841,47,0,1,18
0,6,200,5.0,9280,6,0,3,6
1,5,400,4.7,7775,46,3,0,12
1,6,200,4.0,2252,38,4,0,18
1,5,900,4.2,5522,20,1,3,10
5,3,200,4.0,5884,3,1,1,22
5,3,300,4.5,279,14,2,0,21
5,7,800,4.2,5980,4,2,1,4
0,0,200,4.7,2290,39,4,2,2
5,6,800,4.0,4607,22,1,0,11
1,7,800,4.7,6163,33,2,2,20
0,4,400,4.5,4184,22,4,0,13
3,4,700,3.0,301,4,3,1,26
2,6,100,4.7,3399,24,2,1,4
6,1,700,4.7,6397,14,5,2,20
0,7,200,4.5,6553,6,3,3,25
6,1,100,3.0,9889,45,0,2,17
6,2,300,4.2,2785,0,0,3,8
3,1,800,5.0,7962,22,5,0,10
3,7,800,4.5,5685,34,5,2,13
1,1,200,4.7,5635,20,0,2,14
6,1,400,4.2,5800,40,3,1,6
5,3,300,4.7,5910,40,1,1,14
3,5,900,4.2,7866,3,2,0,12
1,0,100,4.7,6267,42,5,0,9
5,0,700,3.5,8879,47,3,3,7
0,5,800,3.5,5756,7,2,3,1
5,3,900,4.5,8702,49,1,0,14
1,4,900,5.0,439,19,2,3,24
5,7,700,3.5,3117,29,2,1,5
6,6,700,4.5,9462,35,5,1,6
3,4,1000,4.2,2340,28,1,2,8
2,1,400,3.5,3978,8,1,2,9
5,5,1000,3.0,2487,2,2,1,25
2,6,400,3.0,4605,38,1,2,9
6,4,300,4.7,2236,38,1,2,6
2,5,600,4.2,541,3,4,0,2
1,3,1000,4.7,5185,46,1,2,21
3,4,800,4.5,559,29,0,1,14
4,6,200,5.0,1505,21,2,3,21
6,3,900,3.5,380,30,0,3,8
3,1,200,4.7,2584,19,1,3,3
6,0,800,3.0,7268,41,0,3,9
5,5,200,3.0,3505,31,5,1,8
6,3,400,3.5,1380,47,5,2,13
4,2,1000,5.0,3089,49,4,0,15
3,7,400,4.0,3661,34,1,1,18
5,7,800,5.0,3812,5,4,2,0
3,7,600,4.0,7356,14,1,0,18
1,7,500,4.0,9960,10,5,3,13
3,1,100,3.5,505,3,3,1,4
0,4,700,4.5,9109,15,1,2,18
4,7,100,4.0,9292,38,4,1,17
3,7,700,4.2,2770,48,5,3,21
1,7,300,3.0,7769,15,2,1,1
0,3,400,4.2,7046,36,3,2,18
3,7,400,3.5,1571,19,2,0,21
4,4,800,4.2,844,39,5,1,1
6,5,500,3.5,1858,24,0,1,18
3,3,200,4.7,5368,18,1,2,12
5,2,200,4.2,5119,48,1,2,13
4,1,400,4.0,9823,31,5,3,16
6,7,500,4.0,4210,23,5,3,21
0,7,600,5.0,3055,11,2,0,20
5,4,700,4.2,724,29,3,0,4
6,4,800,3.0,8096,17,1,1,8
4,4,400,5.0,5500,29,1,2,13
2,0,100,5.0,6609,48,2,2,18
1,4,600,4.2,3220,43,2,0,4
6,1,500,4.5,8601,13,2,2,21
3,7,500,4.2,2336,0,3,1,7
5,3,500,4.7,9307,45,1,2,14
0,2,400,3.5,7831,16,4,3,4
4,3,100,5.0,6593,25,2,1,19
6,2,300,3.5,4706,4,3,2,6
2,0,500,3.0,1550,28,2,1,12
0,5,900,3.0,9857,31,2,3,6
5,4,200,4.7,5872,34,1,2,15
5,3,600,4.5,5555,18,1,3,17
4,5,500,3.5,780,41,3,1,17
4,0,500,4.5,7098,39,2,0,2
6,5,800,3.0,1804,44,0,2,14
6,4,300,3.5,9227,3,1,1,23
6,3,400,3.0,2011,0,5,1,1
2,5,1000,4.0,5596,9,4,0,24
1,4,1000,4.0,1169,1,0,3,4
1,4,200,3.0,3219,9,3,2,25
5,4,200,3.0,6038,42,4,3,4
1,1,700,4.7,5371,41,5,3,3
0,2,400,4.0,1445,18,4,1,20
2,3,700,4.5,6586,48,4,1,2
5,1,1000,4.2,344,24,3,1,1
0,6,700,4.2,6494,6,4,3,21
5,7,400,3.0,7480,15,5,2,17
6,3,200,5.0,6577,28,3,3,23
0,6,600,4.5,4661,42,2,3,3
2,7,400,3.0,425,7,0,3,24
5,4,500,4.0,5713,14,3,2,24
1,3,400,4.0,7482,8,3,0,20
0,7,1000,4.2,8295,46,2,0,14
0,0,600,5.0,4070,45,3,3,8
5,7,600,4.0,3035,26,5,3,21
1,3,800,4.5,3320,29,0,0,21
3,7,200,3.5,4032,33,5,0,25
4,2,700,4.5,9128,17,5,2,11
2,3,100,4.7,6635,8,2,0,13
1,1,300,3.0,5356,35,0,2,13
0,5,900,4.2,3446,29,3,3,13
1,5,900,4.2,1570,41,3,2,16
4,5,100,5.0,2665,24,2,1,25
2,6,500,4.0,9748,17,0,0,15
1,1,300,4.0,2641,32,4,3,2
2,0,800,4.5,5117,11,2,2,5
6,7,900,3.0,5950,18,4,0,20
1,7,700,4.5,3989,31,4,3,1
5,2,600,3.5,9990,24,1,0,24
4,1,1000,4.0,7899,39,5,0,19
1,0,1000,5.0,3204,2,1,1,4
5,2,800,4.0,8698,45,5,1,21
2,2,800,4.0,8478,27,5,3,21
2,5,700,3.0,1875,21,0,2,10
6,4,300,5.0,8818,11,4,1,9
6,2,700,4.0,3885,25,0,2,0
0,6,700,4.2,6842,18,5,3,25
5,3,500,4.2,2750,32,5,0,18
6,2,500,3.5,3635,1,4,3,22
5,3,100,4.5,9748,37,0,0,2
2,4,100,5.0,1330,38,1,0,10
0,4,100,3.5,3898,26,0,2,22
4,7,900,4.0,5212,21,5,3,9
0,5,1000,3.5,9832,3,3,1,2
4,1,700,5.0,3007,1,4,2,14
5,5,1000,4.0,1264,28,3,1,12
4,4,900,3.0,775,29,5,0,17
6,2,800,3.0,7296,19,2,1,20
0,2,600,4.5,4703,35,5,0,18
6,1,900,4.0,6212,33,4,1,5
0,5,500,5.0,1920,15,1,0,15
5,0,600,3.5,3784,24,3,0,2
4,2,900,3.0,6287,18,2,0,12
1,6,200,4.5,4685,25,2,1,19
1,3,900,4.2,8643,9,3,0,20
4,3,300,4.5,4610,38,4,3,7
6,0,900,4.2,4583,3,0,1,20
1,2,300,3.0,6863,19,4,1,3
3,2,500,4.5,8547,26,4,0,6
6,6,500,4.5,746,45,5,0,14
0,6,500,4.7,2312,49,5,2,21
1,2,1000,5.0,1356,3,2,1,13
0,2,100,3.5,8679,9,5,0,13
5,3,700,3.0,9111,34,3,3,9
5,1,500,4.5,3970,9,4,0,4
4,5,200,4.5,7774,18,4,2,8
6,5,100,3.5,5224,32,2,0,6
1,2,300,4.0,3417,33,0,2,20
1,2,400,4.2,2073,49,1,1,2
6,0,900,4.5,8172,41,3,1,17
3,6,500,4.5,4220,0,1,0,22
5,7,300,3.0,5836,20,0,2,0
0,5,900,4.5,4387,48,3,2,14
6,3,400,3.5,2097,48,1,3,8
2,4,600,3.5,5881,16,5,2,6
4,2,600,5.0,731,18,0,3,4
3,7,200,3.0,1375,36,5,0,3
5,4,700,4.7,4092,22,3,0,21
2,4,200,4.0,7539,36,0,2,16
3,1,700,3.5,3914,22,2,2,10
5,3,300,3.5,7750,8,0,0,4
2,7,600,3.0,2190,14,4,1,3
1,0,800,4.2,5726,25,2,3,13
2,2,700,4.0,1403,43,1,3,19
5,4,600,3.5,9395,34,2,2,18
6,3,100,4.0,6318,42,2,1,8
0,4,700,4.5,4020,39,1,0,14
3,0,700,5.0,661,13,3,3,13
3,1,600,4.2,8229,31,2,3,7
5,3,700,5.0,3244,28,3,0,19
4,1,800,5.0,5421,29,5,1,13
3,7,300,4.7,1289,12,0,3,17
3,5,900,4.2,1333,29,2,1,3
4,0,300,3.0,659,7,5,2,0
1,1,700,4.2,8121,42,5,2,4
1,1,1000,5.0,5864,37,2,1,1
0,3,100,3.0,2587,29,3,1,19
0,2,1000,4.0,9226,14,2,2,19
6,0,900,4.0,1841,26,0,1,12
6,6,300,4.5,3072,33,3,1,6
5,1,1000,4.5,4981,27,4,3,6
3,4,700,4.7,1209,15,5,3,24
0,1,200,4.0,5074,31,1,0,13
6,2,900,5.0,3056,38,5,1,9
2,0,500,3.5,9059,43,1,0,2
6,5,400,4.7,1694,27,5,3,13
6,4,800,4.2,6621,6,5,1,20
3,3,300,3.0,1547,27,2,2,20
4,7,300,4.5,5797,32,0,0,1
2,6,100,3.5,9216,23,2,3,13
4,7,700,4.7,9308,49,3,1,6
0,5,800,3.0,9357,31,3,3,2
3,5,500,3.5,4569,38,3,0,11
2,4,600,4.7,2233,40,3,1,6
1,1,1000,4.7,8857,16,4,0,13
5,0,100,3.5,9893,33,5,2,12
2,1,100,4.5,747,47,5,3,19
5,6,100,3.0,692,25,0,3,12
3,4,800,4.5,5443,20,0,1,1
4,5,700,4.0,5701,8,4,2,7
1,5,600,5.0,3101,2,1,0,1
6,0,900,3.5,8281,7,4,3,2
1,7,1000,5.0,2264,38,5,0,25
3,4,600,3.0,4308,31,3,3,17
3,3,300,5.0,2218,28,0,3,4
1,7,200,3.0,8110,48,2,3,23
3,3,100,3.0,8758,16,0,1,20
5,2,400,3.5,2635,4,5,2,1
4,3,800,4.2,957,6,2,0,20
4,2,900,4.0,6506,6,5,3,15
2,3,100,4.2,9253,2,1,0,6
0,0,200,4.5,5415,45,4,2,15
0,3,400,4.0,2721,9,2,0,6
3,2,800,4.5,6702,38,2,3,12
5,2,500,4.5,3509,0,0,0,2
2,6,300,5.0,6084,7,2,1,15
4,0,100,4.7,7307,31,0,1,18
5,2,1000,4.7,5260,21,1,0,19
4,6,500,3.0,783,13,3,0,10
1,7,1000,4.0,6949,27,2,0,2
0,4,1000,5.0,947,31,3,3,3
1,5,700,3.0,3770,8,0,0,11
4,3,600,4.5,2846,42,1,2,1
1,0,900,3.5,2560,32,5,3,4
1,6,200,4.0,2671,12,0,1,19
2,1,200,3.0,1081,28,0,0,0
1,4,400,4.7,5701,0,2,2,23
2,3,400,3.0,2026,44,2,3,2
6,1,500,3.0,1264,17,0,0,2
0,5,700,4.0,4509,23,0,2,24
2,6,900,3.0,304,47,3,0,4
5,3,800,4.2,9040,18,1,1,2
5,0,300,4.2,2742,49,0,2,14
6,6,200,3.5,9189,28,3,1,19
4,2,400,3.0,2697,38,3,3,3
0,5,400,3.0,335,33,5,2,4
5,3,900,4.0,9016,47,0,0,17
2,0,1000,3.0,2916,33,5,2,17
0,7,1000,3.0,4810,41,4,1,20
3,2,900,5.0,9109,47,1,1,9
0,4,600,5.0,8524,39,5,2,20
0,5,900,4.0,5181,31,3,2,4
0,7,400,4.2,8010,11,0,3,0
4,3,500,4.5,2645,14,1,1,5
0,4,900,4.0,9267,30,4,3,5
0,0,200,4.7,5917,40,2,2,11
6,2,300,5.0,8231,43,3,3,15
4,3,500,3.0,3432,11,1,2,26
6,3,900,5.0,8485,16,4,3,15
0,0,100,3.0,9696,30,3,0,26
3,6,700,4.0,9579,32,1,3,5
3,7,100,4.5,9005,46,0,2,5
0,3,700,4.0,8622,37,0,3,13
0,7,200,5.0,8538,26,0,0,11
0,5,800,4.7,5719,49,4,2,10
6,1,700,3.0,676,34,1,1,2
5,4,800,3.5,9301,27,5,2,21
2,5,600,5.0,1159,40,2,0,6
3,3,800,4.7,4541,38,0,0,6
3,5,1000,3.0,2838,30,0,0,0
2,3,700,4.7,2011,15,0,0,10
6,4,500,5.0,197,13,0,2,18
1,3,300,4.7,2981,49,3,2,9
5,1,900,3.5,8401,15,0,2,22
1,7,100,3.0,544,44,1,1,2
4,3,400,4.0,5782,8,1,2,19
4,7,1000,4.7,8542,36,5,2,21
0,4,400,4.7,6658,15,3,0,9
1,4,500,4.2,4390,47,1,0,17
5,0,800,4.7,497,32,4,3,15
4,0,1000,4.7,5997,19,3,1,8
4,3,900,3.5,2949,48,2,2,21
1,6,100,4.0,3742,0,0,2,9
0,7,400,4.5,9489,17,0,2,4
4,5,1000,5.0,4836,19,1,3,22
0,6,600,3.5,1383,17,1,2,23
1,4,900,3.5,6479,14,1,2,0
4,4,800,5.0,7692,49,0,3,13
6,5,600,4.5,9221,35,3,1,15
1,3,1000,4.7,7446,15,1,1,2
4,6,700,4.5,8312,25,2,0,13
3,5,400,5.0,7488,23,1,3,9
3,0,800,4.0,68,23,1,2,10
5,1,400,3.0,5504,39,1,1,13
5,1,300,4.7,200,42,4,1,9
6,6,400,3.5,8566,19,2,0,10
0,0,600,4.0,8261,20,0,0,21
1,3,200,4.2,7219,24,2,3,12
0,4,100,4.2,5017,42,2,2,3
4,0,400,4.5,8618,19,2,0,2
4,2,500,4.2,6888,15,5,3,21
5,1,900,4.2,2560,23,2,2,17
6,5,500,4.0,6674,42,4,1,15
2,7,600,4.0,2346,7,0,1,0
1,0,100,4.7,8766,36,1,1,12
3,3,300,3.0,8456,32,2,2,0
5,5,200,3.5,229,41,2,0,4
4,4,800,4.0,3549,7,1,2,1
1,2,900,4.5,5674,48,4,2,9
5,3,300,3.5,7251,4,4,2,14
3,4,800,4.5,6843,37,0,0,12
1,2,800,4.5,3064,21,2,1,9
0,2,300,3.0,7027,12,2,0,21
4,6,500,3.0,6212,10,4,0,0
1,0,1000,5.0,7144,33,3,1,12
2,6,400,4.2,3752,11,0,0,4
4,6,700,4.5,3601,34,3,3,22
2,7,1000,3.5,1754,3,3,2,14
5,2,800,3.0,3973,44,0,1,25
1,2,1000,3.5,4464,7,1,2,13
4,1,700,5.0,7176,29,5,1,3
0,0,100,4.5,8766,49,0,0,6
2,7,700,4.2,9831,21,4,2,2
3,1,700,4.7,3294,48,0,3,24
1,0,700,3.0,2108,43,3,3,9
5,7,100,3.0,1739,28,4,3,5
1,5,700,3.0,5050,44,2,0,9
2,3,400,3.0,1105,5,3,1,21
4,3,500,4.7,8025,15,5,3,6
5,2,1000,5.0,3872,46,2,1,20
2,3,500,5.0,7069,3,0,3,5
1,2,300,4.2,5354,37,2,3,25
0,1,1000,4.5,1089,45,4,0,21
1,6,500,4.5,1982,7,5,3,13
6,5,200,3.5,4836,7,4,0,18
2,4,300,4.7,7554,16,1,0,4
6,7,100,4.2,2993,48,4,2,2
4,6,600,4.0,8401,19,5,2,1
5,4,600,4.7,1972,38,1,2,13
6,7,100,4.5,6947,5,2,3,5
0,3,300,4.0,2432,3,2,2,18
4,4,600,4.5,6032,26,3,0,13
4,3,900,4.0,750,29,3,3,18
5,6,900,5.0,963,18,2,0,10
2,2,800,4.5,3821,41,0,2,18
2,6,700,3.5,9892,24,3,1,9
6,1,700,4.2,611,44,2,0,18
6,2,100,3.0,7320,0,0,1,3
1,5,500,5.0,2565,11,0,2,6
4,1,700,4.7,8106,34,5,3,24
5,3,400,4.5,9790,45,4,0,4
4,4,400,4.2,8950,49,2,3,0
6,2,500,4.7,9689,46,4,1,26
4,0,100,4.0,2069,19,0,0,12
2,4,800,4.2,7961,15,2,3,9
3,5,800,4.2,8017,35,0,3,4
2,5,600,3.0,4034,18,0,3,8
6,5,400,4.2,906,5,0,3,13
2,1,200,3.0,3365,46,1,3,18
0,2,500,4.7,2001,30,5,1,6
2,0,800,5.0,7052,48,2,1,5
5,6,800,4.7,9839,1,2,2,16
2,7,500,3.5,7750,1,2,3,6
1,1,300,3.0,2988,3,4,2,11
5,7,600,4.5,1346,45,2,0,6
1,5,1000,4.5,5050,35,5,2,17
6,7,600,4.5,7021,18,5,3,21
2,1,900,3.0,365,26,1,0,21
2,6,500,5.0,8999,0,2,1,9
2,2,200,4.0,715,23,0,1,20
5,3,600,3.0,7310,12,2,1,22
4,4,700,4.7,3534,45,5,2,17
0,3,600,5.0,1026,23,1,0,17
0,7,500,4.2,2367,43,5,0,0
4,0,200,3.5,3510,1,3,1,0
1,2,300,3.0,1346,13,1,2,13
5,5,200,4.7,7100,35,5,1,6
1,7,300,5.0,9749,21,5,0,26
3,1,800,4.2,4542,4,5,2,9
0,1,300,3.5,6917,38,4,1,3
1,0,400,4.7,7456,46,1,3,18
5,0,800,4.0,2395,47,0,1,9
3,4,600,4.5,5261,29,1,0,1
0,1,800,4.5,6678,30,1,1,1
4,2,600,4.2,4211,32,4,3,20
5,3,400,4.0,9898,25,5,1,1
5,7,300,4.5,3476,20,2,0,14
5,6,700,4.0,1138,12,3,3,14
6,0,500,5.0,7442,1,0,2,21
1,1,800,3.0,5133,11,2,3,0
3,2,500,4.7,4806,2,1,1,10
5,1,1000,3.0,6636,17,2,3,16
5,3,900,3.5,8831,37,4,3,1
6,4,900,4.2,9246,33,2,2,23
1,0,1000,3.0,8974,12,0,3,15
5,0,1000,3.0,3417,7,5,3,0
1,6,300,4.0,3303,1,4,0,13
2,2,100,4.7,8742,6,3,0,2
6,2,900,4.5,4645,27,0,1,17
3,3,500,4.2,3218,22,3,3,10
2,3,400,4.5,7739,5,4,1,6
